INFO:     Started server process [7]
INFO:     Waiting for application startup.
{"backend_ms":59.943,"genid":"5eb4e43d9456b96a68ee44ffb7a58fe9137ed16bf40a670cf513c34564e44249","normalize_ms":0.168,"outcome":"success","request_id":null,"responsebytes":580,"resultcount":1}
{"backend_ms":1109.888,"genid":"5eb4e43d9456b96a68ee44ffb7a58fe9137ed16bf40a670cf513c34564e44249","normalize_ms":7.725,"outcome":"success","request_id":null,"responsebytes":427,"resultcount":1}
INFO:     Application startup complete.
INFO:     Uvicorn running on http://0.0.0.0:8000 (Press CTRL+C to quit)
request_id=7ac137c9c5b1498c93729bc5758722dd route=/healthz status=200 duration_ms=20.0
request_id=eb0fab6f9e7145a5a307fff57f0911b8 route=/readyz status=200 duration_ms=172.4
request_id=1d25080e62b34ab9b90952dcc147d516 route=/readyz status=200 duration_ms=41.4
request_id=7ef01cd4d54543d68381550cc837b452 route=/readyz status=200 duration_ms=43.2
request_id=e1cd7da90c874f94a9177077dd128fd4 route=/readyz status=200 duration_ms=43.7
request_id=c613c0ef2dbb48d18dca1effd80bff12 route=/readyz status=200 duration_ms=51.0
request_id=ffa92456e44e4489ba5a0fb995adfe8e route=/readyz status=200 duration_ms=40.0
request_id=a0ad5a526ad44313a583764c319fe6c9 route=/readyz status=200 duration_ms=43.4
request_id=c9b1e3118200443f90a90faeae0189b9 route=/readyz status=200 duration_ms=48.3
request_id=e7d51f6141974dd5bddba30aa16c1de4 route=/readyz status=200 duration_ms=41.7
request_id=8e676466065e420bb12c548cb4a513ef route=/readyz status=200 duration_ms=41.4
request_id=4484333c895b460d97e2aea851b130ce route=/readyz status=200 duration_ms=48.9
request_id=468a028e7cf446c09ce96f4deeed446c route=/readyz status=200 duration_ms=51.4
request_id=fe5f406587384e25a64662796bcb9a31 route=/readyz status=200 duration_ms=47.6
request_id=51abf6901910440e82730dc282f92fef route=/readyz status=200 duration_ms=48.6
request_id=388e5c01c06a4e3fbf7ad7556fab1400 route=/readyz status=200 duration_ms=49.6
request_id=f38ad1c907ca45df8be15f8759f32c24 route=/readyz status=200 duration_ms=41.4
request_id=b6d0b4cd75534e23adc2d460e88a3d9e route=/readyz status=200 duration_ms=48.3
request_id=1d932f7e249d4addb28ce5178ffc643c route=/readyz status=200 duration_ms=44.1
request_id=4a68387f6e754dc2ab001e8d8bd39e54 route=/readyz status=200 duration_ms=36.9
request_id=e5fb8e3900b34d5bb21021d383d373d9 route=/readyz status=200 duration_ms=43.1
request_id=1348c5af54174bfa8b16eb21aabd5110 route=/readyz status=200 duration_ms=36.1
request_id=f940fbf499dd45efa7fcc8acb379d000 route=/readyz status=200 duration_ms=39.4
request_id=d2ab3df3f2bf4bdbb5f8271221e25c5d route=/readyz status=200 duration_ms=40.0
request_id=a98480db08a1457bb511b4305c66c6c0 route=/readyz status=200 duration_ms=48.0
request_id=0d6bae4dc9ca4956acedf5b333602977 route=/readyz status=200 duration_ms=44.9
request_id=4ca90e02749f4bbfa731e6f47d17f75f route=/readyz status=200 duration_ms=42.8
request_id=8c10dd4b8fa5479cb02eaa20d5ff6b3e route=/readyz status=200 duration_ms=42.8
request_id=4ce8364648864855a3971815c3c9e058 route=/readyz status=200 duration_ms=50.5
request_id=195f12f5993646188d161d710d789dbf route=/readyz status=200 duration_ms=39.4
request_id=a89be49b575f4db7ba9125efd7c2258c route=/readyz status=200 duration_ms=40.8
request_id=a36aa6ec2f67415aa73901208fa01fb8 route=/readyz status=200 duration_ms=48.9
request_id=2c7ff14d3b7f4c98ab57a4743d112095 route=/readyz status=200 duration_ms=43.0
request_id=fe8298ef3c3b4025ba3bc4065b4b8ddb route=/readyz status=200 duration_ms=40.1
request_id=51c74316a8734a12b202731ea648a4e5 route=/readyz status=200 duration_ms=46.1
request_id=6ab98a441de940d2accf282d3e5a57b7 route=/readyz status=200 duration_ms=38.9
request_id=2be437dbf9944a2a987e9d382efec067 route=/readyz status=200 duration_ms=51.5
request_id=a4b420d9a1ff49fabbcff59f939efd65 route=/readyz status=200 duration_ms=40.1
request_id=f0dfdd278abb4ed68c3fdb683efbfd67 route=/readyz status=200 duration_ms=41.6
request_id=66f4787b052848c5be28aaf8f2716ea8 route=/readyz status=200 duration_ms=45.4
request_id=8e504365b7914a39881398b6209bfd64 route=/readyz status=200 duration_ms=42.0
request_id=2a28f41ae8994a2b8ff68ac08ccc4025 route=/readyz status=200 duration_ms=40.9
request_id=60845ca402fb4955aec0e6c7d1853071 route=/readyz status=200 duration_ms=38.6
request_id=99fe14f6508a4e928e30d040be2c86b7 route=/readyz status=200 duration_ms=38.8
request_id=14fe1278a0a14452b2877137c767f8d6 route=/readyz status=200 duration_ms=43.2
request_id=60bf097679cf45aa82fdda36e388eca4 route=/readyz status=200 duration_ms=39.7
request_id=57d9bbe410974949a3349b5a6fe80932 route=/readyz status=200 duration_ms=42.0
request_id=3397a720a1ce4e03a2ab7ea657f380ad route=/readyz status=200 duration_ms=39.8
request_id=814605bcfff14b4086560205d8af821e route=/readyz status=200 duration_ms=42.6
request_id=4d87a512a9454f5f97ac9df4b0ab376b route=/readyz status=200 duration_ms=38.9
request_id=8006ceccf0f349f792cd19d3cc3cc6d0 route=/readyz status=200 duration_ms=44.5
request_id=15d5af4fd2c6479b9cc8f226d839eaa0 route=/readyz status=200 duration_ms=39.2
request_id=aabdbea5c9ed4a18bf2b7ca8a190405b route=/v1/journeys status=200 duration_ms=24.4
request_id=b584b6499c0549b0a6a64e5e32407fe9 route=/v1/journeys status=200 duration_ms=331.6
request_id=524357e8e2ea4f5aa35ddd14dfc8cc65 route=/v1/journeys status=200 duration_ms=101.7
request_id=1eb8c3dded48481cb22dc8b3393a979a route=/v1/journeys status=200 duration_ms=436.2
request_id=9be5407e00774a32ae52a4a3e742675e route=/v1/journeys status=200 duration_ms=61.6
request_id=8687662b941b4501a6fd9b565be69fa6 route=/v1/journeys status=200 duration_ms=48.5
request_id=b276443278494afca1571f884607b22d route=/v1/journeys status=200 duration_ms=34.4
request_id=dc4ec23e439f417986c89c636187003f route=/v1/journeys status=200 duration_ms=58.3
request_id=c63b54eea6694e18a33b4fed67e26f6d route=/v1/journeys status=200 duration_ms=83.8
request_id=acb7d21ed5e2491985814144d3726d6d route=/v1/status status=200 duration_ms=48.6
request_id=d6eb4c64b13e465aa3c85c22dd3d0002 route=/v1/journeys status=200 duration_ms=29.2
request_id=72db0c99972e4506a980ea6ee097f5e0 route=/v1/journeys status=200 duration_ms=163.5
request_id=4fd4030465d3499995cd4e40f2fae135 route=/v1/journeys status=200 duration_ms=148.1
request_id=08b2ba79d9ae4f5bbc01de32536b2fd0 route=/v1/journeys status=200 duration_ms=25.8
request_id=89b6e0ed1227452bbf19b53fcb6cb7c4 route=/v1/journeys status=200 duration_ms=134.9
request_id=8379b72c611f48f6855f39591fa19588 route=/v1/journeys status=200 duration_ms=135.3
request_id=47eb30563cf7417ca6fa2278687abaf1 route=/v1/journeys status=200 duration_ms=160.6
request_id=93aab26d213e409e9a1b4631fd68757a route=/v1/journeys status=200 duration_ms=56.2
request_id=87ef8765bdad4be698d8e770141b3393 route=/v1/journeys status=200 duration_ms=26.3
request_id=692febb28d964ffebf944d20b6db2b26 route=/v1/journeys status=200 duration_ms=103.9
request_id=e23cad7800404551918acabf2c3bc041 route=/v1/journeys status=200 duration_ms=70.8
request_id=d1b622cf64c34a35961f7e2301941bd9 route=/v1/journeys status=200 duration_ms=30.3
request_id=567eabc17c6d44f0ae2e034a5e3c697c route=/v1/journeys status=200 duration_ms=242.2
request_id=adcac816b69242bba8e17305e155209d route=/v1/journeys status=200 duration_ms=197.0
request_id=9f2c0237dfe54460995c791c0c964b34 route=/v1/journeys status=200 duration_ms=84.9
request_id=3df6b43772e94c189d747cc99e61ce30 route=/v1/journeys status=200 duration_ms=88.5
request_id=95c7e81b1fe3402eb23222e90a29dc01 route=/v1/journeys status=200 duration_ms=156.5
request_id=03d65264a60b44cc970579b0714f736a route=/v1/journeys status=200 duration_ms=169.9
request_id=4dd1230aed614951affdcf07980e2785 route=/v1/journeys status=200 duration_ms=72.4
request_id=22a9a11dc9a84befaac3b1197710f7fb route=/v1/journeys status=200 duration_ms=218.5
request_id=467c74c5229d446db17a13a042744948 route=/v1/journeys status=200 duration_ms=25.8
request_id=6aff029458134c7f88d781a8e44badde route=/v1/journeys status=200 duration_ms=26.1
request_id=070c86e1c25649a8802bd7d6e54a5d2e route=/v1/journeys status=200 duration_ms=5.6
request_id=548c05689a804b0da08590d5e2831fd5 route=/v1/journeys status=200 duration_ms=16.5
request_id=45cdbdb8b2e7477fa987abcbaef5d6ce route=/v1/journeys status=200 duration_ms=51.2
request_id=a7b25932bc7d46ffb0d3802f1ee51a2b route=/v1/journeys status=200 duration_ms=87.8
request_id=185d068a13d44108bc25f989a8ad49fe route=/v1/journeys status=200 duration_ms=32.9
request_id=517869149b44452880d067f661069bd1 route=/v1/journeys status=200 duration_ms=127.3
request_id=12fd9c515c2f43249ded1f0a700481f3 route=/v1/journeys status=200 duration_ms=26.7
request_id=9c8ffe45f42c42adb14b3b52a9d9b9ae route=/v1/journeys status=200 duration_ms=33.9
request_id=c493fe1903e9416fb2ec0e9a043f1dce route=/v1/journeys status=200 duration_ms=30.5
request_id=585f23e7c59143caa589dbf8a0c9116a route=/v1/journeys status=200 duration_ms=19.3
request_id=e0a76f3ee5034d188111d6156fcf5212 route=/v1/journeys status=200 duration_ms=45.8
request_id=c6ad6899dd0145dd92b03845f81533ba route=/v1/journeys status=200 duration_ms=38.0
{"genid":"5eb4e43d9456b96a68ee44ffb7a58fe9137ed16bf40a670cf513c34564e44249","outcome":"success","request_id":"d8330c0963bd461f8f082d123524807c","resultcount":4,"search_ms":8.061}
request_id=d8330c0963bd461f8f082d123524807c route=/v1/places status=200 duration_ms=16.7
{"backend_ms":110.164,"genid":"5eb4e43d9456b96a68ee44ffb7a58fe9137ed16bf40a670cf513c34564e44249","normalize_ms":4.287,"outcome":"success","request_id":"69e58fb2cebd443ca6e83c22b6ecafa1","responsebytes":3138,"resultcount":7}
request_id=69e58fb2cebd443ca6e83c22b6ecafa1 route=/v1/places status=200 duration_ms=115.3
{"backend_ms":28.145,"genid":"5eb4e43d9456b96a68ee44ffb7a58fe9137ed16bf40a670cf513c34564e44249","normalize_ms":0.309,"outcome":"success","request_id":"03d2f3a0cf53410f95b5de44a6c9c03e","responsebytes":5392,"resultcount":10}
request_id=03d2f3a0cf53410f95b5de44a6c9c03e route=/v1/places status=200 duration_ms=29.4
{"genid":"5eb4e43d9456b96a68ee44ffb7a58fe9137ed16bf40a670cf513c34564e44249","outcome":"success","request_id":"45f1181cfa844278a254617dca8550fa","resultcount":10,"search_ms":6.009}
{"backend_ms":14.493,"genid":"5eb4e43d9456b96a68ee44ffb7a58fe9137ed16bf40a670cf513c34564e44249","normalize_ms":0.393,"outcome":"success","request_id":"45f1181cfa844278a254617dca8550fa","responsebytes":6513,"resultcount":10}
{"backend_ms":65.128,"genid":"5eb4e43d9456b96a68ee44ffb7a58fe9137ed16bf40a670cf513c34564e44249","normalize_ms":9.891,"outcome":"success","request_id":"45f1181cfa844278a254617dca8550fa","responsebytes":4542,"resultcount":10}
request_id=45f1181cfa844278a254617dca8550fa route=/v1/places status=200 duration_ms=76.2
{"backend_ms":10.382,"genid":"5eb4e43d9456b96a68ee44ffb7a58fe9137ed16bf40a670cf513c34564e44249","normalize_ms":0.31,"outcome":"success","request_id":"f4bd81e0d2174506a0c00d3ea04d18ba","responsebytes":5991,"resultcount":10}
{"genid":"5eb4e43d9456b96a68ee44ffb7a58fe9137ed16bf40a670cf513c34564e44249","outcome":"success","request_id":"f4bd81e0d2174506a0c00d3ea04d18ba","resultcount":10,"search_ms":17.545}
{"backend_ms":24.038,"genid":"5eb4e43d9456b96a68ee44ffb7a58fe9137ed16bf40a670cf513c34564e44249","normalize_ms":1.155,"outcome":"success","request_id":"f4bd81e0d2174506a0c00d3ea04d18ba","responsebytes":352,"resultcount":1}
request_id=f4bd81e0d2174506a0c00d3ea04d18ba route=/v1/places status=200 duration_ms=26.3
{"genid":"5eb4e43d9456b96a68ee44ffb7a58fe9137ed16bf40a670cf513c34564e44249","outcome":"success","request_id":"2920658d5c9d466a9ddcf6bafddac159","resultcount":3,"search_ms":3.083}
request_id=2920658d5c9d466a9ddcf6bafddac159 route=/v1/places status=200 duration_ms=4.1
{"backend_ms":46.108,"genid":"5eb4e43d9456b96a68ee44ffb7a58fe9137ed16bf40a670cf513c34564e44249","normalize_ms":0.021,"outcome":"validempty","request_id":"2deea1acf7e54e6792bb996084f47d33","responsebytes":42,"resultcount":0}
request_id=2deea1acf7e54e6792bb996084f47d33 route=/v1/places status=200 duration_ms=46.9
{"genid":"5eb4e43d9456b96a68ee44ffb7a58fe9137ed16bf40a670cf513c34564e44249","outcome":"validempty","request_id":"f6ee667cefe34c3399722d74527d7caa","resultcount":0,"search_ms":9.873}
{"backend_ms":14.85,"genid":"5eb4e43d9456b96a68ee44ffb7a58fe9137ed16bf40a670cf513c34564e44249","normalize_ms":0.333,"outcome":"success","request_id":"f6ee667cefe34c3399722d74527d7caa","responsebytes":5691,"resultcount":10}
{"backend_ms":26.568,"genid":"5eb4e43d9456b96a68ee44ffb7a58fe9137ed16bf40a670cf513c34564e44249","normalize_ms":0.021,"outcome":"validempty","request_id":"f6ee667cefe34c3399722d74527d7caa","responsebytes":42,"resultcount":0}
request_id=f6ee667cefe34c3399722d74527d7caa route=/v1/places status=200 duration_ms=27.6
{"genid":"5eb4e43d9456b96a68ee44ffb7a58fe9137ed16bf40a670cf513c34564e44249","outcome":"success","request_id":"9730e9993f2b47adbe935eff724e9335","resultcount":10,"search_ms":10.873}
request_id=9730e9993f2b47adbe935eff724e9335 route=/v1/places status=200 duration_ms=12.0
{"genid":"5eb4e43d9456b96a68ee44ffb7a58fe9137ed16bf40a670cf513c34564e44249","outcome":"success","request_id":"4296c9c3a4eb4771a600b13a61d7664f","resultcount":10,"search_ms":30.723}
request_id=4296c9c3a4eb4771a600b13a61d7664f route=/v1/places status=200 duration_ms=32.2
{"genid":"5eb4e43d9456b96a68ee44ffb7a58fe9137ed16bf40a670cf513c34564e44249","outcome":"success","request_id":"1ed4f98c0d914358ba05884644965804","resultcount":3,"search_ms":5.838}
request_id=1ed4f98c0d914358ba05884644965804 route=/v1/places status=200 duration_ms=6.8
{"genid":"5eb4e43d9456b96a68ee44ffb7a58fe9137ed16bf40a670cf513c34564e44249","outcome":"success","request_id":"e6fdc27beeb648d7b57f2adee7dc5668","resultcount":3,"search_ms":2.029}
request_id=e6fdc27beeb648d7b57f2adee7dc5668 route=/v1/places status=200 duration_ms=2.8
{"genid":"5eb4e43d9456b96a68ee44ffb7a58fe9137ed16bf40a670cf513c34564e44249","outcome":"success","request_id":"f843aac040b247beb6aac1981bbfba2d","resultcount":10,"search_ms":1.521}
request_id=f843aac040b247beb6aac1981bbfba2d route=/v1/places status=200 duration_ms=2.4
{"genid":"5eb4e43d9456b96a68ee44ffb7a58fe9137ed16bf40a670cf513c34564e44249","outcome":"success","request_id":"a8497e0b6291412f9265f6d3fe37f5e9","resultcount":1,"search_ms":2.792}
request_id=a8497e0b6291412f9265f6d3fe37f5e9 route=/v1/places status=200 duration_ms=3.4
{"genid":"5eb4e43d9456b96a68ee44ffb7a58fe9137ed16bf40a670cf513c34564e44249","outcome":"success","request_id":"6920cee68c244292af60c68891937be9","resultcount":5,"search_ms":4.569}
request_id=6920cee68c244292af60c68891937be9 route=/v1/places status=200 duration_ms=5.3
{"genid":"5eb4e43d9456b96a68ee44ffb7a58fe9137ed16bf40a670cf513c34564e44249","outcome":"success","request_id":"f4eb59dfbeee4f9384bb7eb13ca8afac","resultcount":5,"search_ms":3.717}
request_id=f4eb59dfbeee4f9384bb7eb13ca8afac route=/v1/places status=200 duration_ms=4.5
{"genid":"5eb4e43d9456b96a68ee44ffb7a58fe9137ed16bf40a670cf513c34564e44249","outcome":"success","request_id":"7ce3c6424f504469bad63955c4454215","resultcount":3,"search_ms":7.792}
request_id=7ce3c6424f504469bad63955c4454215 route=/v1/places status=200 duration_ms=8.6
{"genid":"5eb4e43d9456b96a68ee44ffb7a58fe9137ed16bf40a670cf513c34564e44249","outcome":"success","request_id":"afef8676cff84e4aa382dc50e5d47836","resultcount":4,"search_ms":5.916}
request_id=afef8676cff84e4aa382dc50e5d47836 route=/v1/places status=200 duration_ms=7.0
{"genid":"5eb4e43d9456b96a68ee44ffb7a58fe9137ed16bf40a670cf513c34564e44249","outcome":"success","request_id":"171fe1a30c7c42768dca1a6ad3124b2e","resultcount":9,"search_ms":9.312}
request_id=171fe1a30c7c42768dca1a6ad3124b2e route=/v1/places status=200 duration_ms=10.5
{"genid":"5eb4e43d9456b96a68ee44ffb7a58fe9137ed16bf40a670cf513c34564e44249","outcome":"success","request_id":"fe3e478b4606474d8f6c238a3e562bae","resultcount":10,"search_ms":1.502}
request_id=fe3e478b4606474d8f6c238a3e562bae route=/v1/places status=200 duration_ms=2.6
{"genid":"5eb4e43d9456b96a68ee44ffb7a58fe9137ed16bf40a670cf513c34564e44249","outcome":"success","request_id":"93967982bab447f3b1c65c18a05803c2","resultcount":5,"search_ms":5.319}
request_id=93967982bab447f3b1c65c18a05803c2 route=/v1/places status=200 duration_ms=6.2
{"genid":"5eb4e43d9456b96a68ee44ffb7a58fe9137ed16bf40a670cf513c34564e44249","outcome":"success","request_id":"d1f1f76c37d94291bddd62c75ad920d6","resultcount":2,"search_ms":4.248}
request_id=d1f1f76c37d94291bddd62c75ad920d6 route=/v1/places status=200 duration_ms=5.3
{"genid":"5eb4e43d9456b96a68ee44ffb7a58fe9137ed16bf40a670cf513c34564e44249","outcome":"success","request_id":"aed94309488e47d799c1847c0db4c0c0","resultcount":10,"search_ms":4.074}
request_id=aed94309488e47d799c1847c0db4c0c0 route=/v1/places status=200 duration_ms=5.6
{"genid":"5eb4e43d9456b96a68ee44ffb7a58fe9137ed16bf40a670cf513c34564e44249","outcome":"success","request_id":"792eb62e96264355b68d5be04728e434","resultcount":3,"search_ms":1.933}
request_id=792eb62e96264355b68d5be04728e434 route=/v1/places status=200 duration_ms=2.6
{"genid":"5eb4e43d9456b96a68ee44ffb7a58fe9137ed16bf40a670cf513c34564e44249","outcome":"success","request_id":"0f4bac7e7c134c3dbb2d05c6b8f1fbd4","resultcount":6,"search_ms":0.761}
request_id=0f4bac7e7c134c3dbb2d05c6b8f1fbd4 route=/v1/places status=200 duration_ms=1.5
{"genid":"5eb4e43d9456b96a68ee44ffb7a58fe9137ed16bf40a670cf513c34564e44249","outcome":"success","request_id":"9a487cdf0b864080b9bfcff189c9307b","resultcount":4,"search_ms":8.792}
request_id=9a487cdf0b864080b9bfcff189c9307b route=/v1/places status=200 duration_ms=9.7
{"genid":"5eb4e43d9456b96a68ee44ffb7a58fe9137ed16bf40a670cf513c34564e44249","outcome":"success","request_id":"60e2a80917714f88a61cb2bbb3d65c35","resultcount":2,"search_ms":4.915}
request_id=60e2a80917714f88a61cb2bbb3d65c35 route=/v1/places status=200 duration_ms=5.7
{"genid":"5eb4e43d9456b96a68ee44ffb7a58fe9137ed16bf40a670cf513c34564e44249","outcome":"success","request_id":"19ee9c6101cb4752a7289c178cec544d","resultcount":10,"search_ms":4.108}
request_id=19ee9c6101cb4752a7289c178cec544d route=/v1/places status=200 duration_ms=5.0
{"backend_ms":6.219,"genid":"5eb4e43d9456b96a68ee44ffb7a58fe9137ed16bf40a670cf513c34564e44249","normalize_ms":0.318,"outcome":"success","request_id":"eeda7c79fa1b44c99222d0173cf4a9e7","responsebytes":6929,"resultcount":10}
request_id=eeda7c79fa1b44c99222d0173cf4a9e7 route=/v1/places status=200 duration_ms=7.4
{"backend_ms":32.622,"genid":"5eb4e43d9456b96a68ee44ffb7a58fe9137ed16bf40a670cf513c34564e44249","normalize_ms":0.295,"outcome":"success","request_id":"43f080bbe74c4607941668d22bfa7774","responsebytes":6600,"resultcount":10}
request_id=43f080bbe74c4607941668d22bfa7774 route=/v1/places status=200 duration_ms=33.8
{"backend_ms":6.826,"genid":"5eb4e43d9456b96a68ee44ffb7a58fe9137ed16bf40a670cf513c34564e44249","normalize_ms":0.3,"outcome":"success","request_id":"bfad6c6bc9114c9b9f16bc07070e6360","responsebytes":5883,"resultcount":10}
request_id=bfad6c6bc9114c9b9f16bc07070e6360 route=/v1/places status=200 duration_ms=8.1
{"backend_ms":60.378,"genid":"5eb4e43d9456b96a68ee44ffb7a58fe9137ed16bf40a670cf513c34564e44249","normalize_ms":0.367,"outcome":"success","request_id":"a3ae132d80ae483f9fade2f0372ad0f5","responsebytes":6234,"resultcount":10}
request_id=a3ae132d80ae483f9fade2f0372ad0f5 route=/v1/places status=200 duration_ms=61.8
{"backend_ms":7.49,"genid":"5eb4e43d9456b96a68ee44ffb7a58fe9137ed16bf40a670cf513c34564e44249","normalize_ms":0.321,"outcome":"success","request_id":"33d84f8196264f66b9bd26546de6a2f7","responsebytes":6171,"resultcount":10}
request_id=33d84f8196264f66b9bd26546de6a2f7 route=/v1/places status=200 duration_ms=8.8
{"backend_ms":7.419,"genid":"5eb4e43d9456b96a68ee44ffb7a58fe9137ed16bf40a670cf513c34564e44249","normalize_ms":0.31,"outcome":"success","request_id":"524a0b5fc5914159a16e990c352119e7","responsebytes":6257,"resultcount":10}
request_id=524a0b5fc5914159a16e990c352119e7 route=/v1/places status=200 duration_ms=8.7
{"backend_ms":5.19,"genid":"5eb4e43d9456b96a68ee44ffb7a58fe9137ed16bf40a670cf513c34564e44249","normalize_ms":0.288,"outcome":"success","request_id":"1a7f7afc12074f2d8ce7c7a1b09df78d","responsebytes":4996,"resultcount":10}
request_id=1a7f7afc12074f2d8ce7c7a1b09df78d route=/v1/places status=200 duration_ms=6.3
{"backend_ms":4.206,"genid":"5eb4e43d9456b96a68ee44ffb7a58fe9137ed16bf40a670cf513c34564e44249","normalize_ms":0.303,"outcome":"success","request_id":"4d1ae81a63c64e789b06b4e5f9958e64","responsebytes":7109,"resultcount":10}
request_id=4d1ae81a63c64e789b06b4e5f9958e64 route=/v1/places status=200 duration_ms=5.3
{"backend_ms":4.838,"genid":"5eb4e43d9456b96a68ee44ffb7a58fe9137ed16bf40a670cf513c34564e44249","normalize_ms":0.281,"outcome":"success","request_id":"6bc3a81077ad40bea34864caf7ab7678","responsebytes":5594,"resultcount":10}
request_id=6bc3a81077ad40bea34864caf7ab7678 route=/v1/places status=200 duration_ms=6.0
{"backend_ms":3.104,"genid":"5eb4e43d9456b96a68ee44ffb7a58fe9137ed16bf40a670cf513c34564e44249","normalize_ms":0.133,"outcome":"success","request_id":"d50ea593892d44e69f07a872d88df251","responsebytes":1128,"resultcount":2}
request_id=d50ea593892d44e69f07a872d88df251 route=/v1/places status=200 duration_ms=3.9
{"backend_ms":13.339,"genid":"5eb4e43d9456b96a68ee44ffb7a58fe9137ed16bf40a670cf513c34564e44249","normalize_ms":0.387,"outcome":"success","request_id":"11b73968d6ca424889beee79905e5798","responsebytes":5544,"resultcount":10}
request_id=11b73968d6ca424889beee79905e5798 route=/v1/places status=200 duration_ms=14.7
{"backend_ms":4.087,"genid":"5eb4e43d9456b96a68ee44ffb7a58fe9137ed16bf40a670cf513c34564e44249","normalize_ms":0.294,"outcome":"success","request_id":"0de3a39b9ca246999c39aee53496a3d2","responsebytes":5485,"resultcount":10}
request_id=0de3a39b9ca246999c39aee53496a3d2 route=/v1/places status=200 duration_ms=5.3
{"backend_ms":10.697,"genid":"5eb4e43d9456b96a68ee44ffb7a58fe9137ed16bf40a670cf513c34564e44249","normalize_ms":0.32,"outcome":"success","request_id":"a1c0602df086496baf911129c8a7a167","responsebytes":5932,"resultcount":10}
request_id=a1c0602df086496baf911129c8a7a167 route=/v1/places status=200 duration_ms=11.9
{"backend_ms":5.93,"genid":"5eb4e43d9456b96a68ee44ffb7a58fe9137ed16bf40a670cf513c34564e44249","normalize_ms":0.356,"outcome":"success","request_id":"c0b5fdb5053b48aca8bce7d75998c75b","responsebytes":5940,"resultcount":10}
request_id=c0b5fdb5053b48aca8bce7d75998c75b route=/v1/places status=200 duration_ms=7.2
{"backend_ms":4.771,"genid":"5eb4e43d9456b96a68ee44ffb7a58fe9137ed16bf40a670cf513c34564e44249","normalize_ms":0.288,"outcome":"success","request_id":"30d37bc0d3b64483a79f5169f3644f6c","responsebytes":5616,"resultcount":10}
request_id=30d37bc0d3b64483a79f5169f3644f6c route=/v1/places status=200 duration_ms=5.9
{"backend_ms":27.242,"genid":"5eb4e43d9456b96a68ee44ffb7a58fe9137ed16bf40a670cf513c34564e44249","normalize_ms":0.31,"outcome":"success","request_id":"816eeda80e66485b875af9c78f262e5b","responsebytes":6032,"resultcount":10}
request_id=816eeda80e66485b875af9c78f262e5b route=/v1/places status=200 duration_ms=28.5
{"backend_ms":7.704,"genid":"5eb4e43d9456b96a68ee44ffb7a58fe9137ed16bf40a670cf513c34564e44249","normalize_ms":0.31,"outcome":"success","request_id":"f9c8787a5afe46b2a6eb0d23db4e654a","responsebytes":5691,"resultcount":10}
request_id=f9c8787a5afe46b2a6eb0d23db4e654a route=/v1/places status=200 duration_ms=8.9
{"backend_ms":3.557,"genid":"5eb4e43d9456b96a68ee44ffb7a58fe9137ed16bf40a670cf513c34564e44249","normalize_ms":0.279,"outcome":"success","request_id":"d68f2d0361904b728d077e24cbb981b3","responsebytes":5578,"resultcount":10}
request_id=d68f2d0361904b728d077e24cbb981b3 route=/v1/places status=200 duration_ms=4.6
{"backend_ms":6.362,"genid":"5eb4e43d9456b96a68ee44ffb7a58fe9137ed16bf40a670cf513c34564e44249","normalize_ms":0.347,"outcome":"success","request_id":"aeac8d9aa1874a68998bd74fb3cbc818","responsebytes":5412,"resultcount":10}
request_id=aeac8d9aa1874a68998bd74fb3cbc818 route=/v1/places status=200 duration_ms=7.5
{"backend_ms":3.976,"genid":"5eb4e43d9456b96a68ee44ffb7a58fe9137ed16bf40a670cf513c34564e44249","normalize_ms":0.276,"outcome":"success","request_id":"ae80bc724e724807b9fbfc2c59e09301","responsebytes":6542,"resultcount":10}
request_id=ae80bc724e724807b9fbfc2c59e09301 route=/v1/places status=200 duration_ms=5.1
{"backend_ms":31.267,"genid":"5eb4e43d9456b96a68ee44ffb7a58fe9137ed16bf40a670cf513c34564e44249","normalize_ms":0.433,"outcome":"success","request_id":"72fbf8b09b5a4f66b717b1e59cb56cfb","responsebytes":6341,"resultcount":10}
request_id=72fbf8b09b5a4f66b717b1e59cb56cfb route=/v1/places status=200 duration_ms=32.6
{"backend_ms":3.75,"genid":"5eb4e43d9456b96a68ee44ffb7a58fe9137ed16bf40a670cf513c34564e44249","normalize_ms":0.279,"outcome":"success","request_id":"752f70ed4e754fb98f12c66b6fa0e216","responsebytes":5664,"resultcount":10}
request_id=752f70ed4e754fb98f12c66b6fa0e216 route=/v1/places status=200 duration_ms=4.9
{"backend_ms":62.018,"genid":"5eb4e43d9456b96a68ee44ffb7a58fe9137ed16bf40a670cf513c34564e44249","normalize_ms":0.302,"outcome":"success","request_id":"daecac786eb544778d8f2606ec6f0044","responsebytes":6418,"resultcount":10}
request_id=daecac786eb544778d8f2606ec6f0044 route=/v1/places status=200 duration_ms=63.2
{"backend_ms":3.725,"genid":"5eb4e43d9456b96a68ee44ffb7a58fe9137ed16bf40a670cf513c34564e44249","normalize_ms":0.273,"outcome":"success","request_id":"64ea2ad747fc48c49e393774bd8dc7f4","responsebytes":5272,"resultcount":10}
request_id=64ea2ad747fc48c49e393774bd8dc7f4 route=/v1/places status=200 duration_ms=4.7
{"backend_ms":3.856,"genid":"5eb4e43d9456b96a68ee44ffb7a58fe9137ed16bf40a670cf513c34564e44249","normalize_ms":0.379,"outcome":"success","request_id":"5091682dccf94e0988601a9568a3fb6e","responsebytes":5227,"resultcount":10}
request_id=5091682dccf94e0988601a9568a3fb6e route=/v1/places status=200 duration_ms=5.1
{"backend_ms":5.16,"genid":"5eb4e43d9456b96a68ee44ffb7a58fe9137ed16bf40a670cf513c34564e44249","normalize_ms":0.25,"outcome":"success","request_id":"0d145391ce354e3285637f164306e81a","responsebytes":5246,"resultcount":10}
request_id=0d145391ce354e3285637f164306e81a route=/v1/places status=200 duration_ms=6.2
{"backend_ms":3.903,"genid":"5eb4e43d9456b96a68ee44ffb7a58fe9137ed16bf40a670cf513c34564e44249","normalize_ms":0.267,"outcome":"success","request_id":"0c6b1a228ca04a71a876200caa2bfb23","responsebytes":6047,"resultcount":10}
request_id=0c6b1a228ca04a71a876200caa2bfb23 route=/v1/places status=200 duration_ms=5.0
{"backend_ms":3.274,"genid":"5eb4e43d9456b96a68ee44ffb7a58fe9137ed16bf40a670cf513c34564e44249","normalize_ms":0.258,"outcome":"success","request_id":"85c45b857d1c4a1ea7cec1fd0ef72b25","responsebytes":5789,"resultcount":10}
request_id=85c45b857d1c4a1ea7cec1fd0ef72b25 route=/v1/places status=200 duration_ms=4.3
{"backend_ms":3.402,"genid":"5eb4e43d9456b96a68ee44ffb7a58fe9137ed16bf40a670cf513c34564e44249","normalize_ms":0.266,"outcome":"success","request_id":"09c30618a7984cb18ddb658749851e6a","responsebytes":5901,"resultcount":10}
request_id=09c30618a7984cb18ddb658749851e6a route=/v1/places status=200 duration_ms=4.4
{"backend_ms":3.969,"genid":"5eb4e43d9456b96a68ee44ffb7a58fe9137ed16bf40a670cf513c34564e44249","normalize_ms":0.275,"outcome":"success","request_id":"f1c3f02401b949939bc9df7bb70058f7","responsebytes":5813,"resultcount":10}
request_id=f1c3f02401b949939bc9df7bb70058f7 route=/v1/places status=200 duration_ms=5.0
{"backend_ms":14.86,"genid":"5eb4e43d9456b96a68ee44ffb7a58fe9137ed16bf40a670cf513c34564e44249","normalize_ms":0.892,"outcome":"success","request_id":"008f636d39bd4c58a0495c4ce55f4bb3","responsebytes":361,"resultcount":1}
request_id=008f636d39bd4c58a0495c4ce55f4bb3 route=/v1/places status=200 duration_ms=16.4
{"backend_ms":16.934,"genid":"5eb4e43d9456b96a68ee44ffb7a58fe9137ed16bf40a670cf513c34564e44249","normalize_ms":0.168,"outcome":"success","request_id":"56a0f2fe502e4cf5977c55f1d0c13457","responsebytes":381,"resultcount":1}
request_id=56a0f2fe502e4cf5977c55f1d0c13457 route=/v1/places status=200 duration_ms=17.8
{"backend_ms":55.555,"genid":"5eb4e43d9456b96a68ee44ffb7a58fe9137ed16bf40a670cf513c34564e44249","normalize_ms":1.204,"outcome":"success","request_id":"cf6f953440354381a9db1cb5cc3412ad","responsebytes":783,"resultcount":2}
request_id=cf6f953440354381a9db1cb5cc3412ad route=/v1/places status=200 duration_ms=57.6
{"backend_ms":15.31,"genid":"5eb4e43d9456b96a68ee44ffb7a58fe9137ed16bf40a670cf513c34564e44249","normalize_ms":0.234,"outcome":"success","request_id":"c561e08798ac470e8a2849afef6ce80a","responsebytes":829,"resultcount":2}
request_id=c561e08798ac470e8a2849afef6ce80a route=/v1/places status=200 duration_ms=16.4
{"backend_ms":17.512,"genid":"5eb4e43d9456b96a68ee44ffb7a58fe9137ed16bf40a670cf513c34564e44249","normalize_ms":2.208,"outcome":"success","request_id":"122e01be6bc34c53be6ebd16a886c89f","responsebytes":735,"resultcount":2}
request_id=122e01be6bc34c53be6ebd16a886c89f route=/v1/places status=200 duration_ms=20.5
{"backend_ms":40.221,"genid":"5eb4e43d9456b96a68ee44ffb7a58fe9137ed16bf40a670cf513c34564e44249","normalize_ms":3.256,"outcome":"success","request_id":"5262d7927eda44589e3f16c7c8d8c5ab","responsebytes":994,"resultcount":3}
request_id=5262d7927eda44589e3f16c7c8d8c5ab route=/v1/places status=200 duration_ms=44.5
{"backend_ms":16.832,"genid":"5eb4e43d9456b96a68ee44ffb7a58fe9137ed16bf40a670cf513c34564e44249","normalize_ms":1.258,"outcome":"success","request_id":"7e11ae2b6aec43f9b6a38dc07172fde0","responsebytes":1349,"resultcount":4}
request_id=7e11ae2b6aec43f9b6a38dc07172fde0 route=/v1/places status=200 duration_ms=19.0
{"backend_ms":13.43,"genid":"5eb4e43d9456b96a68ee44ffb7a58fe9137ed16bf40a670cf513c34564e44249","normalize_ms":1.255,"outcome":"success","request_id":"63ef6d74ce71452d8e012b3a14cac3aa","responsebytes":368,"resultcount":1}
request_id=63ef6d74ce71452d8e012b3a14cac3aa route=/v1/places status=200 duration_ms=15.4
{"backend_ms":17.315,"genid":"5eb4e43d9456b96a68ee44ffb7a58fe9137ed16bf40a670cf513c34564e44249","normalize_ms":1.665,"outcome":"success","request_id":"09e5da25df034a0f97b4b8306040ec3f","responsebytes":371,"resultcount":1}
request_id=09e5da25df034a0f97b4b8306040ec3f route=/v1/places status=200 duration_ms=19.8
{"backend_ms":16.007,"genid":"5eb4e43d9456b96a68ee44ffb7a58fe9137ed16bf40a670cf513c34564e44249","normalize_ms":2.766,"outcome":"success","request_id":"76af6b5eb7b949daa795e4fb736ea833","responsebytes":1015,"resultcount":3}
request_id=76af6b5eb7b949daa795e4fb736ea833 route=/v1/places status=200 duration_ms=19.8
{"backend_ms":14.603,"genid":"5eb4e43d9456b96a68ee44ffb7a58fe9137ed16bf40a670cf513c34564e44249","normalize_ms":1.203,"outcome":"success","request_id":"77e7fbccbf5640308b61754f7aed37bc","responsebytes":352,"resultcount":1}
request_id=77e7fbccbf5640308b61754f7aed37bc route=/v1/places status=200 duration_ms=16.6
{"backend_ms":44.575,"genid":"5eb4e43d9456b96a68ee44ffb7a58fe9137ed16bf40a670cf513c34564e44249","normalize_ms":7.819,"outcome":"success","request_id":"cade2bd27857440f8b233bab71a8030f","responsebytes":2641,"resultcount":8}
request_id=cade2bd27857440f8b233bab71a8030f route=/v1/places status=200 duration_ms=53.5
{"backend_ms":15.186,"genid":"5eb4e43d9456b96a68ee44ffb7a58fe9137ed16bf40a670cf513c34564e44249","normalize_ms":0.779,"outcome":"success","request_id":"c0acdda77ef5412cae847c15d590cf1d","responsebytes":358,"resultcount":1}
request_id=c0acdda77ef5412cae847c15d590cf1d route=/v1/places status=200 duration_ms=16.8
{"backend_ms":41.98,"genid":"5eb4e43d9456b96a68ee44ffb7a58fe9137ed16bf40a670cf513c34564e44249","normalize_ms":0.924,"outcome":"success","request_id":"9fa6bcf6946e42ca973ab14ae92e44e8","responsebytes":501,"resultcount":1}
request_id=9fa6bcf6946e42ca973ab14ae92e44e8 route=/v1/places status=200 duration_ms=43.7
{"backend_ms":11.513,"genid":"5eb4e43d9456b96a68ee44ffb7a58fe9137ed16bf40a670cf513c34564e44249","normalize_ms":0.174,"outcome":"success","request_id":"e38a0d115d8947e59ee8e97c3b9ba49e","responsebytes":377,"resultcount":1}
request_id=e38a0d115d8947e59ee8e97c3b9ba49e route=/v1/places status=200 duration_ms=12.5
{"backend_ms":3.676,"genid":"5eb4e43d9456b96a68ee44ffb7a58fe9137ed16bf40a670cf513c34564e44249","normalize_ms":0.35,"outcome":"success","request_id":"53e73bd0fea94c14a03636e81bcc4f9c","responsebytes":5718,"resultcount":10}
request_id=53e73bd0fea94c14a03636e81bcc4f9c route=/v1/places status=200 duration_ms=5.0
{"backend_ms":11.518,"genid":"5eb4e43d9456b96a68ee44ffb7a58fe9137ed16bf40a670cf513c34564e44249","normalize_ms":0.323,"outcome":"success","request_id":"3b30364c4c9c46bd9c40e3b0981d4950","responsebytes":6080,"resultcount":10}
request_id=3b30364c4c9c46bd9c40e3b0981d4950 route=/v1/places status=200 duration_ms=12.8
{"backend_ms":4.057,"genid":"5eb4e43d9456b96a68ee44ffb7a58fe9137ed16bf40a670cf513c34564e44249","normalize_ms":0.328,"outcome":"success","request_id":"38ff8dc88bb84ca0bd821bdcbfeee23f","responsebytes":5800,"resultcount":10}
request_id=38ff8dc88bb84ca0bd821bdcbfeee23f route=/v1/places status=200 duration_ms=5.4
{"backend_ms":6.217,"genid":"5eb4e43d9456b96a68ee44ffb7a58fe9137ed16bf40a670cf513c34564e44249","normalize_ms":0.372,"outcome":"success","request_id":"1d585709d10145e28033fd7fb8fb321e","responsebytes":5655,"resultcount":10}
request_id=1d585709d10145e28033fd7fb8fb321e route=/v1/places status=200 duration_ms=7.5
{"backend_ms":3.658,"genid":"5eb4e43d9456b96a68ee44ffb7a58fe9137ed16bf40a670cf513c34564e44249","normalize_ms":0.313,"outcome":"success","request_id":"45cbef61e5e14bc4a080a59632937b0d","responsebytes":5099,"resultcount":10}
request_id=45cbef61e5e14bc4a080a59632937b0d route=/v1/places status=200 duration_ms=4.9
{"backend_ms":3.116,"genid":"5eb4e43d9456b96a68ee44ffb7a58fe9137ed16bf40a670cf513c34564e44249","normalize_ms":0.302,"outcome":"success","request_id":"ac8c88cc6a8742dcbd7156474755fa66","responsebytes":5528,"resultcount":10}
request_id=ac8c88cc6a8742dcbd7156474755fa66 route=/v1/places status=200 duration_ms=4.2
{"backend_ms":3.884,"genid":"5eb4e43d9456b96a68ee44ffb7a58fe9137ed16bf40a670cf513c34564e44249","normalize_ms":0.325,"outcome":"success","request_id":"48577ce216ec4b26929aa15450a565bc","responsebytes":6210,"resultcount":10}
request_id=48577ce216ec4b26929aa15450a565bc route=/v1/places status=200 duration_ms=5.1
{"backend_ms":3.018,"genid":"5eb4e43d9456b96a68ee44ffb7a58fe9137ed16bf40a670cf513c34564e44249","normalize_ms":0.311,"outcome":"success","request_id":"5663ec0dbce2498a887b3a56f5fb95db","responsebytes":5790,"resultcount":10}
request_id=5663ec0dbce2498a887b3a56f5fb95db route=/v1/places status=200 duration_ms=4.1
{"backend_ms":6.055,"genid":"5eb4e43d9456b96a68ee44ffb7a58fe9137ed16bf40a670cf513c34564e44249","normalize_ms":0.382,"outcome":"success","request_id":"36153078a5e54d349613aa53226cb480","responsebytes":7506,"resultcount":10}
request_id=36153078a5e54d349613aa53226cb480 route=/v1/places status=200 duration_ms=7.3
{"backend_ms":61.754,"genid":"5eb4e43d9456b96a68ee44ffb7a58fe9137ed16bf40a670cf513c34564e44249","normalize_ms":0.35,"outcome":"success","request_id":"39197be5c0434618ae83271d9bd0faba","responsebytes":7488,"resultcount":10}
request_id=39197be5c0434618ae83271d9bd0faba route=/v1/places status=200 duration_ms=63.2
{"backend_ms":9.461,"genid":"5eb4e43d9456b96a68ee44ffb7a58fe9137ed16bf40a670cf513c34564e44249","normalize_ms":0.325,"outcome":"success","request_id":"528b734b9d854be48ee5700d4f2653a0","responsebytes":5489,"resultcount":10}
{"genid":"5eb4e43d9456b96a68ee44ffb7a58fe9137ed16bf40a670cf513c34564e44249","outcome":"success","request_id":"528b734b9d854be48ee5700d4f2653a0","resultcount":3,"search_ms":11.151}
{"backend_ms":22.227,"genid":"5eb4e43d9456b96a68ee44ffb7a58fe9137ed16bf40a670cf513c34564e44249","normalize_ms":0.02,"outcome":"validempty","request_id":"528b734b9d854be48ee5700d4f2653a0","responsebytes":42,"resultcount":0}
request_id=528b734b9d854be48ee5700d4f2653a0 route=/v1/places status=200 duration_ms=23.3
{"genid":"5eb4e43d9456b96a68ee44ffb7a58fe9137ed16bf40a670cf513c34564e44249","outcome":"success","request_id":"508ffffbd89b4471be243752ebeb7cae","resultcount":10,"search_ms":1.142}
{"backend_ms":4.316,"genid":"5eb4e43d9456b96a68ee44ffb7a58fe9137ed16bf40a670cf513c34564e44249","normalize_ms":0.333,"outcome":"success","request_id":"508ffffbd89b4471be243752ebeb7cae","responsebytes":5516,"resultcount":10}
{"backend_ms":28.153,"genid":"5eb4e43d9456b96a68ee44ffb7a58fe9137ed16bf40a670cf513c34564e44249","normalize_ms":1.168,"outcome":"success","request_id":"508ffffbd89b4471be243752ebeb7cae","responsebytes":482,"resultcount":1}
request_id=508ffffbd89b4471be243752ebeb7cae route=/v1/places status=200 duration_ms=30.5
{"genid":"5eb4e43d9456b96a68ee44ffb7a58fe9137ed16bf40a670cf513c34564e44249","outcome":"validempty","request_id":"08bff69058f443479c393e1f8daf7173","resultcount":0,"search_ms":1.104}
{"backend_ms":4.649,"genid":"5eb4e43d9456b96a68ee44ffb7a58fe9137ed16bf40a670cf513c34564e44249","normalize_ms":0.464,"outcome":"success","request_id":"08bff69058f443479c393e1f8daf7173","responsebytes":5798,"resultcount":10}
{"backend_ms":25.506,"genid":"5eb4e43d9456b96a68ee44ffb7a58fe9137ed16bf40a670cf513c34564e44249","normalize_ms":4.169,"outcome":"success","request_id":"08bff69058f443479c393e1f8daf7173","responsebytes":1866,"resultcount":4}
request_id=08bff69058f443479c393e1f8daf7173 route=/v1/places status=200 duration_ms=30.8
{"genid":"5eb4e43d9456b96a68ee44ffb7a58fe9137ed16bf40a670cf513c34564e44249","outcome":"success","request_id":"f53b54acb72b479fb239b621ed888088","resultcount":10,"search_ms":9.564}
{"backend_ms":10.563,"genid":"5eb4e43d9456b96a68ee44ffb7a58fe9137ed16bf40a670cf513c34564e44249","normalize_ms":0.431,"outcome":"success","request_id":"f53b54acb72b479fb239b621ed888088","responsebytes":6667,"resultcount":10}
{"backend_ms":19.687,"genid":"5eb4e43d9456b96a68ee44ffb7a58fe9137ed16bf40a670cf513c34564e44249","normalize_ms":3.81,"outcome":"success","request_id":"f53b54acb72b479fb239b621ed888088","responsebytes":3460,"resultcount":8}
request_id=f53b54acb72b479fb239b621ed888088 route=/v1/places status=200 duration_ms=24.6
{"genid":"5eb4e43d9456b96a68ee44ffb7a58fe9137ed16bf40a670cf513c34564e44249","outcome":"success","request_id":"2f2fca1641b141f998a8c01aa880ab00","resultcount":10,"search_ms":4.022}
{"backend_ms":4.629,"genid":"5eb4e43d9456b96a68ee44ffb7a58fe9137ed16bf40a670cf513c34564e44249","normalize_ms":0.328,"outcome":"success","request_id":"2f2fca1641b141f998a8c01aa880ab00","responsebytes":5646,"resultcount":10}
{"backend_ms":19.048,"genid":"5eb4e43d9456b96a68ee44ffb7a58fe9137ed16bf40a670cf513c34564e44249","normalize_ms":1.291,"outcome":"success","request_id":"2f2fca1641b141f998a8c01aa880ab00","responsebytes":454,"resultcount":1}
request_id=2f2fca1641b141f998a8c01aa880ab00 route=/v1/places status=200 duration_ms=21.6
{"genid":"5eb4e43d9456b96a68ee44ffb7a58fe9137ed16bf40a670cf513c34564e44249","outcome":"success","request_id":"18f9fdac197a4312b63f6460259a3bea","resultcount":10,"search_ms":7.375}
{"backend_ms":9.402,"genid":"5eb4e43d9456b96a68ee44ffb7a58fe9137ed16bf40a670cf513c34564e44249","normalize_ms":0.336,"outcome":"success","request_id":"18f9fdac197a4312b63f6460259a3bea","responsebytes":5689,"resultcount":10}
{"backend_ms":23.385,"genid":"5eb4e43d9456b96a68ee44ffb7a58fe9137ed16bf40a670cf513c34564e44249","normalize_ms":2.776,"outcome":"success","request_id":"18f9fdac197a4312b63f6460259a3bea","responsebytes":1074,"resultcount":3}
request_id=18f9fdac197a4312b63f6460259a3bea route=/v1/places status=200 duration_ms=27.3
{"genid":"5eb4e43d9456b96a68ee44ffb7a58fe9137ed16bf40a670cf513c34564e44249","outcome":"success","request_id":"b1981e3ae511414796d7ffe5aefe016b","resultcount":10,"search_ms":9.315}
{"backend_ms":11.64,"genid":"5eb4e43d9456b96a68ee44ffb7a58fe9137ed16bf40a670cf513c34564e44249","normalize_ms":0.401,"outcome":"success","request_id":"b1981e3ae511414796d7ffe5aefe016b","responsebytes":5834,"resultcount":10}
{"backend_ms":21.62,"genid":"5eb4e43d9456b96a68ee44ffb7a58fe9137ed16bf40a670cf513c34564e44249","normalize_ms":4.51,"outcome":"success","request_id":"b1981e3ae511414796d7ffe5aefe016b","responsebytes":2218,"resultcount":5}
request_id=b1981e3ae511414796d7ffe5aefe016b route=/v1/places status=200 duration_ms=27.5
{"genid":"5eb4e43d9456b96a68ee44ffb7a58fe9137ed16bf40a670cf513c34564e44249","outcome":"validempty","request_id":"f2b11dd122884fd9a72c1d82fd602478","resultcount":0,"search_ms":3.942}
{"backend_ms":5.781,"genid":"5eb4e43d9456b96a68ee44ffb7a58fe9137ed16bf40a670cf513c34564e44249","normalize_ms":0.357,"outcome":"success","request_id":"f2b11dd122884fd9a72c1d82fd602478","responsebytes":5869,"resultcount":10}
{"backend_ms":28.672,"genid":"5eb4e43d9456b96a68ee44ffb7a58fe9137ed16bf40a670cf513c34564e44249","normalize_ms":0.027,"outcome":"validempty","request_id":"f2b11dd122884fd9a72c1d82fd602478","responsebytes":42,"resultcount":0}
request_id=f2b11dd122884fd9a72c1d82fd602478 route=/v1/places status=200 duration_ms=29.9
{"backend_ms":8.001,"genid":"5eb4e43d9456b96a68ee44ffb7a58fe9137ed16bf40a670cf513c34564e44249","normalize_ms":0.653,"outcome":"success","request_id":"48365a7a232b4fa7a410258612d9a4e7","responsebytes":5766,"resultcount":10}
{"genid":"5eb4e43d9456b96a68ee44ffb7a58fe9137ed16bf40a670cf513c34564e44249","outcome":"success","request_id":"48365a7a232b4fa7a410258612d9a4e7","resultcount":10,"search_ms":20.197}
{"backend_ms":39.997,"genid":"5eb4e43d9456b96a68ee44ffb7a58fe9137ed16bf40a670cf513c34564e44249","normalize_ms":4.689,"outcome":"success","request_id":"48365a7a232b4fa7a410258612d9a4e7","responsebytes":3345,"resultcount":6}
request_id=48365a7a232b4fa7a410258612d9a4e7 route=/v1/places status=200 duration_ms=46.2
{"backend_ms":6.682,"genid":"5eb4e43d9456b96a68ee44ffb7a58fe9137ed16bf40a670cf513c34564e44249","normalize_ms":0.385,"outcome":"success","request_id":"3ab0a897091c4d53b7fd5724628d94e1","responsebytes":5789,"resultcount":10}
{"genid":"5eb4e43d9456b96a68ee44ffb7a58fe9137ed16bf40a670cf513c34564e44249","outcome":"validempty","request_id":"3ab0a897091c4d53b7fd5724628d94e1","resultcount":0,"search_ms":10.059}
{"backend_ms":35.252,"genid":"5eb4e43d9456b96a68ee44ffb7a58fe9137ed16bf40a670cf513c34564e44249","normalize_ms":5.903,"outcome":"success","request_id":"3ab0a897091c4d53b7fd5724628d94e1","responsebytes":2708,"resultcount":6}
request_id=3ab0a897091c4d53b7fd5724628d94e1 route=/v1/places status=200 duration_ms=42.5
{"genid":"5eb4e43d9456b96a68ee44ffb7a58fe9137ed16bf40a670cf513c34564e44249","outcome":"success","request_id":"1dad46e5586545e696ceff0b152d1ef7","resultcount":10,"search_ms":7.636}
{"backend_ms":11.164,"genid":"5eb4e43d9456b96a68ee44ffb7a58fe9137ed16bf40a670cf513c34564e44249","normalize_ms":0.375,"outcome":"success","request_id":"1dad46e5586545e696ceff0b152d1ef7","responsebytes":6320,"resultcount":10}
{"backend_ms":23.622,"genid":"5eb4e43d9456b96a68ee44ffb7a58fe9137ed16bf40a670cf513c34564e44249","normalize_ms":5.053,"outcome":"success","request_id":"1dad46e5586545e696ceff0b152d1ef7","responsebytes":1826,"resultcount":5}
request_id=1dad46e5586545e696ceff0b152d1ef7 route=/v1/places status=200 duration_ms=30.0
{"genid":"5eb4e43d9456b96a68ee44ffb7a58fe9137ed16bf40a670cf513c34564e44249","outcome":"success","request_id":"2558f3b942614775bbbc04f08a0d4ae1","resultcount":10,"search_ms":6.749}
{"backend_ms":10.252,"genid":"5eb4e43d9456b96a68ee44ffb7a58fe9137ed16bf40a670cf513c34564e44249","normalize_ms":0.376,"outcome":"success","request_id":"2558f3b942614775bbbc04f08a0d4ae1","responsebytes":6019,"resultcount":10}
{"backend_ms":39.334,"genid":"5eb4e43d9456b96a68ee44ffb7a58fe9137ed16bf40a670cf513c34564e44249","normalize_ms":1.546,"outcome":"success","request_id":"2558f3b942614775bbbc04f08a0d4ae1","responsebytes":1998,"resultcount":5}
request_id=2558f3b942614775bbbc04f08a0d4ae1 route=/v1/places status=200 duration_ms=42.4
{"genid":"5eb4e43d9456b96a68ee44ffb7a58fe9137ed16bf40a670cf513c34564e44249","outcome":"success","request_id":"f0e01f52b3a241c98b1dea9a25831f3a","resultcount":10,"search_ms":8.585}
{"backend_ms":12.577,"genid":"5eb4e43d9456b96a68ee44ffb7a58fe9137ed16bf40a670cf513c34564e44249","normalize_ms":0.394,"outcome":"success","request_id":"f0e01f52b3a241c98b1dea9a25831f3a","responsebytes":5859,"resultcount":10}
{"backend_ms":28.639,"genid":"5eb4e43d9456b96a68ee44ffb7a58fe9137ed16bf40a670cf513c34564e44249","normalize_ms":0.025,"outcome":"validempty","request_id":"f0e01f52b3a241c98b1dea9a25831f3a","responsebytes":42,"resultcount":0}
request_id=f0e01f52b3a241c98b1dea9a25831f3a route=/v1/places status=200 duration_ms=30.0
{"genid":"5eb4e43d9456b96a68ee44ffb7a58fe9137ed16bf40a670cf513c34564e44249","outcome":"success","request_id":"e3d2c63980234325977d00c021b4f11a","resultcount":10,"search_ms":9.891}
{"backend_ms":11.204,"genid":"5eb4e43d9456b96a68ee44ffb7a58fe9137ed16bf40a670cf513c34564e44249","normalize_ms":0.367,"outcome":"success","request_id":"e3d2c63980234325977d00c021b4f11a","responsebytes":5806,"resultcount":10}
{"backend_ms":14.084,"genid":"5eb4e43d9456b96a68ee44ffb7a58fe9137ed16bf40a670cf513c34564e44249","normalize_ms":1.331,"outcome":"success","request_id":"e3d2c63980234325977d00c021b4f11a","responsebytes":446,"resultcount":1}
request_id=e3d2c63980234325977d00c021b4f11a route=/v1/places status=200 duration_ms=16.7
{"genid":"5eb4e43d9456b96a68ee44ffb7a58fe9137ed16bf40a670cf513c34564e44249","outcome":"success","request_id":"525e24ed036d41fe917a412ebdbd835d","resultcount":10,"search_ms":11.516}
{"backend_ms":12.158,"genid":"5eb4e43d9456b96a68ee44ffb7a58fe9137ed16bf40a670cf513c34564e44249","normalize_ms":0.356,"outcome":"success","request_id":"525e24ed036d41fe917a412ebdbd835d","responsebytes":5834,"resultcount":10}
{"backend_ms":17.178,"genid":"5eb4e43d9456b96a68ee44ffb7a58fe9137ed16bf40a670cf513c34564e44249","normalize_ms":0.441,"outcome":"success","request_id":"525e24ed036d41fe917a412ebdbd835d","responsebytes":2218,"resultcount":5}
request_id=525e24ed036d41fe917a412ebdbd835d route=/v1/places status=200 duration_ms=18.8
{"genid":"5eb4e43d9456b96a68ee44ffb7a58fe9137ed16bf40a670cf513c34564e44249","outcome":"success","request_id":"5e617b1e3ae84c4ea4af397025d99c1c","resultcount":10,"search_ms":7.022}
{"backend_ms":7.901,"genid":"5eb4e43d9456b96a68ee44ffb7a58fe9137ed16bf40a670cf513c34564e44249","normalize_ms":0.432,"outcome":"success","request_id":"5e617b1e3ae84c4ea4af397025d99c1c","responsebytes":5827,"resultcount":10}
{"backend_ms":12.842,"genid":"5eb4e43d9456b96a68ee44ffb7a58fe9137ed16bf40a670cf513c34564e44249","normalize_ms":1.151,"outcome":"success","request_id":"5e617b1e3ae84c4ea4af397025d99c1c","responsebytes":486,"resultcount":1}
request_id=5e617b1e3ae84c4ea4af397025d99c1c route=/v1/places status=200 duration_ms=15.1
{"genid":"5eb4e43d9456b96a68ee44ffb7a58fe9137ed16bf40a670cf513c34564e44249","outcome":"validempty","request_id":"3d4a62c160a4446a9d0ac9ae512a9541","resultcount":0,"search_ms":1.829}
{"backend_ms":5.421,"genid":"5eb4e43d9456b96a68ee44ffb7a58fe9137ed16bf40a670cf513c34564e44249","normalize_ms":0.342,"outcome":"success","request_id":"3d4a62c160a4446a9d0ac9ae512a9541","responsebytes":5819,"resultcount":10}
{"backend_ms":18.372,"genid":"5eb4e43d9456b96a68ee44ffb7a58fe9137ed16bf40a670cf513c34564e44249","normalize_ms":0.035,"outcome":"validempty","request_id":"3d4a62c160a4446a9d0ac9ae512a9541","responsebytes":42,"resultcount":0}
request_id=3d4a62c160a4446a9d0ac9ae512a9541 route=/v1/places status=200 duration_ms=19.9
{"genid":"5eb4e43d9456b96a68ee44ffb7a58fe9137ed16bf40a670cf513c34564e44249","outcome":"success","request_id":"98008404cb504b42926fc5947cedbd9b","resultcount":10,"search_ms":14.555}
{"backend_ms":15.528,"genid":"5eb4e43d9456b96a68ee44ffb7a58fe9137ed16bf40a670cf513c34564e44249","normalize_ms":0.34,"outcome":"success","request_id":"98008404cb504b42926fc5947cedbd9b","responsebytes":5528,"resultcount":10}
{"backend_ms":19.075,"genid":"5eb4e43d9456b96a68ee44ffb7a58fe9137ed16bf40a670cf513c34564e44249","normalize_ms":0.681,"outcome":"success","request_id":"98008404cb504b42926fc5947cedbd9b","responsebytes":453,"resultcount":1}
request_id=98008404cb504b42926fc5947cedbd9b route=/v1/places status=200 duration_ms=20.8
{"genid":"5eb4e43d9456b96a68ee44ffb7a58fe9137ed16bf40a670cf513c34564e44249","outcome":"success","request_id":"ca134bee2efe4ed9818487cb280c48a9","resultcount":10,"search_ms":2.513}
{"backend_ms":4.334,"genid":"5eb4e43d9456b96a68ee44ffb7a58fe9137ed16bf40a670cf513c34564e44249","normalize_ms":0.337,"outcome":"success","request_id":"ca134bee2efe4ed9818487cb280c48a9","responsebytes":5465,"resultcount":10}
{"backend_ms":17.183,"genid":"5eb4e43d9456b96a68ee44ffb7a58fe9137ed16bf40a670cf513c34564e44249","normalize_ms":2.84,"outcome":"success","request_id":"ca134bee2efe4ed9818487cb280c48a9","responsebytes":1210,"resultcount":3}
request_id=ca134bee2efe4ed9818487cb280c48a9 route=/v1/places status=200 duration_ms=21.2
{"backend_ms":9.965,"genid":"5eb4e43d9456b96a68ee44ffb7a58fe9137ed16bf40a670cf513c34564e44249","normalize_ms":0.451,"outcome":"success","request_id":"14ed63a4cf3048f8ac17a1933f71317e","responsebytes":5697,"resultcount":10}
{"genid":"5eb4e43d9456b96a68ee44ffb7a58fe9137ed16bf40a670cf513c34564e44249","outcome":"success","request_id":"14ed63a4cf3048f8ac17a1933f71317e","resultcount":10,"search_ms":20.395}
{"backend_ms":44.883,"genid":"5eb4e43d9456b96a68ee44ffb7a58fe9137ed16bf40a670cf513c34564e44249","normalize_ms":0.019,"outcome":"validempty","request_id":"14ed63a4cf3048f8ac17a1933f71317e","responsebytes":42,"resultcount":0}
request_id=14ed63a4cf3048f8ac17a1933f71317e route=/v1/places status=200 duration_ms=46.1
{"backend_ms":11.237,"genid":"5eb4e43d9456b96a68ee44ffb7a58fe9137ed16bf40a670cf513c34564e44249","normalize_ms":0.366,"outcome":"success","request_id":"7beb19959de84127b8a7601c35bb2ab4","responsebytes":5697,"resultcount":10}
{"genid":"5eb4e43d9456b96a68ee44ffb7a58fe9137ed16bf40a670cf513c34564e44249","outcome":"success","request_id":"7beb19959de84127b8a7601c35bb2ab4","resultcount":10,"search_ms":22.934}
{"backend_ms":24.65,"genid":"5eb4e43d9456b96a68ee44ffb7a58fe9137ed16bf40a670cf513c34564e44249","normalize_ms":0.017,"outcome":"validempty","request_id":"7beb19959de84127b8a7601c35bb2ab4","responsebytes":42,"resultcount":0}
request_id=7beb19959de84127b8a7601c35bb2ab4 route=/v1/places status=200 duration_ms=25.8
{"genid":"5eb4e43d9456b96a68ee44ffb7a58fe9137ed16bf40a670cf513c34564e44249","outcome":"success","request_id":"d5e56716e0f449beaa59827a9e5ed9a1","resultcount":10,"search_ms":11.611}
{"backend_ms":11.531,"genid":"5eb4e43d9456b96a68ee44ffb7a58fe9137ed16bf40a670cf513c34564e44249","normalize_ms":0.346,"outcome":"success","request_id":"d5e56716e0f449beaa59827a9e5ed9a1","responsebytes":5786,"resultcount":10}
{"backend_ms":60.833,"genid":"5eb4e43d9456b96a68ee44ffb7a58fe9137ed16bf40a670cf513c34564e44249","normalize_ms":3.978,"outcome":"success","request_id":"d5e56716e0f449beaa59827a9e5ed9a1","responsebytes":2030,"resultcount":4}
request_id=d5e56716e0f449beaa59827a9e5ed9a1 route=/v1/places status=200 duration_ms=66.0
{"backend_ms":5.645,"genid":"5eb4e43d9456b96a68ee44ffb7a58fe9137ed16bf40a670cf513c34564e44249","normalize_ms":0.343,"outcome":"success","request_id":"6c59eff23b1a45c7a9f042a28137064c","responsebytes":5786,"resultcount":10}
{"genid":"5eb4e43d9456b96a68ee44ffb7a58fe9137ed16bf40a670cf513c34564e44249","outcome":"success","request_id":"6c59eff23b1a45c7a9f042a28137064c","resultcount":10,"search_ms":12.99}
{"backend_ms":21.339,"genid":"5eb4e43d9456b96a68ee44ffb7a58fe9137ed16bf40a670cf513c34564e44249","normalize_ms":1.653,"outcome":"success","request_id":"6c59eff23b1a45c7a9f042a28137064c","responsebytes":919,"resultcount":2}
request_id=6c59eff23b1a45c7a9f042a28137064c route=/v1/places status=200 duration_ms=24.4
{"genid":"5eb4e43d9456b96a68ee44ffb7a58fe9137ed16bf40a670cf513c34564e44249","outcome":"success","request_id":"07281e7b4a66456fb2ee51d7ceb1a461","resultcount":6,"search_ms":1.435}
{"backend_ms":4.634,"genid":"5eb4e43d9456b96a68ee44ffb7a58fe9137ed16bf40a670cf513c34564e44249","normalize_ms":0.341,"outcome":"success","request_id":"07281e7b4a66456fb2ee51d7ceb1a461","responsebytes":5420,"resultcount":10}
{"backend_ms":26.948,"genid":"5eb4e43d9456b96a68ee44ffb7a58fe9137ed16bf40a670cf513c34564e44249","normalize_ms":5.994,"outcome":"success","request_id":"07281e7b4a66456fb2ee51d7ceb1a461","responsebytes":2679,"resultcount":7}
request_id=07281e7b4a66456fb2ee51d7ceb1a461 route=/v1/places status=200 duration_ms=34.3
{"genid":"5eb4e43d9456b96a68ee44ffb7a58fe9137ed16bf40a670cf513c34564e44249","outcome":"success","request_id":"06dfd17db363426ab6e87705dafcfe0b","resultcount":10,"search_ms":3.233}
{"backend_ms":6.286,"genid":"5eb4e43d9456b96a68ee44ffb7a58fe9137ed16bf40a670cf513c34564e44249","normalize_ms":0.358,"outcome":"success","request_id":"06dfd17db363426ab6e87705dafcfe0b","responsebytes":5478,"resultcount":10}
{"backend_ms":20.018,"genid":"5eb4e43d9456b96a68ee44ffb7a58fe9137ed16bf40a670cf513c34564e44249","normalize_ms":4.509,"outcome":"success","request_id":"06dfd17db363426ab6e87705dafcfe0b","responsebytes":2645,"resultcount":6}
request_id=06dfd17db363426ab6e87705dafcfe0b route=/v1/places status=200 duration_ms=25.7
{"backend_ms":16.444,"genid":"5eb4e43d9456b96a68ee44ffb7a58fe9137ed16bf40a670cf513c34564e44249","normalize_ms":0.34,"outcome":"success","request_id":"0f1f9db2c0294201a769996e2baccd50","responsebytes":5893,"resultcount":10}
request_id=0f1f9db2c0294201a769996e2baccd50 route=/v1/places status=200 duration_ms=17.8
{"backend_ms":22.826,"genid":"5eb4e43d9456b96a68ee44ffb7a58fe9137ed16bf40a670cf513c34564e44249","normalize_ms":0.323,"outcome":"success","request_id":"0874427a285d46b0a06110e2f7168677","responsebytes":5940,"resultcount":10}
request_id=0874427a285d46b0a06110e2f7168677 route=/v1/places status=200 duration_ms=24.2
{"backend_ms":9.953,"genid":"5eb4e43d9456b96a68ee44ffb7a58fe9137ed16bf40a670cf513c34564e44249","normalize_ms":0.43,"outcome":"success","request_id":"4172e4ea817d4452ab8ef65736ac8782","responsebytes":5532,"resultcount":10}
request_id=4172e4ea817d4452ab8ef65736ac8782 route=/v1/places status=200 duration_ms=11.3
{"backend_ms":10.022,"genid":"5eb4e43d9456b96a68ee44ffb7a58fe9137ed16bf40a670cf513c34564e44249","normalize_ms":0.291,"outcome":"success","request_id":"19f40083a1e04a30872f92431abfe096","responsebytes":6508,"resultcount":10}
request_id=19f40083a1e04a30872f92431abfe096 route=/v1/places status=200 duration_ms=11.2
{"backend_ms":3.291,"genid":"5eb4e43d9456b96a68ee44ffb7a58fe9137ed16bf40a670cf513c34564e44249","normalize_ms":0.287,"outcome":"success","request_id":"caf7015f2d214abeb8f521f198177e34","responsebytes":5757,"resultcount":10}
request_id=caf7015f2d214abeb8f521f198177e34 route=/v1/places status=200 duration_ms=4.4
{"backend_ms":3.166,"genid":"5eb4e43d9456b96a68ee44ffb7a58fe9137ed16bf40a670cf513c34564e44249","normalize_ms":0.293,"outcome":"success","request_id":"5a9a54b04cfd4d69a76a9d01cebe8edc","responsebytes":6771,"resultcount":10}
request_id=5a9a54b04cfd4d69a76a9d01cebe8edc route=/v1/places status=200 duration_ms=4.2
{"backend_ms":3.478,"genid":"5eb4e43d9456b96a68ee44ffb7a58fe9137ed16bf40a670cf513c34564e44249","normalize_ms":0.289,"outcome":"success","request_id":"91ed55d750974e33a2157e5881661e7f","responsebytes":6387,"resultcount":10}
request_id=91ed55d750974e33a2157e5881661e7f route=/v1/places status=200 duration_ms=4.4
{"backend_ms":3.057,"genid":"5eb4e43d9456b96a68ee44ffb7a58fe9137ed16bf40a670cf513c34564e44249","normalize_ms":0.176,"outcome":"success","request_id":"0d40d02d1909477996e13cec42dbe6da","responsebytes":3306,"resultcount":5}
request_id=0d40d02d1909477996e13cec42dbe6da route=/v1/places status=200 duration_ms=3.9
{"backend_ms":10.591,"genid":"5eb4e43d9456b96a68ee44ffb7a58fe9137ed16bf40a670cf513c34564e44249","normalize_ms":0.323,"outcome":"success","request_id":"202bdf7adfaa4389aa2ae8e5668832e7","responsebytes":5792,"resultcount":10}
request_id=202bdf7adfaa4389aa2ae8e5668832e7 route=/v1/places status=200 duration_ms=11.7
{"backend_ms":54.134,"genid":"5eb4e43d9456b96a68ee44ffb7a58fe9137ed16bf40a670cf513c34564e44249","normalize_ms":0.308,"outcome":"success","request_id":"28dae95d69c14d938eacd6b0ffa4681f","responsebytes":5979,"resultcount":10}
request_id=28dae95d69c14d938eacd6b0ffa4681f route=/v1/places status=200 duration_ms=55.3
{"backend_ms":3.421,"genid":"5eb4e43d9456b96a68ee44ffb7a58fe9137ed16bf40a670cf513c34564e44249","normalize_ms":0.278,"outcome":"success","request_id":"254797b126cd4b3ea3576f46082944e0","responsebytes":5809,"resultcount":10}
request_id=254797b126cd4b3ea3576f46082944e0 route=/v1/places status=200 duration_ms=4.6
{"backend_ms":10.908,"genid":"5eb4e43d9456b96a68ee44ffb7a58fe9137ed16bf40a670cf513c34564e44249","normalize_ms":0.286,"outcome":"success","request_id":"be4bcdf341af424eb37c53e872b441fc","responsebytes":6140,"resultcount":10}
request_id=be4bcdf341af424eb37c53e872b441fc route=/v1/places status=200 duration_ms=12.0
{"backend_ms":10.063,"genid":"5eb4e43d9456b96a68ee44ffb7a58fe9137ed16bf40a670cf513c34564e44249","normalize_ms":0.281,"outcome":"success","request_id":"761b7b8799894aa6960386d2250b74be","responsebytes":6001,"resultcount":10}
request_id=761b7b8799894aa6960386d2250b74be route=/v1/places status=200 duration_ms=11.3
{"backend_ms":3.133,"genid":"5eb4e43d9456b96a68ee44ffb7a58fe9137ed16bf40a670cf513c34564e44249","normalize_ms":0.293,"outcome":"success","request_id":"ccca25fb10e3422d8eb61a9685c44af4","responsebytes":5999,"resultcount":10}
request_id=ccca25fb10e3422d8eb61a9685c44af4 route=/v1/places status=200 duration_ms=4.2
{"backend_ms":3.966,"genid":"5eb4e43d9456b96a68ee44ffb7a58fe9137ed16bf40a670cf513c34564e44249","normalize_ms":0.295,"outcome":"success","request_id":"39acfcb77d924a09837e471d3a3b81da","responsebytes":5984,"resultcount":10}
request_id=39acfcb77d924a09837e471d3a3b81da route=/v1/places status=200 duration_ms=5.1
{"backend_ms":4.371,"genid":"5eb4e43d9456b96a68ee44ffb7a58fe9137ed16bf40a670cf513c34564e44249","normalize_ms":0.264,"outcome":"success","request_id":"127b6b1b02f54933b1b61fd65e377998","responsebytes":4622,"resultcount":10}
request_id=127b6b1b02f54933b1b61fd65e377998 route=/v1/places status=200 duration_ms=5.4
{"backend_ms":3.134,"genid":"5eb4e43d9456b96a68ee44ffb7a58fe9137ed16bf40a670cf513c34564e44249","normalize_ms":0.282,"outcome":"success","request_id":"00d8835caecb473c98ccb43527ea56f6","responsebytes":5786,"resultcount":10}
request_id=00d8835caecb473c98ccb43527ea56f6 route=/v1/places status=200 duration_ms=4.1
{"backend_ms":3.105,"genid":"5eb4e43d9456b96a68ee44ffb7a58fe9137ed16bf40a670cf513c34564e44249","normalize_ms":0.269,"outcome":"success","request_id":"6aede63d158b4bd0b844cc0d9132286f","responsebytes":4764,"resultcount":10}
request_id=6aede63d158b4bd0b844cc0d9132286f route=/v1/places status=200 duration_ms=4.3
{"backend_ms":9.982,"genid":"5eb4e43d9456b96a68ee44ffb7a58fe9137ed16bf40a670cf513c34564e44249","normalize_ms":0.298,"outcome":"success","request_id":"53549c8b011543fd8cca27d61f53e878","responsebytes":6062,"resultcount":10}
request_id=53549c8b011543fd8cca27d61f53e878 route=/v1/places status=200 duration_ms=11.1
{"backend_ms":36.722,"genid":"5eb4e43d9456b96a68ee44ffb7a58fe9137ed16bf40a670cf513c34564e44249","normalize_ms":0.309,"outcome":"success","request_id":"6628f66047bc4662b3e8a19c4a2442d8","responsebytes":6327,"resultcount":10}
request_id=6628f66047bc4662b3e8a19c4a2442d8 route=/v1/places status=200 duration_ms=37.9
{"backend_ms":43.958,"genid":"5eb4e43d9456b96a68ee44ffb7a58fe9137ed16bf40a670cf513c34564e44249","normalize_ms":0.31,"outcome":"success","request_id":"748372e8849d47bc951080cb916d2e67","responsebytes":6801,"resultcount":10}
request_id=748372e8849d47bc951080cb916d2e67 route=/v1/places status=200 duration_ms=45.2
{"backend_ms":3.827,"genid":"5eb4e43d9456b96a68ee44ffb7a58fe9137ed16bf40a670cf513c34564e44249","normalize_ms":0.29,"outcome":"success","request_id":"4f5572dd089c4a1da539cd03c7000f1f","responsebytes":5641,"resultcount":10}
request_id=4f5572dd089c4a1da539cd03c7000f1f route=/v1/places status=200 duration_ms=5.1
{"backend_ms":3.205,"genid":"5eb4e43d9456b96a68ee44ffb7a58fe9137ed16bf40a670cf513c34564e44249","normalize_ms":0.29,"outcome":"success","request_id":"62fe654cb161419a95b99917a8897112","responsebytes":6246,"resultcount":10}
request_id=62fe654cb161419a95b99917a8897112 route=/v1/places status=200 duration_ms=4.3
{"backend_ms":3.092,"genid":"5eb4e43d9456b96a68ee44ffb7a58fe9137ed16bf40a670cf513c34564e44249","normalize_ms":0.269,"outcome":"success","request_id":"aa3c3a38cafb4737b39c8f7f6ad78f16","responsebytes":5795,"resultcount":10}
request_id=aa3c3a38cafb4737b39c8f7f6ad78f16 route=/v1/places status=200 duration_ms=4.3
{"backend_ms":3.596,"genid":"5eb4e43d9456b96a68ee44ffb7a58fe9137ed16bf40a670cf513c34564e44249","normalize_ms":0.275,"outcome":"success","request_id":"3ce85f3358e548768b927d6a9631a028","responsebytes":6291,"resultcount":10}
request_id=3ce85f3358e548768b927d6a9631a028 route=/v1/places status=200 duration_ms=4.7
{"backend_ms":3.436,"genid":"5eb4e43d9456b96a68ee44ffb7a58fe9137ed16bf40a670cf513c34564e44249","normalize_ms":0.278,"outcome":"success","request_id":"ce800aca31fe4c3b853e7499d59ec016","responsebytes":5913,"resultcount":10}
request_id=ce800aca31fe4c3b853e7499d59ec016 route=/v1/places status=200 duration_ms=4.5
{"backend_ms":22.582,"genid":"5eb4e43d9456b96a68ee44ffb7a58fe9137ed16bf40a670cf513c34564e44249","normalize_ms":0.316,"outcome":"success","request_id":"fbcf51f8fcb54fcf8867d726b506d77f","responsebytes":5955,"resultcount":10}
request_id=fbcf51f8fcb54fcf8867d726b506d77f route=/v1/places status=200 duration_ms=23.8
{"backend_ms":10.489,"genid":"5eb4e43d9456b96a68ee44ffb7a58fe9137ed16bf40a670cf513c34564e44249","normalize_ms":0.281,"outcome":"success","request_id":"e9365d0fa78c4857aab1ffbca4177300","responsebytes":5887,"resultcount":10}
request_id=e9365d0fa78c4857aab1ffbca4177300 route=/v1/places status=200 duration_ms=11.6
{"backend_ms":3.061,"genid":"5eb4e43d9456b96a68ee44ffb7a58fe9137ed16bf40a670cf513c34564e44249","normalize_ms":0.296,"outcome":"success","request_id":"4c8903a85d604be3b3cc9d7bc796bf7b","responsebytes":5782,"resultcount":10}
request_id=4c8903a85d604be3b3cc9d7bc796bf7b route=/v1/places status=200 duration_ms=4.1
{"backend_ms":27.502,"genid":"5eb4e43d9456b96a68ee44ffb7a58fe9137ed16bf40a670cf513c34564e44249","normalize_ms":0.308,"outcome":"success","request_id":"dbd89b09c6a5484cbe991357a6895ef7","responsebytes":6513,"resultcount":10}
request_id=dbd89b09c6a5484cbe991357a6895ef7 route=/v1/places status=200 duration_ms=28.7
{"backend_ms":3.458,"genid":"5eb4e43d9456b96a68ee44ffb7a58fe9137ed16bf40a670cf513c34564e44249","normalize_ms":0.282,"outcome":"success","request_id":"74fb9fd0c9f849a4ba2a072ee23ef22e","responsebytes":5116,"resultcount":10}
request_id=74fb9fd0c9f849a4ba2a072ee23ef22e route=/v1/places status=200 duration_ms=4.6
{"backend_ms":9.699,"genid":"5eb4e43d9456b96a68ee44ffb7a58fe9137ed16bf40a670cf513c34564e44249","normalize_ms":0.287,"outcome":"success","request_id":"01befaf73255468fada873b642bd9582","responsebytes":5871,"resultcount":10}
request_id=01befaf73255468fada873b642bd9582 route=/v1/places status=200 duration_ms=10.8
{"backend_ms":6.772,"genid":"5eb4e43d9456b96a68ee44ffb7a58fe9137ed16bf40a670cf513c34564e44249","normalize_ms":0.281,"outcome":"success","request_id":"bfc1411bd712454aaa677ba89d8c858f","responsebytes":5766,"resultcount":10}
request_id=bfc1411bd712454aaa677ba89d8c858f route=/v1/places status=200 duration_ms=7.9
{"backend_ms":8.931,"genid":"5eb4e43d9456b96a68ee44ffb7a58fe9137ed16bf40a670cf513c34564e44249","normalize_ms":0.277,"outcome":"success","request_id":"71ea341d06d845c886201df00ecdb207","responsebytes":6052,"resultcount":10}
request_id=71ea341d06d845c886201df00ecdb207 route=/v1/places status=200 duration_ms=10.1
{"backend_ms":3.328,"genid":"5eb4e43d9456b96a68ee44ffb7a58fe9137ed16bf40a670cf513c34564e44249","normalize_ms":0.28,"outcome":"success","request_id":"5ae2dfa6613b4d5687b634665f8face0","responsebytes":5959,"resultcount":10}
request_id=5ae2dfa6613b4d5687b634665f8face0 route=/v1/places status=200 duration_ms=4.4
{"backend_ms":13.126,"genid":"5eb4e43d9456b96a68ee44ffb7a58fe9137ed16bf40a670cf513c34564e44249","normalize_ms":0.274,"outcome":"success","request_id":"d34eecf6fc4b4bae8db5ac86295e5061","responsebytes":4949,"resultcount":10}
request_id=d34eecf6fc4b4bae8db5ac86295e5061 route=/v1/places status=200 duration_ms=14.2
{"backend_ms":65.693,"genid":"5eb4e43d9456b96a68ee44ffb7a58fe9137ed16bf40a670cf513c34564e44249","normalize_ms":0.313,"outcome":"success","request_id":"6312f5b841714ebf97f7be0c61c24521","responsebytes":5598,"resultcount":10}
request_id=6312f5b841714ebf97f7be0c61c24521 route=/v1/places status=200 duration_ms=67.0
{"backend_ms":13.342,"genid":"5eb4e43d9456b96a68ee44ffb7a58fe9137ed16bf40a670cf513c34564e44249","normalize_ms":0.293,"outcome":"success","request_id":"8a609fced1c1419a8b6954e3faa9e929","responsebytes":5769,"resultcount":10}
request_id=8a609fced1c1419a8b6954e3faa9e929 route=/v1/places status=200 duration_ms=14.7
{"backend_ms":9.208,"genid":"5eb4e43d9456b96a68ee44ffb7a58fe9137ed16bf40a670cf513c34564e44249","normalize_ms":0.29,"outcome":"success","request_id":"3734fed0b19644c8b3b8baf4d7b758c0","responsebytes":5791,"resultcount":10}
request_id=3734fed0b19644c8b3b8baf4d7b758c0 route=/v1/places status=200 duration_ms=10.4
{"backend_ms":15.3,"genid":"5eb4e43d9456b96a68ee44ffb7a58fe9137ed16bf40a670cf513c34564e44249","normalize_ms":0.304,"outcome":"success","request_id":"90b847c4a9bd463ba20b3b50cbbe1718","responsebytes":6426,"resultcount":10}
request_id=90b847c4a9bd463ba20b3b50cbbe1718 route=/v1/places status=200 duration_ms=16.5
{"backend_ms":56.977,"genid":"5eb4e43d9456b96a68ee44ffb7a58fe9137ed16bf40a670cf513c34564e44249","normalize_ms":0.322,"outcome":"success","request_id":"36fed7545fb54a609d94816a55391d9a","responsebytes":6413,"resultcount":10}
request_id=36fed7545fb54a609d94816a55391d9a route=/v1/places status=200 duration_ms=58.2
{"backend_ms":23.921,"genid":"5eb4e43d9456b96a68ee44ffb7a58fe9137ed16bf40a670cf513c34564e44249","normalize_ms":0.321,"outcome":"success","request_id":"601f9f7b441d46e39d068430d478160f","responsebytes":6135,"resultcount":10}
request_id=601f9f7b441d46e39d068430d478160f route=/v1/places status=200 duration_ms=25.2
{"backend_ms":3.65,"genid":"5eb4e43d9456b96a68ee44ffb7a58fe9137ed16bf40a670cf513c34564e44249","normalize_ms":0.115,"outcome":"success","request_id":"1506b529503947acb7e80d7ce247297a","responsebytes":1165,"resultcount":2}
request_id=1506b529503947acb7e80d7ce247297a route=/v1/places status=200 duration_ms=4.6
{"backend_ms":3.394,"genid":"5eb4e43d9456b96a68ee44ffb7a58fe9137ed16bf40a670cf513c34564e44249","normalize_ms":0.305,"outcome":"success","request_id":"79489d4937cb47d19bbc6bfb81544fdc","responsebytes":5597,"resultcount":10}
request_id=79489d4937cb47d19bbc6bfb81544fdc route=/v1/places status=200 duration_ms=4.5
{"backend_ms":2.982,"genid":"5eb4e43d9456b96a68ee44ffb7a58fe9137ed16bf40a670cf513c34564e44249","normalize_ms":0.243,"outcome":"success","request_id":"db75a26edc344878aa635cfc47f99f05","responsebytes":4049,"resultcount":8}
request_id=db75a26edc344878aa635cfc47f99f05 route=/v1/places status=200 duration_ms=3.9
{"backend_ms":2.809,"genid":"5eb4e43d9456b96a68ee44ffb7a58fe9137ed16bf40a670cf513c34564e44249","normalize_ms":0.284,"outcome":"success","request_id":"013c7a2b09f14537833b3f098fe5cabc","responsebytes":4458,"resultcount":10}
request_id=013c7a2b09f14537833b3f098fe5cabc route=/v1/places status=200 duration_ms=3.9
{"backend_ms":4.514,"genid":"5eb4e43d9456b96a68ee44ffb7a58fe9137ed16bf40a670cf513c34564e44249","normalize_ms":0.313,"outcome":"success","request_id":"1d34f0c0517549e4844cba39414a6630","responsebytes":5915,"resultcount":10}
request_id=1d34f0c0517549e4844cba39414a6630 route=/v1/places status=200 duration_ms=5.6
{"backend_ms":8.109,"genid":"5eb4e43d9456b96a68ee44ffb7a58fe9137ed16bf40a670cf513c34564e44249","normalize_ms":0.304,"outcome":"success","request_id":"9da8bcefb9114be4bd1ba269662380cf","responsebytes":5018,"resultcount":10}
request_id=9da8bcefb9114be4bd1ba269662380cf route=/v1/places status=200 duration_ms=9.3
{"backend_ms":3.472,"genid":"5eb4e43d9456b96a68ee44ffb7a58fe9137ed16bf40a670cf513c34564e44249","normalize_ms":0.305,"outcome":"success","request_id":"a45d069390f14bb6809fe6c4116a6983","responsebytes":5742,"resultcount":10}
request_id=a45d069390f14bb6809fe6c4116a6983 route=/v1/places status=200 duration_ms=4.7
{"backend_ms":3.692,"genid":"5eb4e43d9456b96a68ee44ffb7a58fe9137ed16bf40a670cf513c34564e44249","normalize_ms":0.316,"outcome":"success","request_id":"180b5f0fc96049ff86cea9b91ba9c47f","responsebytes":5834,"resultcount":10}
request_id=180b5f0fc96049ff86cea9b91ba9c47f route=/v1/places status=200 duration_ms=4.9
{"backend_ms":4.136,"genid":"5eb4e43d9456b96a68ee44ffb7a58fe9137ed16bf40a670cf513c34564e44249","normalize_ms":0.334,"outcome":"success","request_id":"3b34d9db97514888bb5f48faa70352e6","responsebytes":5770,"resultcount":10}
request_id=3b34d9db97514888bb5f48faa70352e6 route=/v1/places status=200 duration_ms=5.4
{"backend_ms":3.021,"genid":"5eb4e43d9456b96a68ee44ffb7a58fe9137ed16bf40a670cf513c34564e44249","normalize_ms":0.085,"outcome":"success","request_id":"cd9d73cad77e4c78830b8f6d6e80e99a","responsebytes":558,"resultcount":1}
request_id=cd9d73cad77e4c78830b8f6d6e80e99a route=/v1/places status=200 duration_ms=3.8
{"backend_ms":6.913,"genid":"5eb4e43d9456b96a68ee44ffb7a58fe9137ed16bf40a670cf513c34564e44249","normalize_ms":0.338,"outcome":"success","request_id":"a221b8afeb8642adaccfd53ec1694a7d","responsebytes":6230,"resultcount":10}
request_id=a221b8afeb8642adaccfd53ec1694a7d route=/v1/places status=200 duration_ms=8.2
{"backend_ms":3.692,"genid":"5eb4e43d9456b96a68ee44ffb7a58fe9137ed16bf40a670cf513c34564e44249","normalize_ms":0.296,"outcome":"success","request_id":"a6fff60cda96441b858b80fd6f417c21","responsebytes":5361,"resultcount":10}
request_id=a6fff60cda96441b858b80fd6f417c21 route=/v1/places status=200 duration_ms=4.9
{"backend_ms":2.901,"genid":"5eb4e43d9456b96a68ee44ffb7a58fe9137ed16bf40a670cf513c34564e44249","normalize_ms":0.232,"outcome":"success","request_id":"c0400749eda047faaa0470e791977dd1","responsebytes":4450,"resultcount":8}
request_id=c0400749eda047faaa0470e791977dd1 route=/v1/places status=200 duration_ms=3.8
{"backend_ms":3.314,"genid":"5eb4e43d9456b96a68ee44ffb7a58fe9137ed16bf40a670cf513c34564e44249","normalize_ms":0.287,"outcome":"success","request_id":"aca9bd973d4f4740b6e87cfd1c6ba884","responsebytes":5285,"resultcount":10}
request_id=aca9bd973d4f4740b6e87cfd1c6ba884 route=/v1/places status=200 duration_ms=4.2
{"backend_ms":3.051,"genid":"5eb4e43d9456b96a68ee44ffb7a58fe9137ed16bf40a670cf513c34564e44249","normalize_ms":0.264,"outcome":"success","request_id":"f3b34639fb5d4842bc5958ba1c969989","responsebytes":5668,"resultcount":10}
request_id=f3b34639fb5d4842bc5958ba1c969989 route=/v1/places status=200 duration_ms=4.1
{"backend_ms":3.471,"genid":"5eb4e43d9456b96a68ee44ffb7a58fe9137ed16bf40a670cf513c34564e44249","normalize_ms":0.277,"outcome":"success","request_id":"d77d6e0f473845bfb74e02703186242c","responsebytes":5590,"resultcount":10}
request_id=d77d6e0f473845bfb74e02703186242c route=/v1/places status=200 duration_ms=4.5
{"backend_ms":17.882,"genid":"5eb4e43d9456b96a68ee44ffb7a58fe9137ed16bf40a670cf513c34564e44249","normalize_ms":0.369,"outcome":"success","request_id":"12f2ba6741424e7ab4e383caed7eab90","responsebytes":5991,"resultcount":10}
request_id=12f2ba6741424e7ab4e383caed7eab90 route=/v1/places status=200 duration_ms=19.2
{"backend_ms":25.084,"genid":"5eb4e43d9456b96a68ee44ffb7a58fe9137ed16bf40a670cf513c34564e44249","normalize_ms":0.327,"outcome":"success","request_id":"b318ebae70034a89a400bfc5421b730d","responsebytes":6583,"resultcount":10}
request_id=b318ebae70034a89a400bfc5421b730d route=/v1/places status=200 duration_ms=26.4
{"backend_ms":3.422,"genid":"5eb4e43d9456b96a68ee44ffb7a58fe9137ed16bf40a670cf513c34564e44249","normalize_ms":0.287,"outcome":"success","request_id":"b23d9f21047246b3a1656199f710bb60","responsebytes":5734,"resultcount":10}
request_id=b23d9f21047246b3a1656199f710bb60 route=/v1/places status=200 duration_ms=4.6
{"backend_ms":2.924,"genid":"5eb4e43d9456b96a68ee44ffb7a58fe9137ed16bf40a670cf513c34564e44249","normalize_ms":0.146,"outcome":"success","request_id":"3074da0c705f412d80a09ec586b4a248","responsebytes":2273,"resultcount":4}
request_id=3074da0c705f412d80a09ec586b4a248 route=/v1/places status=200 duration_ms=3.7
{"backend_ms":3.559,"genid":"5eb4e43d9456b96a68ee44ffb7a58fe9137ed16bf40a670cf513c34564e44249","normalize_ms":0.31,"outcome":"success","request_id":"e04006f0863543ab947b9a9858e8e30c","responsebytes":5523,"resultcount":10}
request_id=e04006f0863543ab947b9a9858e8e30c route=/v1/places status=200 duration_ms=4.7
{"backend_ms":3.175,"genid":"5eb4e43d9456b96a68ee44ffb7a58fe9137ed16bf40a670cf513c34564e44249","normalize_ms":0.288,"outcome":"success","request_id":"670f7b55b5fe4fcab40839c89177619d","responsebytes":5662,"resultcount":10}
request_id=670f7b55b5fe4fcab40839c89177619d route=/v1/places status=200 duration_ms=4.3
{"backend_ms":3.447,"genid":"5eb4e43d9456b96a68ee44ffb7a58fe9137ed16bf40a670cf513c34564e44249","normalize_ms":0.282,"outcome":"success","request_id":"3351c7d80a8f4829b428491e9ac5a5e5","responsebytes":5517,"resultcount":10}
request_id=3351c7d80a8f4829b428491e9ac5a5e5 route=/v1/places status=200 duration_ms=4.5
{"backend_ms":2.687,"genid":"5eb4e43d9456b96a68ee44ffb7a58fe9137ed16bf40a670cf513c34564e44249","normalize_ms":0.068,"outcome":"success","request_id":"5a2fdbed468d4f1abf94ca94d4d117c0","responsebytes":722,"resultcount":1}
request_id=5a2fdbed468d4f1abf94ca94d4d117c0 route=/v1/places status=200 duration_ms=3.3
{"backend_ms":3.567,"genid":"5eb4e43d9456b96a68ee44ffb7a58fe9137ed16bf40a670cf513c34564e44249","normalize_ms":0.276,"outcome":"success","request_id":"1470169a9d324033b952aef9db3a9f91","responsebytes":5814,"resultcount":10}
request_id=1470169a9d324033b952aef9db3a9f91 route=/v1/places status=200 duration_ms=4.6
{"backend_ms":3.242,"genid":"5eb4e43d9456b96a68ee44ffb7a58fe9137ed16bf40a670cf513c34564e44249","normalize_ms":0.281,"outcome":"success","request_id":"707c9679480e483a8228528d45c91826","responsebytes":5555,"resultcount":10}
request_id=707c9679480e483a8228528d45c91826 route=/v1/places status=200 duration_ms=4.3
{"backend_ms":9.871,"genid":"5eb4e43d9456b96a68ee44ffb7a58fe9137ed16bf40a670cf513c34564e44249","normalize_ms":0.348,"outcome":"success","request_id":"83dd7529e38c4c928427e23aa4ad29a1","responsebytes":6241,"resultcount":10}
request_id=83dd7529e38c4c928427e23aa4ad29a1 route=/v1/places status=200 duration_ms=11.1
{"backend_ms":3.265,"genid":"5eb4e43d9456b96a68ee44ffb7a58fe9137ed16bf40a670cf513c34564e44249","normalize_ms":0.291,"outcome":"success","request_id":"629524fd0f644b869f3ae5e82c10b7dd","responsebytes":4166,"resultcount":10}
request_id=629524fd0f644b869f3ae5e82c10b7dd route=/v1/places status=200 duration_ms=4.5
{"backend_ms":5.043,"genid":"5eb4e43d9456b96a68ee44ffb7a58fe9137ed16bf40a670cf513c34564e44249","normalize_ms":0.301,"outcome":"success","request_id":"2cdf6bdb2a4d40ce8096afd46f004d1f","responsebytes":5959,"resultcount":10}
request_id=2cdf6bdb2a4d40ce8096afd46f004d1f route=/v1/places status=200 duration_ms=6.2
{"backend_ms":8.667,"genid":"5eb4e43d9456b96a68ee44ffb7a58fe9137ed16bf40a670cf513c34564e44249","normalize_ms":0.338,"outcome":"success","request_id":"496fd8cf80a143d1b50f488af194e922","responsebytes":6197,"resultcount":10}
request_id=496fd8cf80a143d1b50f488af194e922 route=/v1/places status=200 duration_ms=10.0
{"backend_ms":10.483,"genid":"5eb4e43d9456b96a68ee44ffb7a58fe9137ed16bf40a670cf513c34564e44249","normalize_ms":0.35,"outcome":"success","request_id":"21fb86de96a647a3a47808a144fa0216","responsebytes":5761,"resultcount":10}
request_id=21fb86de96a647a3a47808a144fa0216 route=/v1/places status=200 duration_ms=11.8
{"backend_ms":3.224,"genid":"5eb4e43d9456b96a68ee44ffb7a58fe9137ed16bf40a670cf513c34564e44249","normalize_ms":0.299,"outcome":"success","request_id":"6d5bfa4cd2b140cb8717de43e3c90807","responsebytes":5341,"resultcount":10}
request_id=6d5bfa4cd2b140cb8717de43e3c90807 route=/v1/places status=200 duration_ms=4.3
{"genid":"5eb4e43d9456b96a68ee44ffb7a58fe9137ed16bf40a670cf513c34564e44249","outcome":"success","request_id":"e36cce528db8422caa66230cf3d90875","resultcount":3,"search_ms":4.81}
request_id=e36cce528db8422caa66230cf3d90875 route=/v1/places status=200 duration_ms=5.6
{"genid":"5eb4e43d9456b96a68ee44ffb7a58fe9137ed16bf40a670cf513c34564e44249","outcome":"success","request_id":"84633906cbae404fb1f7962aa4472890","resultcount":1,"search_ms":4.958}
request_id=84633906cbae404fb1f7962aa4472890 route=/v1/places status=200 duration_ms=5.6
{"backend_ms":12.239,"genid":"5eb4e43d9456b96a68ee44ffb7a58fe9137ed16bf40a670cf513c34564e44249","normalize_ms":1.981,"outcome":"success","request_id":"2e693c794bf04cda841e7dfa9bfc5e62","responsebytes":927,"resultcount":2}
request_id=2e693c794bf04cda841e7dfa9bfc5e62 route=/v1/places status=200 duration_ms=14.9
{"backend_ms":11.051,"genid":"5eb4e43d9456b96a68ee44ffb7a58fe9137ed16bf40a670cf513c34564e44249","normalize_ms":1.423,"outcome":"success","request_id":"a44f182885624a42a115dfde75ca692b","responsebytes":878,"resultcount":2}
request_id=a44f182885624a42a115dfde75ca692b route=/v1/places status=200 duration_ms=13.2
{"backend_ms":12.935,"genid":"5eb4e43d9456b96a68ee44ffb7a58fe9137ed16bf40a670cf513c34564e44249","normalize_ms":4.604,"outcome":"success","request_id":"c2fecf4317594bbebc7369222904be45","responsebytes":2420,"resultcount":7}
request_id=c2fecf4317594bbebc7369222904be45 route=/v1/places status=200 duration_ms=18.6
{"backend_ms":11.632,"genid":"5eb4e43d9456b96a68ee44ffb7a58fe9137ed16bf40a670cf513c34564e44249","normalize_ms":2.535,"outcome":"success","request_id":"89aeebba50b6490a91f64ef8cf702279","responsebytes":1000,"resultcount":3}
request_id=89aeebba50b6490a91f64ef8cf702279 route=/v1/places status=200 duration_ms=15.1
{"backend_ms":10.037,"genid":"5eb4e43d9456b96a68ee44ffb7a58fe9137ed16bf40a670cf513c34564e44249","normalize_ms":0.762,"outcome":"success","request_id":"e5c662243a284ac3b34e9a8ac7ba91d4","responsebytes":516,"resultcount":1}
request_id=e5c662243a284ac3b34e9a8ac7ba91d4 route=/v1/places status=200 duration_ms=11.7
{"backend_ms":11.055,"genid":"5eb4e43d9456b96a68ee44ffb7a58fe9137ed16bf40a670cf513c34564e44249","normalize_ms":0.902,"outcome":"success","request_id":"c07e3faeebf84b53b74aa96b0f1dbd0d","responsebytes":384,"resultcount":1}
request_id=c07e3faeebf84b53b74aa96b0f1dbd0d route=/v1/places status=200 duration_ms=12.8
{"backend_ms":10.312,"genid":"5eb4e43d9456b96a68ee44ffb7a58fe9137ed16bf40a670cf513c34564e44249","normalize_ms":0.953,"outcome":"success","request_id":"65d5773f114641f4ab61ab39249bcc16","responsebytes":462,"resultcount":1}
request_id=65d5773f114641f4ab61ab39249bcc16 route=/v1/places status=200 duration_ms=12.2
{"genid":"5eb4e43d9456b96a68ee44ffb7a58fe9137ed16bf40a670cf513c34564e44249","outcome":"success","request_id":"9f8fd3aa0526485cbc117c54b05573b8","resultcount":10,"search_ms":7.401}
{"backend_ms":9.599,"genid":"5eb4e43d9456b96a68ee44ffb7a58fe9137ed16bf40a670cf513c34564e44249","normalize_ms":0.329,"outcome":"success","request_id":"9f8fd3aa0526485cbc117c54b05573b8","responsebytes":6320,"resultcount":10}
{"backend_ms":17.212,"genid":"5eb4e43d9456b96a68ee44ffb7a58fe9137ed16bf40a670cf513c34564e44249","normalize_ms":0.578,"outcome":"success","request_id":"9f8fd3aa0526485cbc117c54b05573b8","responsebytes":1826,"resultcount":5}
request_id=9f8fd3aa0526485cbc117c54b05573b8 route=/v1/places status=200 duration_ms=19.0
{"backend_ms":31.86,"genid":"5eb4e43d9456b96a68ee44ffb7a58fe9137ed16bf40a670cf513c34564e44249","normalize_ms":0.181,"outcome":"success","request_id":"55a0e1903c904a18ab191f57c9a5bb4d","responsebytes":501,"resultcount":1}
request_id=55a0e1903c904a18ab191f57c9a5bb4d route=/v1/places status=200 duration_ms=32.8
{"backend_ms":3.511,"genid":"5eb4e43d9456b96a68ee44ffb7a58fe9137ed16bf40a670cf513c34564e44249","normalize_ms":0.322,"outcome":"success","request_id":"5171c2500f9e45e6bbd21504d1a335ac","responsebytes":6929,"resultcount":10}
request_id=5171c2500f9e45e6bbd21504d1a335ac route=/v1/places status=200 duration_ms=4.7
{"backend_ms":10.813,"genid":"5eb4e43d9456b96a68ee44ffb7a58fe9137ed16bf40a670cf513c34564e44249","normalize_ms":0.239,"outcome":"success","request_id":"672eb0d47b134aed86d6d921cb070f14","responsebytes":829,"resultcount":2}
request_id=672eb0d47b134aed86d6d921cb070f14 route=/v1/places status=200 duration_ms=11.9
{"backend_ms":3.459,"genid":"5eb4e43d9456b96a68ee44ffb7a58fe9137ed16bf40a670cf513c34564e44249","normalize_ms":0.331,"outcome":"success","request_id":"6bb22ae7339f468390253c9353b2bd3c","responsebytes":5285,"resultcount":10}
request_id=6bb22ae7339f468390253c9353b2bd3c route=/v1/places status=200 duration_ms=4.5
{"genid":"5eb4e43d9456b96a68ee44ffb7a58fe9137ed16bf40a670cf513c34564e44249","outcome":"success","request_id":"cccde41cbc494d20bcb99041c1b57901","resultcount":3,"search_ms":2.22}
request_id=cccde41cbc494d20bcb99041c1b57901 route=/v1/places status=200 duration_ms=3.1
{"genid":"5eb4e43d9456b96a68ee44ffb7a58fe9137ed16bf40a670cf513c34564e44249","outcome":"success","request_id":"3c2fb97b0686433cabba9e3c739981a2","resultcount":10,"search_ms":9.793}
{"backend_ms":10.92,"genid":"5eb4e43d9456b96a68ee44ffb7a58fe9137ed16bf40a670cf513c34564e44249","normalize_ms":0.328,"outcome":"success","request_id":"3c2fb97b0686433cabba9e3c739981a2","responsebytes":5786,"resultcount":10}
{"backend_ms":13.753,"genid":"5eb4e43d9456b96a68ee44ffb7a58fe9137ed16bf40a670cf513c34564e44249","normalize_ms":0.23,"outcome":"success","request_id":"3c2fb97b0686433cabba9e3c739981a2","responsebytes":919,"resultcount":2}
request_id=3c2fb97b0686433cabba9e3c739981a2 route=/v1/places status=200 duration_ms=15.1
{"backend_ms":3.438,"genid":"5eb4e43d9456b96a68ee44ffb7a58fe9137ed16bf40a670cf513c34564e44249","normalize_ms":0.31,"outcome":"success","request_id":"f49e9a063b4643cca67908ef512306a0","responsebytes":5790,"resultcount":10}
request_id=f49e9a063b4643cca67908ef512306a0 route=/v1/places status=200 duration_ms=4.6
{"genid":"5eb4e43d9456b96a68ee44ffb7a58fe9137ed16bf40a670cf513c34564e44249","outcome":"success","request_id":"20a64d632c2c419ca1d64c88f6fbeae4","resultcount":10,"search_ms":6.906}
{"backend_ms":9.357,"genid":"5eb4e43d9456b96a68ee44ffb7a58fe9137ed16bf40a670cf513c34564e44249","normalize_ms":0.32,"outcome":"success","request_id":"20a64d632c2c419ca1d64c88f6fbeae4","responsebytes":6019,"resultcount":10}
{"backend_ms":27.539,"genid":"5eb4e43d9456b96a68ee44ffb7a58fe9137ed16bf40a670cf513c34564e44249","normalize_ms":0.432,"outcome":"success","request_id":"20a64d632c2c419ca1d64c88f6fbeae4","responsebytes":1998,"resultcount":5}
request_id=20a64d632c2c419ca1d64c88f6fbeae4 route=/v1/places status=200 duration_ms=29.3
{"backend_ms":11.43,"genid":"5eb4e43d9456b96a68ee44ffb7a58fe9137ed16bf40a670cf513c34564e44249","normalize_ms":0.2,"outcome":"success","request_id":"a64a22b6a9a643cbb3e2460f313e5838","responsebytes":371,"resultcount":1}
request_id=a64a22b6a9a643cbb3e2460f313e5838 route=/v1/places status=200 duration_ms=12.4
{"backend_ms":3.407,"genid":"5eb4e43d9456b96a68ee44ffb7a58fe9137ed16bf40a670cf513c34564e44249","normalize_ms":0.334,"outcome":"success","request_id":"b9b6aa2cc84b4e4bb34e3c908df4fc4a","responsebytes":5786,"resultcount":10}
request_id=b9b6aa2cc84b4e4bb34e3c908df4fc4a route=/v1/places status=200 duration_ms=4.6
{"genid":"5eb4e43d9456b96a68ee44ffb7a58fe9137ed16bf40a670cf513c34564e44249","outcome":"success","request_id":"848f414c3d574907b02a868c503e9499","resultcount":2,"search_ms":4.223}
request_id=848f414c3d574907b02a868c503e9499 route=/v1/places status=200 duration_ms=5.2
{"genid":"5eb4e43d9456b96a68ee44ffb7a58fe9137ed16bf40a670cf513c34564e44249","outcome":"validempty","request_id":"fbd496c25e0740f89347da4704ea33cd","resultcount":0,"search_ms":1.137}
{"backend_ms":4.51,"genid":"5eb4e43d9456b96a68ee44ffb7a58fe9137ed16bf40a670cf513c34564e44249","normalize_ms":0.34,"outcome":"success","request_id":"fbd496c25e0740f89347da4704ea33cd","responsebytes":5819,"resultcount":10}
{"backend_ms":16.086,"genid":"5eb4e43d9456b96a68ee44ffb7a58fe9137ed16bf40a670cf513c34564e44249","normalize_ms":0.019,"outcome":"validempty","request_id":"fbd496c25e0740f89347da4704ea33cd","responsebytes":42,"resultcount":0}
request_id=fbd496c25e0740f89347da4704ea33cd route=/v1/places status=200 duration_ms=17.1
{"backend_ms":4.722,"genid":"5eb4e43d9456b96a68ee44ffb7a58fe9137ed16bf40a670cf513c34564e44249","normalize_ms":0.335,"outcome":"success","request_id":"5ee17625b4d04667aaa6662a6de9e8c0","responsebytes":5734,"resultcount":10}
request_id=5ee17625b4d04667aaa6662a6de9e8c0 route=/v1/places status=200 duration_ms=6.0
{"backend_ms":10.409,"genid":"5eb4e43d9456b96a68ee44ffb7a58fe9137ed16bf40a670cf513c34564e44249","normalize_ms":0.354,"outcome":"success","request_id":"9fdaf24028cf4e25a3a0e6fd85a4bc9a","responsebytes":5697,"resultcount":10}
{"genid":"5eb4e43d9456b96a68ee44ffb7a58fe9137ed16bf40a670cf513c34564e44249","outcome":"success","request_id":"9fdaf24028cf4e25a3a0e6fd85a4bc9a","resultcount":10,"search_ms":20.807}
{"backend_ms":22.427,"genid":"5eb4e43d9456b96a68ee44ffb7a58fe9137ed16bf40a670cf513c34564e44249","normalize_ms":0.018,"outcome":"validempty","request_id":"9fdaf24028cf4e25a3a0e6fd85a4bc9a","responsebytes":42,"resultcount":0}
request_id=9fdaf24028cf4e25a3a0e6fd85a4bc9a route=/v1/places status=200 duration_ms=23.6
{"backend_ms":4.142,"genid":"5eb4e43d9456b96a68ee44ffb7a58fe9137ed16bf40a670cf513c34564e44249","normalize_ms":0.128,"outcome":"success","request_id":"f452d54db12c473ab25dd1080c1a796c","responsebytes":1128,"resultcount":2}
request_id=f452d54db12c473ab25dd1080c1a796c route=/v1/places status=200 duration_ms=5.0
{"backend_ms":5.994,"genid":"5eb4e43d9456b96a68ee44ffb7a58fe9137ed16bf40a670cf513c34564e44249","normalize_ms":0.339,"outcome":"success","request_id":"449974f9c22d4572b3fc48742a05e827","responsebytes":5883,"resultcount":10}
request_id=449974f9c22d4572b3fc48742a05e827 route=/v1/places status=200 duration_ms=7.2
{"backend_ms":4.368,"genid":"5eb4e43d9456b96a68ee44ffb7a58fe9137ed16bf40a670cf513c34564e44249","normalize_ms":0.377,"outcome":"success","request_id":"873b36561a0549218ae9dc6da3ee069f","responsebytes":5594,"resultcount":10}
request_id=873b36561a0549218ae9dc6da3ee069f route=/v1/places status=200 duration_ms=5.6
{"backend_ms":3.338,"genid":"5eb4e43d9456b96a68ee44ffb7a58fe9137ed16bf40a670cf513c34564e44249","normalize_ms":0.316,"outcome":"success","request_id":"3b79535378ba472486f0306352daac30","responsebytes":5742,"resultcount":10}
request_id=3b79535378ba472486f0306352daac30 route=/v1/places status=200 duration_ms=4.5
{"backend_ms":4.604,"genid":"5eb4e43d9456b96a68ee44ffb7a58fe9137ed16bf40a670cf513c34564e44249","normalize_ms":0.368,"outcome":"success","request_id":"8d6e4a47a9dd40d4a5b9c464bbceed3a","responsebytes":6771,"resultcount":10}
request_id=8d6e4a47a9dd40d4a5b9c464bbceed3a route=/v1/places status=200 duration_ms=6.0
{"genid":"5eb4e43d9456b96a68ee44ffb7a58fe9137ed16bf40a670cf513c34564e44249","outcome":"success","request_id":"08b8a9aabe3a48dda3d1cd48870ae2be","resultcount":10,"search_ms":13.376}
request_id=08b8a9aabe3a48dda3d1cd48870ae2be route=/v1/places status=200 duration_ms=14.7
{"backend_ms":10.225,"genid":"5eb4e43d9456b96a68ee44ffb7a58fe9137ed16bf40a670cf513c34564e44249","normalize_ms":0.212,"outcome":"success","request_id":"af37e48ebc124565ad0bae445bd7f264","responsebytes":516,"resultcount":1}
request_id=af37e48ebc124565ad0bae445bd7f264 route=/v1/places status=200 duration_ms=11.2
{"backend_ms":10.829,"genid":"5eb4e43d9456b96a68ee44ffb7a58fe9137ed16bf40a670cf513c34564e44249","normalize_ms":0.274,"outcome":"success","request_id":"290294eb54e84799a28ae8768bb3dc65","responsebytes":878,"resultcount":2}
request_id=290294eb54e84799a28ae8768bb3dc65 route=/v1/places status=200 duration_ms=11.9
{"backend_ms":4.265,"genid":"5eb4e43d9456b96a68ee44ffb7a58fe9137ed16bf40a670cf513c34564e44249","normalize_ms":0.425,"outcome":"success","request_id":"97932f07cc2e4fb599351c5d974d6d0a","responsebytes":6291,"resultcount":10}
request_id=97932f07cc2e4fb599351c5d974d6d0a route=/v1/places status=200 duration_ms=5.7
{"genid":"5eb4e43d9456b96a68ee44ffb7a58fe9137ed16bf40a670cf513c34564e44249","outcome":"success","request_id":"525e63bc9b374b308f841de59af96c80","resultcount":2,"search_ms":6.104}
request_id=525e63bc9b374b308f841de59af96c80 route=/v1/places status=200 duration_ms=7.2
{"backend_ms":3.551,"genid":"5eb4e43d9456b96a68ee44ffb7a58fe9137ed16bf40a670cf513c34564e44249","normalize_ms":0.381,"outcome":"success","request_id":"6f4acf6bd97a4699a59aa39212b5e6c3","responsebytes":6246,"resultcount":10}
request_id=6f4acf6bd97a4699a59aa39212b5e6c3 route=/v1/places status=200 duration_ms=4.9
{"backend_ms":3.28,"genid":"5eb4e43d9456b96a68ee44ffb7a58fe9137ed16bf40a670cf513c34564e44249","normalize_ms":0.312,"outcome":"success","request_id":"9cfcbb03de52494f9d634adb964b68ec","responsebytes":5099,"resultcount":10}
request_id=9cfcbb03de52494f9d634adb964b68ec route=/v1/places status=200 duration_ms=4.6
{"backend_ms":10.929,"genid":"5eb4e43d9456b96a68ee44ffb7a58fe9137ed16bf40a670cf513c34564e44249","normalize_ms":0.329,"outcome":"success","request_id":"04b8dceb0c7c410b986b5f98aeeb871f","responsebytes":6140,"resultcount":10}
request_id=04b8dceb0c7c410b986b5f98aeeb871f route=/v1/places status=200 duration_ms=12.2
{"backend_ms":3.598,"genid":"5eb4e43d9456b96a68ee44ffb7a58fe9137ed16bf40a670cf513c34564e44249","normalize_ms":0.324,"outcome":"success","request_id":"43730f849f5c4161b8ee47ca5b19ac2b","responsebytes":5361,"resultcount":10}
request_id=43730f849f5c4161b8ee47ca5b19ac2b route=/v1/places status=200 duration_ms=4.8
{"backend_ms":3.263,"genid":"5eb4e43d9456b96a68ee44ffb7a58fe9137ed16bf40a670cf513c34564e44249","normalize_ms":0.291,"outcome":"success","request_id":"6028393598d34f27859383370ea4e955","responsebytes":5814,"resultcount":10}
request_id=6028393598d34f27859383370ea4e955 route=/v1/places status=200 duration_ms=4.4
{"backend_ms":10.732,"genid":"5eb4e43d9456b96a68ee44ffb7a58fe9137ed16bf40a670cf513c34564e44249","normalize_ms":0.179,"outcome":"success","request_id":"bb823b44588d493eb9cb1cd48018418f","responsebytes":462,"resultcount":1}
request_id=bb823b44588d493eb9cb1cd48018418f route=/v1/places status=200 duration_ms=11.6
{"backend_ms":10.916,"genid":"5eb4e43d9456b96a68ee44ffb7a58fe9137ed16bf40a670cf513c34564e44249","normalize_ms":0.19,"outcome":"success","request_id":"33811dd39c494b86bed97591e02d2f65","responsebytes":377,"resultcount":1}
request_id=33811dd39c494b86bed97591e02d2f65 route=/v1/places status=200 duration_ms=11.9
{"backend_ms":9.213,"genid":"5eb4e43d9456b96a68ee44ffb7a58fe9137ed16bf40a670cf513c34564e44249","normalize_ms":0.181,"outcome":"success","request_id":"486fc456553c4fb5b6bfbc19e6905f2e","responsebytes":368,"resultcount":1}
request_id=486fc456553c4fb5b6bfbc19e6905f2e route=/v1/places status=200 duration_ms=10.1
{"backend_ms":5.098,"genid":"5eb4e43d9456b96a68ee44ffb7a58fe9137ed16bf40a670cf513c34564e44249","normalize_ms":0.333,"outcome":"success","request_id":"79b8f476fcc042cd8b25e41195e8bd82","responsebytes":5789,"resultcount":10}
{"genid":"5eb4e43d9456b96a68ee44ffb7a58fe9137ed16bf40a670cf513c34564e44249","outcome":"validempty","request_id":"79b8f476fcc042cd8b25e41195e8bd82","resultcount":0,"search_ms":7.699}
{"backend_ms":26.128,"genid":"5eb4e43d9456b96a68ee44ffb7a58fe9137ed16bf40a670cf513c34564e44249","normalize_ms":0.562,"outcome":"success","request_id":"79b8f476fcc042cd8b25e41195e8bd82","responsebytes":2708,"resultcount":6}
request_id=79b8f476fcc042cd8b25e41195e8bd82 route=/v1/places status=200 duration_ms=27.8
{"backend_ms":57.855,"genid":"5eb4e43d9456b96a68ee44ffb7a58fe9137ed16bf40a670cf513c34564e44249","normalize_ms":0.339,"outcome":"success","request_id":"ead3349f33a04d39a4f61085168a66db","responsebytes":7488,"resultcount":10}
request_id=ead3349f33a04d39a4f61085168a66db route=/v1/places status=200 duration_ms=59.2
{"backend_ms":9.762,"genid":"5eb4e43d9456b96a68ee44ffb7a58fe9137ed16bf40a670cf513c34564e44249","normalize_ms":0.244,"outcome":"success","request_id":"673ca2414b854e499c64c6f4dfa18940","responsebytes":927,"resultcount":2}
request_id=673ca2414b854e499c64c6f4dfa18940 route=/v1/places status=200 duration_ms=10.8
{"backend_ms":9.212,"genid":"5eb4e43d9456b96a68ee44ffb7a58fe9137ed16bf40a670cf513c34564e44249","normalize_ms":0.255,"outcome":"success","request_id":"da72cb4041b243af851c27fc23ffc33a","responsebytes":735,"resultcount":2}
request_id=da72cb4041b243af851c27fc23ffc33a route=/v1/places status=200 duration_ms=10.2
{"backend_ms":3.712,"genid":"5eb4e43d9456b96a68ee44ffb7a58fe9137ed16bf40a670cf513c34564e44249","normalize_ms":0.306,"outcome":"success","request_id":"af8a43c822424b0b92b48ee0c7b3257a","responsebytes":5668,"resultcount":10}
request_id=af8a43c822424b0b92b48ee0c7b3257a route=/v1/places status=200 duration_ms=4.9
{"backend_ms":4.18,"genid":"5eb4e43d9456b96a68ee44ffb7a58fe9137ed16bf40a670cf513c34564e44249","normalize_ms":0.321,"outcome":"success","request_id":"12034bc434b8491393b7da8ac3657d8d","responsebytes":5485,"resultcount":10}
request_id=12034bc434b8491393b7da8ac3657d8d route=/v1/places status=200 duration_ms=5.4
{"backend_ms":3.995,"genid":"5eb4e43d9456b96a68ee44ffb7a58fe9137ed16bf40a670cf513c34564e44249","normalize_ms":0.306,"outcome":"success","request_id":"2a927453502f4c5894036b0e9c70ce67","responsebytes":4996,"resultcount":10}
request_id=2a927453502f4c5894036b0e9c70ce67 route=/v1/places status=200 duration_ms=5.2
{"backend_ms":54.412,"genid":"5eb4e43d9456b96a68ee44ffb7a58fe9137ed16bf40a670cf513c34564e44249","normalize_ms":0.321,"outcome":"success","request_id":"f7911ea7f11742959b094ebab8c02d6e","responsebytes":6413,"resultcount":10}
request_id=f7911ea7f11742959b094ebab8c02d6e route=/v1/places status=200 duration_ms=55.7
{"backend_ms":19.128,"genid":"5eb4e43d9456b96a68ee44ffb7a58fe9137ed16bf40a670cf513c34564e44249","normalize_ms":0.3,"outcome":"success","request_id":"3ba229ac7c5241aea37ebac67c26c13d","responsebytes":5940,"resultcount":10}
request_id=3ba229ac7c5241aea37ebac67c26c13d route=/v1/places status=200 duration_ms=20.3
{"backend_ms":3.6,"genid":"5eb4e43d9456b96a68ee44ffb7a58fe9137ed16bf40a670cf513c34564e44249","normalize_ms":0.349,"outcome":"success","request_id":"a4aabd00d4ed4c4fbfa5578aab16c877","responsebytes":5913,"resultcount":10}
request_id=a4aabd00d4ed4c4fbfa5578aab16c877 route=/v1/places status=200 duration_ms=4.9
{"backend_ms":9.218,"genid":"5eb4e43d9456b96a68ee44ffb7a58fe9137ed16bf40a670cf513c34564e44249","normalize_ms":0.278,"outcome":"success","request_id":"beb7839020e946b89e1be6372ddfce35","responsebytes":5792,"resultcount":10}
request_id=beb7839020e946b89e1be6372ddfce35 route=/v1/places status=200 duration_ms=10.3
{"backend_ms":3.158,"genid":"5eb4e43d9456b96a68ee44ffb7a58fe9137ed16bf40a670cf513c34564e44249","normalize_ms":0.068,"outcome":"success","request_id":"654263c803df48749eb47c1423fe241a","responsebytes":558,"resultcount":1}
request_id=654263c803df48749eb47c1423fe241a route=/v1/places status=200 duration_ms=3.8
{"backend_ms":10.343,"genid":"5eb4e43d9456b96a68ee44ffb7a58fe9137ed16bf40a670cf513c34564e44249","normalize_ms":0.291,"outcome":"success","request_id":"62d28d78c93346e1924d877ba9f1c646","responsebytes":6080,"resultcount":10}
request_id=62d28d78c93346e1924d877ba9f1c646 route=/v1/places status=200 duration_ms=11.5
{"backend_ms":5.129,"genid":"5eb4e43d9456b96a68ee44ffb7a58fe9137ed16bf40a670cf513c34564e44249","normalize_ms":0.267,"outcome":"success","request_id":"a420e9fc1f2445dd8878392a45188432","responsebytes":5018,"resultcount":10}
request_id=a420e9fc1f2445dd8878392a45188432 route=/v1/places status=200 duration_ms=6.2
{"genid":"5eb4e43d9456b96a68ee44ffb7a58fe9137ed16bf40a670cf513c34564e44249","outcome":"success","request_id":"970eb04f2e21447f916625fb29ce9242","resultcount":5,"search_ms":4.209}
request_id=970eb04f2e21447f916625fb29ce9242 route=/v1/places status=200 duration_ms=5.1
{"backend_ms":5.767,"genid":"5eb4e43d9456b96a68ee44ffb7a58fe9137ed16bf40a670cf513c34564e44249","normalize_ms":0.309,"outcome":"success","request_id":"597a254e219946bf9a2436d089fe4916","responsebytes":7506,"resultcount":10}
request_id=597a254e219946bf9a2436d089fe4916 route=/v1/places status=200 duration_ms=6.8
{"backend_ms":2.697,"genid":"5eb4e43d9456b96a68ee44ffb7a58fe9137ed16bf40a670cf513c34564e44249","normalize_ms":0.249,"outcome":"success","request_id":"2dae96cb6200492e9c72d2383fe99708","responsebytes":4049,"resultcount":8}
request_id=2dae96cb6200492e9c72d2383fe99708 route=/v1/places status=200 duration_ms=3.6
{"backend_ms":7.091,"genid":"5eb4e43d9456b96a68ee44ffb7a58fe9137ed16bf40a670cf513c34564e44249","normalize_ms":0.282,"outcome":"success","request_id":"e927dee6ebfd44b3b9ba3f6c968ad908","responsebytes":6197,"resultcount":10}
request_id=e927dee6ebfd44b3b9ba3f6c968ad908 route=/v1/places status=200 duration_ms=8.1
{"genid":"5eb4e43d9456b96a68ee44ffb7a58fe9137ed16bf40a670cf513c34564e44249","outcome":"success","request_id":"9ed28f9906f04e069de1a8ef385c6f32","resultcount":10,"search_ms":3.366}
{"backend_ms":7.124,"genid":"5eb4e43d9456b96a68ee44ffb7a58fe9137ed16bf40a670cf513c34564e44249","normalize_ms":0.373,"outcome":"success","request_id":"9ed28f9906f04e069de1a8ef385c6f32","responsebytes":5478,"resultcount":10}
{"backend_ms":13.137,"genid":"5eb4e43d9456b96a68ee44ffb7a58fe9137ed16bf40a670cf513c34564e44249","normalize_ms":0.417,"outcome":"success","request_id":"9ed28f9906f04e069de1a8ef385c6f32","responsebytes":2645,"resultcount":6}
request_id=9ed28f9906f04e069de1a8ef385c6f32 route=/v1/places status=200 duration_ms=14.5
{"backend_ms":3.872,"genid":"5eb4e43d9456b96a68ee44ffb7a58fe9137ed16bf40a670cf513c34564e44249","normalize_ms":0.319,"outcome":"success","request_id":"07d916567bd14285a2bd65f312787f90","responsebytes":6542,"resultcount":10}
request_id=07d916567bd14285a2bd65f312787f90 route=/v1/places status=200 duration_ms=5.0
{"backend_ms":8.154,"genid":"5eb4e43d9456b96a68ee44ffb7a58fe9137ed16bf40a670cf513c34564e44249","normalize_ms":0.165,"outcome":"success","request_id":"ff27ca849bd44435b8f0542824c9225b","responsebytes":352,"resultcount":1}
request_id=ff27ca849bd44435b8f0542824c9225b route=/v1/places status=200 duration_ms=9.0
{"backend_ms":3.417,"genid":"5eb4e43d9456b96a68ee44ffb7a58fe9137ed16bf40a670cf513c34564e44249","normalize_ms":0.32,"outcome":"success","request_id":"5b6ee73ccf004d5e81a825b45c5b6f03","responsebytes":4764,"resultcount":10}
request_id=5b6ee73ccf004d5e81a825b45c5b6f03 route=/v1/places status=200 duration_ms=4.6
{"genid":"5eb4e43d9456b96a68ee44ffb7a58fe9137ed16bf40a670cf513c34564e44249","outcome":"success","request_id":"7464aa3f00754442bdc3e6b576f1069e","resultcount":10,"search_ms":1.134}
{"backend_ms":3.776,"genid":"5eb4e43d9456b96a68ee44ffb7a58fe9137ed16bf40a670cf513c34564e44249","normalize_ms":0.338,"outcome":"success","request_id":"7464aa3f00754442bdc3e6b576f1069e","responsebytes":5516,"resultcount":10}
{"backend_ms":16.441,"genid":"5eb4e43d9456b96a68ee44ffb7a58fe9137ed16bf40a670cf513c34564e44249","normalize_ms":0.262,"outcome":"success","request_id":"7464aa3f00754442bdc3e6b576f1069e","responsebytes":482,"resultcount":1}
request_id=7464aa3f00754442bdc3e6b576f1069e route=/v1/places status=200 duration_ms=17.8
{"genid":"5eb4e43d9456b96a68ee44ffb7a58fe9137ed16bf40a670cf513c34564e44249","outcome":"success","request_id":"5271ef561e734d7fb9a4ef643e6bbb48","resultcount":10,"search_ms":13.785}
{"backend_ms":15.695,"genid":"5eb4e43d9456b96a68ee44ffb7a58fe9137ed16bf40a670cf513c34564e44249","normalize_ms":0.167,"outcome":"success","request_id":"5271ef561e734d7fb9a4ef643e6bbb48","responsebytes":453,"resultcount":1}
{"backend_ms":15.555,"genid":"5eb4e43d9456b96a68ee44ffb7a58fe9137ed16bf40a670cf513c34564e44249","normalize_ms":0.295,"outcome":"success","request_id":"5271ef561e734d7fb9a4ef643e6bbb48","responsebytes":5528,"resultcount":10}
request_id=5271ef561e734d7fb9a4ef643e6bbb48 route=/v1/places status=200 duration_ms=18.0
{"backend_ms":8.016,"genid":"5eb4e43d9456b96a68ee44ffb7a58fe9137ed16bf40a670cf513c34564e44249","normalize_ms":0.419,"outcome":"success","request_id":"5426486db6004ef085213698b052ee90","responsebytes":5766,"resultcount":10}
request_id=5426486db6004ef085213698b052ee90 route=/v1/places status=200 duration_ms=9.5
{"backend_ms":12.112,"genid":"5eb4e43d9456b96a68ee44ffb7a58fe9137ed16bf40a670cf513c34564e44249","normalize_ms":0.396,"outcome":"success","request_id":"ec8c9794101546f5a1eb5178c78e4cf2","responsebytes":5544,"resultcount":10}
request_id=ec8c9794101546f5a1eb5178c78e4cf2 route=/v1/places status=200 duration_ms=13.5
{"backend_ms":3.502,"genid":"5eb4e43d9456b96a68ee44ffb7a58fe9137ed16bf40a670cf513c34564e44249","normalize_ms":0.331,"outcome":"success","request_id":"3134fcc54ee74db5a2ef94462549b50f","responsebytes":5597,"resultcount":10}
request_id=3134fcc54ee74db5a2ef94462549b50f route=/v1/places status=200 duration_ms=4.8
{"backend_ms":11.664,"genid":"5eb4e43d9456b96a68ee44ffb7a58fe9137ed16bf40a670cf513c34564e44249","normalize_ms":0.323,"outcome":"success","request_id":"625c9fafca264747aff396612c2483e8","responsebytes":1000,"resultcount":3}
request_id=625c9fafca264747aff396612c2483e8 route=/v1/places status=200 duration_ms=12.8
{"genid":"5eb4e43d9456b96a68ee44ffb7a58fe9137ed16bf40a670cf513c34564e44249","outcome":"success","request_id":"2ada4e8821fa4b3692d396d0d81c9ff4","resultcount":6,"search_ms":1.064}
{"backend_ms":3.933,"genid":"5eb4e43d9456b96a68ee44ffb7a58fe9137ed16bf40a670cf513c34564e44249","normalize_ms":0.322,"outcome":"success","request_id":"2ada4e8821fa4b3692d396d0d81c9ff4","responsebytes":5420,"resultcount":10}
{"backend_ms":20.124,"genid":"5eb4e43d9456b96a68ee44ffb7a58fe9137ed16bf40a670cf513c34564e44249","normalize_ms":0.586,"outcome":"success","request_id":"2ada4e8821fa4b3692d396d0d81c9ff4","responsebytes":2679,"resultcount":7}
request_id=2ada4e8821fa4b3692d396d0d81c9ff4 route=/v1/places status=200 duration_ms=21.9
{"backend_ms":3.314,"genid":"5eb4e43d9456b96a68ee44ffb7a58fe9137ed16bf40a670cf513c34564e44249","normalize_ms":0.268,"outcome":"success","request_id":"bb44309cbf964ee99d676004d8a392b9","responsebytes":4450,"resultcount":8}
request_id=bb44309cbf964ee99d676004d8a392b9 route=/v1/places status=200 duration_ms=4.4
{"genid":"5eb4e43d9456b96a68ee44ffb7a58fe9137ed16bf40a670cf513c34564e44249","outcome":"success","request_id":"524a2044b6174b4eae7d26b7200cb5c7","resultcount":10,"search_ms":3.547}
request_id=524a2044b6174b4eae7d26b7200cb5c7 route=/v1/places status=200 duration_ms=5.1
{"genid":"5eb4e43d9456b96a68ee44ffb7a58fe9137ed16bf40a670cf513c34564e44249","outcome":"success","request_id":"a725a538d87e4fa39cb6fdc5e22ec54b","resultcount":3,"search_ms":6.479}
request_id=a725a538d87e4fa39cb6fdc5e22ec54b route=/v1/places status=200 duration_ms=7.6
{"backend_ms":5.251,"genid":"5eb4e43d9456b96a68ee44ffb7a58fe9137ed16bf40a670cf513c34564e44249","normalize_ms":0.337,"outcome":"success","request_id":"c95bfd21786247abbfd2237e21223349","responsebytes":5227,"resultcount":10}
request_id=c95bfd21786247abbfd2237e21223349 route=/v1/places status=200 duration_ms=6.5
{"backend_ms":4.12,"genid":"5eb4e43d9456b96a68ee44ffb7a58fe9137ed16bf40a670cf513c34564e44249","normalize_ms":0.335,"outcome":"success","request_id":"f177ef5cbb474c19beea046369e5afed","responsebytes":5116,"resultcount":10}
request_id=f177ef5cbb474c19beea046369e5afed route=/v1/places status=200 duration_ms=5.4
{"backend_ms":4.317,"genid":"5eb4e43d9456b96a68ee44ffb7a58fe9137ed16bf40a670cf513c34564e44249","normalize_ms":0.361,"outcome":"success","request_id":"1f0f992728c240e6ba3f35c7202358eb","responsebytes":5789,"resultcount":10}
request_id=1f0f992728c240e6ba3f35c7202358eb route=/v1/places status=200 duration_ms=5.8
{"backend_ms":3.423,"genid":"5eb4e43d9456b96a68ee44ffb7a58fe9137ed16bf40a670cf513c34564e44249","normalize_ms":0.1,"outcome":"success","request_id":"3d480a3838af424b88f8b620570f61b6","responsebytes":722,"resultcount":1}
request_id=3d480a3838af424b88f8b620570f61b6 route=/v1/places status=200 duration_ms=4.3
{"backend_ms":46.795,"genid":"5eb4e43d9456b96a68ee44ffb7a58fe9137ed16bf40a670cf513c34564e44249","normalize_ms":0.418,"outcome":"success","request_id":"2371bc4d4cbe44fab39092f0e1b69998","responsebytes":6801,"resultcount":10}
request_id=2371bc4d4cbe44fab39092f0e1b69998 route=/v1/places status=200 duration_ms=48.2
{"backend_ms":13.035,"genid":"5eb4e43d9456b96a68ee44ffb7a58fe9137ed16bf40a670cf513c34564e44249","normalize_ms":0.292,"outcome":"success","request_id":"dc175dd0f2fa4385b872839c46aa3522","responsebytes":5769,"resultcount":10}
request_id=dc175dd0f2fa4385b872839c46aa3522 route=/v1/places status=200 duration_ms=14.2
{"backend_ms":5.121,"genid":"5eb4e43d9456b96a68ee44ffb7a58fe9137ed16bf40a670cf513c34564e44249","normalize_ms":0.326,"outcome":"success","request_id":"0d81a8d8f8e84fd4b2056319472d5a7d","responsebytes":4622,"resultcount":10}
request_id=0d81a8d8f8e84fd4b2056319472d5a7d route=/v1/places status=200 duration_ms=6.3
{"genid":"5eb4e43d9456b96a68ee44ffb7a58fe9137ed16bf40a670cf513c34564e44249","outcome":"success","request_id":"6e26e967890343b8bf0ce5b033db6e0b","resultcount":10,"search_ms":6.457}
{"backend_ms":7.203,"genid":"5eb4e43d9456b96a68ee44ffb7a58fe9137ed16bf40a670cf513c34564e44249","normalize_ms":0.334,"outcome":"success","request_id":"6e26e967890343b8bf0ce5b033db6e0b","responsebytes":5827,"resultcount":10}
{"backend_ms":10.087,"genid":"5eb4e43d9456b96a68ee44ffb7a58fe9137ed16bf40a670cf513c34564e44249","normalize_ms":0.161,"outcome":"success","request_id":"6e26e967890343b8bf0ce5b033db6e0b","responsebytes":486,"resultcount":1}
request_id=6e26e967890343b8bf0ce5b033db6e0b route=/v1/places status=200 duration_ms=11.2
{"backend_ms":3.475,"genid":"5eb4e43d9456b96a68ee44ffb7a58fe9137ed16bf40a670cf513c34564e44249","normalize_ms":0.286,"outcome":"success","request_id":"a5cf05fece5e434aaefcdd7f0590192c","responsebytes":5901,"resultcount":10}
request_id=a5cf05fece5e434aaefcdd7f0590192c route=/v1/places status=200 duration_ms=4.6
{"backend_ms":6.141,"genid":"5eb4e43d9456b96a68ee44ffb7a58fe9137ed16bf40a670cf513c34564e44249","normalize_ms":0.299,"outcome":"success","request_id":"c099c40dccd842d083ae4b5be8f639a7","responsebytes":5489,"resultcount":10}
{"genid":"5eb4e43d9456b96a68ee44ffb7a58fe9137ed16bf40a670cf513c34564e44249","outcome":"success","request_id":"c099c40dccd842d083ae4b5be8f639a7","resultcount":3,"search_ms":7.732}
{"backend_ms":14.796,"genid":"5eb4e43d9456b96a68ee44ffb7a58fe9137ed16bf40a670cf513c34564e44249","normalize_ms":0.017,"outcome":"validempty","request_id":"c099c40dccd842d083ae4b5be8f639a7","responsebytes":42,"resultcount":0}
request_id=c099c40dccd842d083ae4b5be8f639a7 route=/v1/places status=200 duration_ms=15.8
{"backend_ms":3.877,"genid":"5eb4e43d9456b96a68ee44ffb7a58fe9137ed16bf40a670cf513c34564e44249","normalize_ms":0.331,"outcome":"success","request_id":"8bd4512bf847414682951348b93b8bc2","responsebytes":5813,"resultcount":10}
request_id=8bd4512bf847414682951348b93b8bc2 route=/v1/places status=200 duration_ms=5.1
{"backend_ms":4.361,"genid":"5eb4e43d9456b96a68ee44ffb7a58fe9137ed16bf40a670cf513c34564e44249","normalize_ms":0.359,"outcome":"success","request_id":"ac38aa116e0742a082d07d3b30ce2016","responsebytes":5915,"resultcount":10}
request_id=ac38aa116e0742a082d07d3b30ce2016 route=/v1/places status=200 duration_ms=5.7
{"genid":"5eb4e43d9456b96a68ee44ffb7a58fe9137ed16bf40a670cf513c34564e44249","outcome":"success","request_id":"d55475e5a71b47e09f68439292c5273d","resultcount":10,"search_ms":8.159}
{"backend_ms":10.376,"genid":"5eb4e43d9456b96a68ee44ffb7a58fe9137ed16bf40a670cf513c34564e44249","normalize_ms":0.326,"outcome":"success","request_id":"d55475e5a71b47e09f68439292c5273d","responsebytes":5689,"resultcount":10}
{"backend_ms":20.466,"genid":"5eb4e43d9456b96a68ee44ffb7a58fe9137ed16bf40a670cf513c34564e44249","normalize_ms":0.357,"outcome":"success","request_id":"d55475e5a71b47e09f68439292c5273d","responsebytes":1074,"resultcount":3}
request_id=d55475e5a71b47e09f68439292c5273d route=/v1/places status=200 duration_ms=22.0
{"backend_ms":3.574,"genid":"5eb4e43d9456b96a68ee44ffb7a58fe9137ed16bf40a670cf513c34564e44249","normalize_ms":0.328,"outcome":"success","request_id":"fc2507ec915644b58d6633f197ce19aa","responsebytes":5718,"resultcount":10}
request_id=fc2507ec915644b58d6633f197ce19aa route=/v1/places status=200 duration_ms=4.9
{"backend_ms":4.358,"genid":"5eb4e43d9456b96a68ee44ffb7a58fe9137ed16bf40a670cf513c34564e44249","normalize_ms":0.376,"outcome":"success","request_id":"173e3af667654938a6888a95ad5d6611","responsebytes":7109,"resultcount":10}
request_id=173e3af667654938a6888a95ad5d6611 route=/v1/places status=200 duration_ms=6.1
{"genid":"5eb4e43d9456b96a68ee44ffb7a58fe9137ed16bf40a670cf513c34564e44249","outcome":"success","request_id":"dc7be1d78d1f469d80b3b1a944db445a","resultcount":10,"search_ms":6.751}
{"backend_ms":9.034,"genid":"5eb4e43d9456b96a68ee44ffb7a58fe9137ed16bf40a670cf513c34564e44249","normalize_ms":0.314,"outcome":"success","request_id":"dc7be1d78d1f469d80b3b1a944db445a","responsebytes":5859,"resultcount":10}
{"backend_ms":19.546,"genid":"5eb4e43d9456b96a68ee44ffb7a58fe9137ed16bf40a670cf513c34564e44249","normalize_ms":0.02,"outcome":"validempty","request_id":"dc7be1d78d1f469d80b3b1a944db445a","responsebytes":42,"resultcount":0}
request_id=dc7be1d78d1f469d80b3b1a944db445a route=/v1/places status=200 duration_ms=20.7
{"backend_ms":3.874,"genid":"5eb4e43d9456b96a68ee44ffb7a58fe9137ed16bf40a670cf513c34564e44249","normalize_ms":0.371,"outcome":"success","request_id":"c74cb7da5cbf4cafbec4bc581cb7564d","responsebytes":5770,"resultcount":10}
request_id=c74cb7da5cbf4cafbec4bc581cb7564d route=/v1/places status=200 duration_ms=5.5
{"backend_ms":5.015,"genid":"5eb4e43d9456b96a68ee44ffb7a58fe9137ed16bf40a670cf513c34564e44249","normalize_ms":0.502,"outcome":"success","request_id":"5678d168f4be4750a04da86c8765b096","responsebytes":5984,"resultcount":10}
request_id=5678d168f4be4750a04da86c8765b096 route=/v1/places status=200 duration_ms=6.9
{"backend_ms":23.404,"genid":"5eb4e43d9456b96a68ee44ffb7a58fe9137ed16bf40a670cf513c34564e44249","normalize_ms":0.345,"outcome":"success","request_id":"624b3e35c4bc4d8780101cdcf36e7257","responsebytes":6135,"resultcount":10}
request_id=624b3e35c4bc4d8780101cdcf36e7257 route=/v1/places status=200 duration_ms=24.8
{"genid":"5eb4e43d9456b96a68ee44ffb7a58fe9137ed16bf40a670cf513c34564e44249","outcome":"validempty","request_id":"81fab0ed66ec4a049cdf576c4c3a572e","resultcount":0,"search_ms":0.906}
{"backend_ms":3.928,"genid":"5eb4e43d9456b96a68ee44ffb7a58fe9137ed16bf40a670cf513c34564e44249","normalize_ms":0.343,"outcome":"success","request_id":"81fab0ed66ec4a049cdf576c4c3a572e","responsebytes":5798,"resultcount":10}
{"backend_ms":13.833,"genid":"5eb4e43d9456b96a68ee44ffb7a58fe9137ed16bf40a670cf513c34564e44249","normalize_ms":0.456,"outcome":"success","request_id":"81fab0ed66ec4a049cdf576c4c3a572e","responsebytes":1866,"resultcount":4}
request_id=81fab0ed66ec4a049cdf576c4c3a572e route=/v1/places status=200 duration_ms=15.4
{"genid":"5eb4e43d9456b96a68ee44ffb7a58fe9137ed16bf40a670cf513c34564e44249","outcome":"success","request_id":"bc0e3569d85f450a927b14f9e8868782","resultcount":4,"search_ms":6.207}
request_id=bc0e3569d85f450a927b14f9e8868782 route=/v1/places status=200 duration_ms=7.4
{"backend_ms":9.707,"genid":"5eb4e43d9456b96a68ee44ffb7a58fe9137ed16bf40a670cf513c34564e44249","normalize_ms":0.331,"outcome":"success","request_id":"94a2cfdfef6945e48832f10e1c581a20","responsebytes":5791,"resultcount":10}
request_id=94a2cfdfef6945e48832f10e1c581a20 route=/v1/places status=200 duration_ms=11.1
{"backend_ms":13.757,"genid":"5eb4e43d9456b96a68ee44ffb7a58fe9137ed16bf40a670cf513c34564e44249","normalize_ms":0.467,"outcome":"success","request_id":"4e1aff86fba843a5a26eec41e80dc31e","responsebytes":5697,"resultcount":10}
{"genid":"5eb4e43d9456b96a68ee44ffb7a58fe9137ed16bf40a670cf513c34564e44249","outcome":"success","request_id":"4e1aff86fba843a5a26eec41e80dc31e","resultcount":10,"search_ms":23.898}
{"backend_ms":25.82,"genid":"5eb4e43d9456b96a68ee44ffb7a58fe9137ed16bf40a670cf513c34564e44249","normalize_ms":0.02,"outcome":"validempty","request_id":"4e1aff86fba843a5a26eec41e80dc31e","responsebytes":42,"resultcount":0}
request_id=4e1aff86fba843a5a26eec41e80dc31e route=/v1/places status=200 duration_ms=27.3
{"genid":"5eb4e43d9456b96a68ee44ffb7a58fe9137ed16bf40a670cf513c34564e44249","outcome":"success","request_id":"e91ffb8505314dfeb3f3d22009be90f9","resultcount":10,"search_ms":2.07}
request_id=e91ffb8505314dfeb3f3d22009be90f9 route=/v1/places status=200 duration_ms=3.2
{"backend_ms":5.563,"genid":"5eb4e43d9456b96a68ee44ffb7a58fe9137ed16bf40a670cf513c34564e44249","normalize_ms":0.329,"outcome":"success","request_id":"5d351e6283984483929e9295af5025e9","responsebytes":5959,"resultcount":10}
request_id=5d351e6283984483929e9295af5025e9 route=/v1/places status=200 duration_ms=6.9
{"backend_ms":33.706,"genid":"5eb4e43d9456b96a68ee44ffb7a58fe9137ed16bf40a670cf513c34564e44249","normalize_ms":0.26,"outcome":"success","request_id":"3e8cde69cb754bcd868b978d12ee9938","responsebytes":783,"resultcount":2}
request_id=3e8cde69cb754bcd868b978d12ee9938 route=/v1/places status=200 duration_ms=34.7
{"backend_ms":9.195,"genid":"5eb4e43d9456b96a68ee44ffb7a58fe9137ed16bf40a670cf513c34564e44249","normalize_ms":0.182,"outcome":"success","request_id":"41007f03df944ad0ba81354f9ddb6356","responsebytes":361,"resultcount":1}
request_id=41007f03df944ad0ba81354f9ddb6356 route=/v1/places status=200 duration_ms=10.2
{"backend_ms":5.32,"genid":"5eb4e43d9456b96a68ee44ffb7a58fe9137ed16bf40a670cf513c34564e44249","normalize_ms":0.351,"outcome":"success","request_id":"9fe41915686c433a8d00bdf15242fbe5","responsebytes":5616,"resultcount":10}
request_id=9fe41915686c433a8d00bdf15242fbe5 route=/v1/places status=200 duration_ms=6.7
{"backend_ms":3.395,"genid":"5eb4e43d9456b96a68ee44ffb7a58fe9137ed16bf40a670cf513c34564e44249","normalize_ms":0.316,"outcome":"success","request_id":"1fb9236c87fb4915b217cf0473ede2a3","responsebytes":5523,"resultcount":10}
request_id=1fb9236c87fb4915b217cf0473ede2a3 route=/v1/places status=200 duration_ms=4.6
{"backend_ms":6.751,"genid":"5eb4e43d9456b96a68ee44ffb7a58fe9137ed16bf40a670cf513c34564e44249","normalize_ms":0.394,"outcome":"success","request_id":"69b1f8eb69654aaf890b137a02965cd8","responsebytes":5691,"resultcount":10}
request_id=69b1f8eb69654aaf890b137a02965cd8 route=/v1/places status=200 duration_ms=8.1
{"backend_ms":9.806,"genid":"5eb4e43d9456b96a68ee44ffb7a58fe9137ed16bf40a670cf513c34564e44249","normalize_ms":0.354,"outcome":"success","request_id":"fdc36143ac7e4ecdb89dfe72f1b5a0df","responsebytes":5532,"resultcount":10}
request_id=fdc36143ac7e4ecdb89dfe72f1b5a0df route=/v1/places status=200 duration_ms=11.2
{"backend_ms":5.671,"genid":"5eb4e43d9456b96a68ee44ffb7a58fe9137ed16bf40a670cf513c34564e44249","normalize_ms":0.306,"outcome":"success","request_id":"4363247313804ae1a8e57ef8e8376787","responsebytes":6230,"resultcount":10}
request_id=4363247313804ae1a8e57ef8e8376787 route=/v1/places status=200 duration_ms=6.9
{"backend_ms":3.025,"genid":"5eb4e43d9456b96a68ee44ffb7a58fe9137ed16bf40a670cf513c34564e44249","normalize_ms":0.303,"outcome":"success","request_id":"8e7334e15b024c34a1123c3a4b66c4a8","responsebytes":5795,"resultcount":10}
request_id=8e7334e15b024c34a1123c3a4b66c4a8 route=/v1/places status=200 duration_ms=4.2
{"genid":"5eb4e43d9456b96a68ee44ffb7a58fe9137ed16bf40a670cf513c34564e44249","outcome":"success","request_id":"2a7b3e7b9fc74cb2b7eb024545a774dc","resultcount":10,"search_ms":8.378}
{"backend_ms":10.553,"genid":"5eb4e43d9456b96a68ee44ffb7a58fe9137ed16bf40a670cf513c34564e44249","normalize_ms":0.164,"outcome":"success","request_id":"2a7b3e7b9fc74cb2b7eb024545a774dc","responsebytes":446,"resultcount":1}
{"backend_ms":10.739,"genid":"5eb4e43d9456b96a68ee44ffb7a58fe9137ed16bf40a670cf513c34564e44249","normalize_ms":0.307,"outcome":"success","request_id":"2a7b3e7b9fc74cb2b7eb024545a774dc","responsebytes":5806,"resultcount":10}
request_id=2a7b3e7b9fc74cb2b7eb024545a774dc route=/v1/places status=200 duration_ms=12.8
{"backend_ms":8.613,"genid":"5eb4e43d9456b96a68ee44ffb7a58fe9137ed16bf40a670cf513c34564e44249","normalize_ms":0.301,"outcome":"success","request_id":"f16e2169455a429db3e2b526afc24404","responsebytes":6241,"resultcount":10}
request_id=f16e2169455a429db3e2b526afc24404 route=/v1/places status=200 duration_ms=9.8
{"backend_ms":5.864,"genid":"5eb4e43d9456b96a68ee44ffb7a58fe9137ed16bf40a670cf513c34564e44249","normalize_ms":0.342,"outcome":"success","request_id":"0f48907e52354599b4431b25121e544f","responsebytes":5412,"resultcount":10}
request_id=0f48907e52354599b4431b25121e544f route=/v1/places status=200 duration_ms=7.1
{"backend_ms":2.69,"genid":"5eb4e43d9456b96a68ee44ffb7a58fe9137ed16bf40a670cf513c34564e44249","normalize_ms":0.112,"outcome":"success","request_id":"5abda2dcf04148639ad1259dfb54e6d2","responsebytes":1165,"resultcount":2}
request_id=5abda2dcf04148639ad1259dfb54e6d2 route=/v1/places status=200 duration_ms=3.5
{"backend_ms":11.685,"genid":"5eb4e43d9456b96a68ee44ffb7a58fe9137ed16bf40a670cf513c34564e44249","normalize_ms":0.53,"outcome":"success","request_id":"3e5e911f34544d088af5050c60248553","responsebytes":2420,"resultcount":7}
request_id=3e5e911f34544d088af5050c60248553 route=/v1/places status=200 duration_ms=13.1
{"genid":"5eb4e43d9456b96a68ee44ffb7a58fe9137ed16bf40a670cf513c34564e44249","outcome":"success","request_id":"fb0435c9f21041a99e63d66aff0793ee","resultcount":10,"search_ms":9.15}
{"backend_ms":10.113,"genid":"5eb4e43d9456b96a68ee44ffb7a58fe9137ed16bf40a670cf513c34564e44249","normalize_ms":0.318,"outcome":"success","request_id":"fb0435c9f21041a99e63d66aff0793ee","responsebytes":5834,"resultcount":10}
{"backend_ms":12.431,"genid":"5eb4e43d9456b96a68ee44ffb7a58fe9137ed16bf40a670cf513c34564e44249","normalize_ms":0.4,"outcome":"success","request_id":"fb0435c9f21041a99e63d66aff0793ee","responsebytes":2218,"resultcount":5}
request_id=fb0435c9f21041a99e63d66aff0793ee route=/v1/places status=200 duration_ms=13.9
{"backend_ms":28.831,"genid":"5eb4e43d9456b96a68ee44ffb7a58fe9137ed16bf40a670cf513c34564e44249","normalize_ms":0.588,"outcome":"success","request_id":"c3fd5da50b7c449780369f4cc20c4071","responsebytes":2641,"resultcount":8}
request_id=c3fd5da50b7c449780369f4cc20c4071 route=/v1/places status=200 duration_ms=30.4
{"backend_ms":30.024,"genid":"5eb4e43d9456b96a68ee44ffb7a58fe9137ed16bf40a670cf513c34564e44249","normalize_ms":0.41,"outcome":"success","request_id":"4445a98acc0c46d88fbf8bbcccb6466f","responsebytes":6341,"resultcount":10}
request_id=4445a98acc0c46d88fbf8bbcccb6466f route=/v1/places status=200 duration_ms=31.5
{"backend_ms":25.064,"genid":"5eb4e43d9456b96a68ee44ffb7a58fe9137ed16bf40a670cf513c34564e44249","normalize_ms":0.308,"outcome":"success","request_id":"13062f7b0641444cbb2bdedc16c56762","responsebytes":6032,"resultcount":10}
request_id=13062f7b0641444cbb2bdedc16c56762 route=/v1/places status=200 duration_ms=26.3
{"backend_ms":3.553,"genid":"5eb4e43d9456b96a68ee44ffb7a58fe9137ed16bf40a670cf513c34564e44249","normalize_ms":0.3,"outcome":"success","request_id":"3a8d843716c244a794686b03103b5565","responsebytes":5757,"resultcount":10}
request_id=3a8d843716c244a794686b03103b5565 route=/v1/places status=200 duration_ms=4.7
{"backend_ms":8.519,"genid":"5eb4e43d9456b96a68ee44ffb7a58fe9137ed16bf40a670cf513c34564e44249","normalize_ms":0.275,"outcome":"success","request_id":"be82abe0ddbc4460ac9fb961f2cd8003","responsebytes":1015,"resultcount":3}
request_id=be82abe0ddbc4460ac9fb961f2cd8003 route=/v1/places status=200 duration_ms=9.6
{"backend_ms":3.432,"genid":"5eb4e43d9456b96a68ee44ffb7a58fe9137ed16bf40a670cf513c34564e44249","normalize_ms":0.291,"outcome":"success","request_id":"7ffc1336a2d544049af578b678b988df","responsebytes":5341,"resultcount":10}
request_id=7ffc1336a2d544049af578b678b988df route=/v1/places status=200 duration_ms=4.5
{"backend_ms":20.847,"genid":"5eb4e43d9456b96a68ee44ffb7a58fe9137ed16bf40a670cf513c34564e44249","normalize_ms":0.307,"outcome":"success","request_id":"89f25afc9c214e6896eb293f60cd9d7f","responsebytes":994,"resultcount":3}
request_id=89f25afc9c214e6896eb293f60cd9d7f route=/v1/places status=200 duration_ms=21.9
{"backend_ms":9.054,"genid":"5eb4e43d9456b96a68ee44ffb7a58fe9137ed16bf40a670cf513c34564e44249","normalize_ms":0.326,"outcome":"success","request_id":"5599e67280904b3395983fb1c5fb561b","responsebytes":5932,"resultcount":10}
request_id=5599e67280904b3395983fb1c5fb561b route=/v1/places status=200 duration_ms=10.3
{"genid":"5eb4e43d9456b96a68ee44ffb7a58fe9137ed16bf40a670cf513c34564e44249","outcome":"success","request_id":"e24b8c8ce3624f37a059ac82b4863cf2","resultcount":10,"search_ms":4.194}
{"backend_ms":7.256,"genid":"5eb4e43d9456b96a68ee44ffb7a58fe9137ed16bf40a670cf513c34564e44249","normalize_ms":0.31,"outcome":"success","request_id":"e24b8c8ce3624f37a059ac82b4863cf2","responsebytes":5646,"resultcount":10}
{"backend_ms":14.64,"genid":"5eb4e43d9456b96a68ee44ffb7a58fe9137ed16bf40a670cf513c34564e44249","normalize_ms":0.176,"outcome":"success","request_id":"e24b8c8ce3624f37a059ac82b4863cf2","responsebytes":454,"resultcount":1}
request_id=e24b8c8ce3624f37a059ac82b4863cf2 route=/v1/places status=200 duration_ms=15.8
{"backend_ms":53.316,"genid":"5eb4e43d9456b96a68ee44ffb7a58fe9137ed16bf40a670cf513c34564e44249","normalize_ms":0.315,"outcome":"success","request_id":"4775a98cef1c4ba895aa5d566b44ec1a","responsebytes":5979,"resultcount":10}
request_id=4775a98cef1c4ba895aa5d566b44ec1a route=/v1/places status=200 duration_ms=54.8
{"backend_ms":3.813,"genid":"5eb4e43d9456b96a68ee44ffb7a58fe9137ed16bf40a670cf513c34564e44249","normalize_ms":0.323,"outcome":"success","request_id":"c423f0fa4d8c46c586116e0a1de1bf78","responsebytes":5959,"resultcount":10}
request_id=c423f0fa4d8c46c586116e0a1de1bf78 route=/v1/places status=200 duration_ms=5.1
{"genid":"5eb4e43d9456b96a68ee44ffb7a58fe9137ed16bf40a670cf513c34564e44249","outcome":"success","request_id":"3b9e1bc3554f4ebebdf5c1e86abe603a","resultcount":4,"search_ms":7.887}
request_id=3b9e1bc3554f4ebebdf5c1e86abe603a route=/v1/places status=200 duration_ms=8.7
{"backend_ms":8.973,"genid":"5eb4e43d9456b96a68ee44ffb7a58fe9137ed16bf40a670cf513c34564e44249","normalize_ms":0.295,"outcome":"success","request_id":"1caacba4da2f4c30856e066e8cf4fb1f","responsebytes":6052,"resultcount":10}
request_id=1caacba4da2f4c30856e066e8cf4fb1f route=/v1/places status=200 duration_ms=10.1
{"backend_ms":45.751,"genid":"5eb4e43d9456b96a68ee44ffb7a58fe9137ed16bf40a670cf513c34564e44249","normalize_ms":0.306,"outcome":"success","request_id":"53aad0e6483e4eda9c6a75a1e7082f75","responsebytes":6234,"resultcount":10}
request_id=53aad0e6483e4eda9c6a75a1e7082f75 route=/v1/places status=200 duration_ms=46.9
{"backend_ms":3.354,"genid":"5eb4e43d9456b96a68ee44ffb7a58fe9137ed16bf40a670cf513c34564e44249","normalize_ms":0.307,"outcome":"success","request_id":"71d1bfc104014cb19fe7fa77a34144ae","responsebytes":5641,"resultcount":10}
request_id=71d1bfc104014cb19fe7fa77a34144ae route=/v1/places status=200 duration_ms=4.5
{"backend_ms":4.312,"genid":"5eb4e43d9456b96a68ee44ffb7a58fe9137ed16bf40a670cf513c34564e44249","normalize_ms":0.307,"outcome":"success","request_id":"45420cfd54044018bff6261694d20061","responsebytes":5940,"resultcount":10}
request_id=45420cfd54044018bff6261694d20061 route=/v1/places status=200 duration_ms=5.5
{"backend_ms":5.014,"genid":"5eb4e43d9456b96a68ee44ffb7a58fe9137ed16bf40a670cf513c34564e44249","normalize_ms":0.406,"outcome":"success","request_id":"10a24f361e274f4ba479ac3487f671bb","responsebytes":5766,"resultcount":10}
{"genid":"5eb4e43d9456b96a68ee44ffb7a58fe9137ed16bf40a670cf513c34564e44249","outcome":"success","request_id":"10a24f361e274f4ba479ac3487f671bb","resultcount":10,"search_ms":15.576}
{"backend_ms":20.723,"genid":"5eb4e43d9456b96a68ee44ffb7a58fe9137ed16bf40a670cf513c34564e44249","normalize_ms":0.497,"outcome":"success","request_id":"10a24f361e274f4ba479ac3487f671bb","responsebytes":3345,"resultcount":6}
request_id=10a24f361e274f4ba479ac3487f671bb route=/v1/places status=200 duration_ms=22.3
{"backend_ms":3.673,"genid":"5eb4e43d9456b96a68ee44ffb7a58fe9137ed16bf40a670cf513c34564e44249","normalize_ms":0.318,"outcome":"success","request_id":"599f105cd46c44fd8af1821db66010e5","responsebytes":5272,"resultcount":10}
request_id=599f105cd46c44fd8af1821db66010e5 route=/v1/places status=200 duration_ms=4.8
{"backend_ms":5.138,"genid":"5eb4e43d9456b96a68ee44ffb7a58fe9137ed16bf40a670cf513c34564e44249","normalize_ms":0.33,"outcome":"success","request_id":"46b365f6fb28485da4ddd24c445557a0","responsebytes":6171,"resultcount":10}
request_id=46b365f6fb28485da4ddd24c445557a0 route=/v1/places status=200 duration_ms=6.4
{"genid":"5eb4e43d9456b96a68ee44ffb7a58fe9137ed16bf40a670cf513c34564e44249","outcome":"success","request_id":"1256d628a3784bceaaed10a8e9fcbbb3","resultcount":10,"search_ms":2.218}
{"backend_ms":3.667,"genid":"5eb4e43d9456b96a68ee44ffb7a58fe9137ed16bf40a670cf513c34564e44249","normalize_ms":0.302,"outcome":"success","request_id":"1256d628a3784bceaaed10a8e9fcbbb3","responsebytes":5465,"resultcount":10}
{"backend_ms":16.739,"genid":"5eb4e43d9456b96a68ee44ffb7a58fe9137ed16bf40a670cf513c34564e44249","normalize_ms":0.355,"outcome":"success","request_id":"1256d628a3784bceaaed10a8e9fcbbb3","responsebytes":1210,"resultcount":3}
request_id=1256d628a3784bceaaed10a8e9fcbbb3 route=/v1/places status=200 duration_ms=18.3
{"backend_ms":9.839,"genid":"5eb4e43d9456b96a68ee44ffb7a58fe9137ed16bf40a670cf513c34564e44249","normalize_ms":0.358,"outcome":"success","request_id":"03763e7556c849a8b0917156e6ce4eef","responsebytes":6001,"resultcount":10}
request_id=03763e7556c849a8b0917156e6ce4eef route=/v1/places status=200 duration_ms=11.2
{"backend_ms":3.56,"genid":"5eb4e43d9456b96a68ee44ffb7a58fe9137ed16bf40a670cf513c34564e44249","normalize_ms":0.311,"outcome":"success","request_id":"c973452c88f748b6ae48a3d781a8ebe3","responsebytes":5664,"resultcount":10}
request_id=c973452c88f748b6ae48a3d781a8ebe3 route=/v1/places status=200 duration_ms=4.7
{"genid":"5eb4e43d9456b96a68ee44ffb7a58fe9137ed16bf40a670cf513c34564e44249","outcome":"success","request_id":"1904b19ca08440a8b1ff4c9675d31ab5","resultcount":1,"search_ms":5.531}
request_id=1904b19ca08440a8b1ff4c9675d31ab5 route=/v1/places status=200 duration_ms=6.4
{"genid":"5eb4e43d9456b96a68ee44ffb7a58fe9137ed16bf40a670cf513c34564e44249","outcome":"success","request_id":"408696cd487d4caaaf96786b9771c04c","resultcount":3,"search_ms":2.561}
request_id=408696cd487d4caaaf96786b9771c04c route=/v1/places status=200 duration_ms=3.5
{"backend_ms":3.562,"genid":"5eb4e43d9456b96a68ee44ffb7a58fe9137ed16bf40a670cf513c34564e44249","normalize_ms":0.379,"outcome":"success","request_id":"25efb8ec31e846ec88666882862f01e8","responsebytes":5555,"resultcount":10}
request_id=25efb8ec31e846ec88666882862f01e8 route=/v1/places status=200 duration_ms=4.9
{"backend_ms":3.293,"genid":"5eb4e43d9456b96a68ee44ffb7a58fe9137ed16bf40a670cf513c34564e44249","normalize_ms":0.305,"outcome":"success","request_id":"2a7ad33c050e41a5aec73f4c94fe5439","responsebytes":5800,"resultcount":10}
request_id=2a7ad33c050e41a5aec73f4c94fe5439 route=/v1/places status=200 duration_ms=4.4
{"backend_ms":22.02,"genid":"5eb4e43d9456b96a68ee44ffb7a58fe9137ed16bf40a670cf513c34564e44249","normalize_ms":0.298,"outcome":"success","request_id":"a5c7bef04d6e46129f34559c6a2d2b6c","responsebytes":5955,"resultcount":10}
request_id=a5c7bef04d6e46129f34559c6a2d2b6c route=/v1/places status=200 duration_ms=23.1
{"genid":"5eb4e43d9456b96a68ee44ffb7a58fe9137ed16bf40a670cf513c34564e44249","outcome":"success","request_id":"f3bd26c93f83405fa296ebd92d6b513f","resultcount":3,"search_ms":4.042}
request_id=f3bd26c93f83405fa296ebd92d6b513f route=/v1/places status=200 duration_ms=4.8
{"backend_ms":13.741,"genid":"5eb4e43d9456b96a68ee44ffb7a58fe9137ed16bf40a670cf513c34564e44249","normalize_ms":0.312,"outcome":"success","request_id":"901a7860e5684a998af9b4bc4da8e445","responsebytes":5893,"resultcount":10}
request_id=901a7860e5684a998af9b4bc4da8e445 route=/v1/places status=200 duration_ms=14.9
{"genid":"5eb4e43d9456b96a68ee44ffb7a58fe9137ed16bf40a670cf513c34564e44249","outcome":"success","request_id":"f3d5e636ec864eaabc335a04b1998048","resultcount":3,"search_ms":7.49}
request_id=f3d5e636ec864eaabc335a04b1998048 route=/v1/places status=200 duration_ms=8.3
{"backend_ms":3.983,"genid":"5eb4e43d9456b96a68ee44ffb7a58fe9137ed16bf40a670cf513c34564e44249","normalize_ms":0.32,"outcome":"success","request_id":"114df323abd3455e921d098f26e9631c","responsebytes":6047,"resultcount":10}
request_id=114df323abd3455e921d098f26e9631c route=/v1/places status=200 duration_ms=5.1
{"backend_ms":3.467,"genid":"5eb4e43d9456b96a68ee44ffb7a58fe9137ed16bf40a670cf513c34564e44249","normalize_ms":0.323,"outcome":"success","request_id":"95fb7ddb512746a49facda8d8bedd757","responsebytes":5578,"resultcount":10}
request_id=95fb7ddb512746a49facda8d8bedd757 route=/v1/places status=200 duration_ms=4.6
{"backend_ms":3.938,"genid":"5eb4e43d9456b96a68ee44ffb7a58fe9137ed16bf40a670cf513c34564e44249","normalize_ms":0.276,"outcome":"success","request_id":"e383b2c2a0e24afe9a1817148464d7a9","responsebytes":4166,"resultcount":10}
request_id=e383b2c2a0e24afe9a1817148464d7a9 route=/v1/places status=200 duration_ms=5.0
{"backend_ms":9.409,"genid":"5eb4e43d9456b96a68ee44ffb7a58fe9137ed16bf40a670cf513c34564e44249","normalize_ms":0.301,"outcome":"success","request_id":"392123ea8cb74d97806b84a6f71f003f","responsebytes":4949,"resultcount":10}
request_id=392123ea8cb74d97806b84a6f71f003f route=/v1/places status=200 duration_ms=10.6
{"backend_ms":3.347,"genid":"5eb4e43d9456b96a68ee44ffb7a58fe9137ed16bf40a670cf513c34564e44249","normalize_ms":0.314,"outcome":"success","request_id":"c0e25fe5cf7f4da8992302ab31e09e88","responsebytes":6387,"resultcount":10}
request_id=c0e25fe5cf7f4da8992302ab31e09e88 route=/v1/places status=200 duration_ms=4.4
{"backend_ms":15.881,"genid":"5eb4e43d9456b96a68ee44ffb7a58fe9137ed16bf40a670cf513c34564e44249","normalize_ms":0.316,"outcome":"success","request_id":"2bafedf4b9514fc7be084d66667d9b6a","responsebytes":5991,"resultcount":10}
request_id=2bafedf4b9514fc7be084d66667d9b6a route=/v1/places status=200 duration_ms=17.1
{"backend_ms":5.023,"genid":"5eb4e43d9456b96a68ee44ffb7a58fe9137ed16bf40a670cf513c34564e44249","normalize_ms":0.29,"outcome":"success","request_id":"0d017382bbfb4a4cb8bfbe46658772f1","responsebytes":5655,"resultcount":10}
request_id=0d017382bbfb4a4cb8bfbe46658772f1 route=/v1/places status=200 duration_ms=6.2
{"backend_ms":57.282,"genid":"5eb4e43d9456b96a68ee44ffb7a58fe9137ed16bf40a670cf513c34564e44249","normalize_ms":0.319,"outcome":"success","request_id":"c9be056969a944ceba29c85596e1278c","responsebytes":6418,"resultcount":10}
request_id=c9be056969a944ceba29c85596e1278c route=/v1/places status=200 duration_ms=58.5
{"backend_ms":23.177,"genid":"5eb4e43d9456b96a68ee44ffb7a58fe9137ed16bf40a670cf513c34564e44249","normalize_ms":0.303,"outcome":"success","request_id":"cfb4ec5bd1d64de1ba334f4aa7411302","responsebytes":6583,"resultcount":10}
request_id=cfb4ec5bd1d64de1ba334f4aa7411302 route=/v1/places status=200 duration_ms=24.5
{"backend_ms":13.522,"genid":"5eb4e43d9456b96a68ee44ffb7a58fe9137ed16bf40a670cf513c34564e44249","normalize_ms":0.163,"outcome":"success","request_id":"343825a8869643e3823a70b1a5561326","responsebytes":381,"resultcount":1}
request_id=343825a8869643e3823a70b1a5561326 route=/v1/places status=200 duration_ms=14.4
{"backend_ms":5.606,"genid":"5eb4e43d9456b96a68ee44ffb7a58fe9137ed16bf40a670cf513c34564e44249","normalize_ms":0.317,"outcome":"success","request_id":"544e6eee14954cae8b6a55ba588d4e9e","responsebytes":6257,"resultcount":10}
request_id=544e6eee14954cae8b6a55ba588d4e9e route=/v1/places status=200 duration_ms=6.8
{"backend_ms":12.531,"genid":"5eb4e43d9456b96a68ee44ffb7a58fe9137ed16bf40a670cf513c34564e44249","normalize_ms":0.282,"outcome":"success","request_id":"5c1f9f8b1a374841848fae333ac1cedb","responsebytes":6426,"resultcount":10}
request_id=5c1f9f8b1a374841848fae333ac1cedb route=/v1/places status=200 duration_ms=13.6
{"backend_ms":8.407,"genid":"5eb4e43d9456b96a68ee44ffb7a58fe9137ed16bf40a670cf513c34564e44249","normalize_ms":0.268,"outcome":"success","request_id":"30160d6aa11e432796c15edb9f82af3c","responsebytes":5871,"resultcount":10}
request_id=30160d6aa11e432796c15edb9f82af3c route=/v1/places status=200 duration_ms=9.4
{"backend_ms":2.999,"genid":"5eb4e43d9456b96a68ee44ffb7a58fe9137ed16bf40a670cf513c34564e44249","normalize_ms":0.278,"outcome":"success","request_id":"d89eeba56d764372a2ac1879bbb723f6","responsebytes":5999,"resultcount":10}
request_id=d89eeba56d764372a2ac1879bbb723f6 route=/v1/places status=200 duration_ms=4.1
{"backend_ms":3.493,"genid":"5eb4e43d9456b96a68ee44ffb7a58fe9137ed16bf40a670cf513c34564e44249","normalize_ms":0.268,"outcome":"success","request_id":"8904823ab35c4355ab682e063e1952ae","responsebytes":6210,"resultcount":10}
request_id=8904823ab35c4355ab682e063e1952ae route=/v1/places status=200 duration_ms=4.5
{"backend_ms":27.102,"genid":"5eb4e43d9456b96a68ee44ffb7a58fe9137ed16bf40a670cf513c34564e44249","normalize_ms":0.311,"outcome":"success","request_id":"798b4bd48787467697a8f2889ca996f4","responsebytes":6513,"resultcount":10}
request_id=798b4bd48787467697a8f2889ca996f4 route=/v1/places status=200 duration_ms=28.2
{"genid":"5eb4e43d9456b96a68ee44ffb7a58fe9137ed16bf40a670cf513c34564e44249","outcome":"success","request_id":"09f5ac8bdd1149c29e79fee22f25ddf4","resultcount":10,"search_ms":29.956}
request_id=09f5ac8bdd1149c29e79fee22f25ddf4 route=/v1/places status=200 duration_ms=31.1
{"backend_ms":9.435,"genid":"5eb4e43d9456b96a68ee44ffb7a58fe9137ed16bf40a670cf513c34564e44249","normalize_ms":0.176,"outcome":"success","request_id":"92479275909d4b37960bd7553e5c734b","responsebytes":358,"resultcount":1}
request_id=92479275909d4b37960bd7553e5c734b route=/v1/places status=200 duration_ms=10.3
{"genid":"5eb4e43d9456b96a68ee44ffb7a58fe9137ed16bf40a670cf513c34564e44249","outcome":"success","request_id":"41479a08cced44aba71633d40f7905c2","resultcount":10,"search_ms":1.503}
request_id=41479a08cced44aba71633d40f7905c2 route=/v1/places status=200 duration_ms=2.5
{"backend_ms":8.339,"genid":"5eb4e43d9456b96a68ee44ffb7a58fe9137ed16bf40a670cf513c34564e44249","normalize_ms":0.183,"outcome":"success","request_id":"ef2a15316bca42ec8d291a046df5feaf","responsebytes":384,"resultcount":1}
request_id=ef2a15316bca42ec8d291a046df5feaf route=/v1/places status=200 duration_ms=9.2
{"genid":"5eb4e43d9456b96a68ee44ffb7a58fe9137ed16bf40a670cf513c34564e44249","outcome":"success","request_id":"870185ad585343f1a7524f63ba6e9362","resultcount":6,"search_ms":0.958}
request_id=870185ad585343f1a7524f63ba6e9362 route=/v1/places status=200 duration_ms=1.8
{"genid":"5eb4e43d9456b96a68ee44ffb7a58fe9137ed16bf40a670cf513c34564e44249","outcome":"validempty","request_id":"7e5a1d5bc3954fadb45c32a2fe1d2839","resultcount":0,"search_ms":4.747}
{"backend_ms":4.51,"genid":"5eb4e43d9456b96a68ee44ffb7a58fe9137ed16bf40a670cf513c34564e44249","normalize_ms":0.315,"outcome":"success","request_id":"7e5a1d5bc3954fadb45c32a2fe1d2839","responsebytes":5869,"resultcount":10}
{"backend_ms":17.086,"genid":"5eb4e43d9456b96a68ee44ffb7a58fe9137ed16bf40a670cf513c34564e44249","normalize_ms":0.02,"outcome":"validempty","request_id":"7e5a1d5bc3954fadb45c32a2fe1d2839","responsebytes":42,"resultcount":0}
request_id=7e5a1d5bc3954fadb45c32a2fe1d2839 route=/v1/places status=200 duration_ms=18.1
{"backend_ms":5.595,"genid":"5eb4e43d9456b96a68ee44ffb7a58fe9137ed16bf40a670cf513c34564e44249","normalize_ms":0.38,"outcome":"success","request_id":"6799a100f1d74583a5caf1aef156d02d","responsebytes":5786,"resultcount":10}
{"genid":"5eb4e43d9456b96a68ee44ffb7a58fe9137ed16bf40a670cf513c34564e44249","outcome":"success","request_id":"6799a100f1d74583a5caf1aef156d02d","resultcount":10,"search_ms":12.377}
{"backend_ms":15.626,"genid":"5eb4e43d9456b96a68ee44ffb7a58fe9137ed16bf40a670cf513c34564e44249","normalize_ms":0.39,"outcome":"success","request_id":"6799a100f1d74583a5caf1aef156d02d","responsebytes":2030,"resultcount":4}
request_id=6799a100f1d74583a5caf1aef156d02d route=/v1/places status=200 duration_ms=17.1
{"genid":"5eb4e43d9456b96a68ee44ffb7a58fe9137ed16bf40a670cf513c34564e44249","outcome":"success","request_id":"8263dc0f8390442187be6283d498e2a8","resultcount":10,"search_ms":4.789}
request_id=8263dc0f8390442187be6283d498e2a8 route=/v1/places status=200 duration_ms=5.8
{"genid":"5eb4e43d9456b96a68ee44ffb7a58fe9137ed16bf40a670cf513c34564e44249","outcome":"success","request_id":"6e689711108b4b649bac8d8be154ffd2","resultcount":10,"search_ms":9.178}
{"backend_ms":10.462,"genid":"5eb4e43d9456b96a68ee44ffb7a58fe9137ed16bf40a670cf513c34564e44249","normalize_ms":0.34,"outcome":"success","request_id":"6e689711108b4b649bac8d8be154ffd2","responsebytes":5834,"resultcount":10}
{"backend_ms":12.836,"genid":"5eb4e43d9456b96a68ee44ffb7a58fe9137ed16bf40a670cf513c34564e44249","normalize_ms":0.407,"outcome":"success","request_id":"6e689711108b4b649bac8d8be154ffd2","responsebytes":2218,"resultcount":5}
request_id=6e689711108b4b649bac8d8be154ffd2 route=/v1/places status=200 duration_ms=14.4
{"backend_ms":72.692,"genid":"5eb4e43d9456b96a68ee44ffb7a58fe9137ed16bf40a670cf513c34564e44249","normalize_ms":0.334,"outcome":"success","request_id":"f73a38caa4144d80ae3684cf4d520048","responsebytes":5598,"resultcount":10}
request_id=f73a38caa4144d80ae3684cf4d520048 route=/v1/places status=200 duration_ms=74.1
{"backend_ms":3.581,"genid":"5eb4e43d9456b96a68ee44ffb7a58fe9137ed16bf40a670cf513c34564e44249","normalize_ms":0.305,"outcome":"success","request_id":"9706a7ec49524c82b3a4fc355840fdc9","responsebytes":5590,"resultcount":10}
request_id=9706a7ec49524c82b3a4fc355840fdc9 route=/v1/places status=200 duration_ms=4.9
{"backend_ms":5.417,"genid":"5eb4e43d9456b96a68ee44ffb7a58fe9137ed16bf40a670cf513c34564e44249","normalize_ms":0.317,"outcome":"success","request_id":"390ef44177244f6aa354f7b7c7ba8cf1","responsebytes":5246,"resultcount":10}
request_id=390ef44177244f6aa354f7b7c7ba8cf1 route=/v1/places status=200 duration_ms=6.6
{"backend_ms":10.24,"genid":"5eb4e43d9456b96a68ee44ffb7a58fe9137ed16bf40a670cf513c34564e44249","normalize_ms":0.322,"outcome":"success","request_id":"6055503a447046a883d51bbd8d0a7af0","responsebytes":6600,"resultcount":10}
request_id=6055503a447046a883d51bbd8d0a7af0 route=/v1/places status=200 duration_ms=11.5
{"backend_ms":10.258,"genid":"5eb4e43d9456b96a68ee44ffb7a58fe9137ed16bf40a670cf513c34564e44249","normalize_ms":0.338,"outcome":"success","request_id":"46fb56237a38458cbb8ea721368cb787","responsebytes":5887,"resultcount":10}
request_id=46fb56237a38458cbb8ea721368cb787 route=/v1/places status=200 duration_ms=11.6
{"genid":"5eb4e43d9456b96a68ee44ffb7a58fe9137ed16bf40a670cf513c34564e44249","outcome":"success","request_id":"a25b5b2bf68949f184b0219a225c2800","resultcount":9,"search_ms":4.905}
request_id=a25b5b2bf68949f184b0219a225c2800 route=/v1/places status=200 duration_ms=5.9
{"genid":"5eb4e43d9456b96a68ee44ffb7a58fe9137ed16bf40a670cf513c34564e44249","outcome":"success","request_id":"c31a01ee822345638c42e2c27975a8a9","resultcount":5,"search_ms":4.946}
request_id=c31a01ee822345638c42e2c27975a8a9 route=/v1/places status=200 duration_ms=5.8
{"backend_ms":4.064,"genid":"5eb4e43d9456b96a68ee44ffb7a58fe9137ed16bf40a670cf513c34564e44249","normalize_ms":0.305,"outcome":"success","request_id":"fefd22254e414fab8c5d185b9916c522","responsebytes":5809,"resultcount":10}
request_id=fefd22254e414fab8c5d185b9916c522 route=/v1/places status=200 duration_ms=5.4
{"backend_ms":3.616,"genid":"5eb4e43d9456b96a68ee44ffb7a58fe9137ed16bf40a670cf513c34564e44249","normalize_ms":0.308,"outcome":"success","request_id":"f60ba4377d4449b2a19e7821d280d869","responsebytes":5834,"resultcount":10}
request_id=f60ba4377d4449b2a19e7821d280d869 route=/v1/places status=200 duration_ms=5.4
{"backend_ms":38.839,"genid":"5eb4e43d9456b96a68ee44ffb7a58fe9137ed16bf40a670cf513c34564e44249","normalize_ms":0.317,"outcome":"success","request_id":"0ff8c682027d4f0b9f900d2d7ee4cdbb","responsebytes":6327,"resultcount":10}
request_id=0ff8c682027d4f0b9f900d2d7ee4cdbb route=/v1/places status=200 duration_ms=40.1
{"backend_ms":3.432,"genid":"5eb4e43d9456b96a68ee44ffb7a58fe9137ed16bf40a670cf513c34564e44249","normalize_ms":0.299,"outcome":"success","request_id":"fed47639580d4ec3a6659f568b7fe0dd","responsebytes":5528,"resultcount":10}
request_id=fed47639580d4ec3a6659f568b7fe0dd route=/v1/places status=200 duration_ms=4.5
{"backend_ms":2.883,"genid":"5eb4e43d9456b96a68ee44ffb7a58fe9137ed16bf40a670cf513c34564e44249","normalize_ms":0.275,"outcome":"success","request_id":"071de393f1734a48a59ebc2c4f79a9e0","responsebytes":4458,"resultcount":10}
request_id=071de393f1734a48a59ebc2c4f79a9e0 route=/v1/places status=200 duration_ms=3.9
{"genid":"5eb4e43d9456b96a68ee44ffb7a58fe9137ed16bf40a670cf513c34564e44249","outcome":"success","request_id":"8bb0ad3143fc4612a7b93e9cece5bce2","resultcount":5,"search_ms":5.096}
request_id=8bb0ad3143fc4612a7b93e9cece5bce2 route=/v1/places status=200 duration_ms=5.9
{"genid":"5eb4e43d9456b96a68ee44ffb7a58fe9137ed16bf40a670cf513c34564e44249","outcome":"success","request_id":"fb0e6d7bb1be4b94ade7bb3e973de429","resultcount":1,"search_ms":2.906}
request_id=fb0e6d7bb1be4b94ade7bb3e973de429 route=/v1/places status=200 duration_ms=3.6
{"backend_ms":2.805,"genid":"5eb4e43d9456b96a68ee44ffb7a58fe9137ed16bf40a670cf513c34564e44249","normalize_ms":0.182,"outcome":"success","request_id":"cfb8de2885284b15af89dfc739670362","responsebytes":3306,"resultcount":5}
request_id=cfb8de2885284b15af89dfc739670362 route=/v1/places status=200 duration_ms=3.6
{"backend_ms":2.988,"genid":"5eb4e43d9456b96a68ee44ffb7a58fe9137ed16bf40a670cf513c34564e44249","normalize_ms":0.275,"outcome":"success","request_id":"0b8b2e83e861454db40b604507610bef","responsebytes":5517,"resultcount":10}
request_id=0b8b2e83e861454db40b604507610bef route=/v1/places status=200 duration_ms=4.1
{"backend_ms":2.933,"genid":"5eb4e43d9456b96a68ee44ffb7a58fe9137ed16bf40a670cf513c34564e44249","normalize_ms":0.28,"outcome":"success","request_id":"8ae173e9aef64f3e8c4a0bedcce4a6ff","responsebytes":5782,"resultcount":10}
request_id=8ae173e9aef64f3e8c4a0bedcce4a6ff route=/v1/places status=200 duration_ms=4.0
{"backend_ms":2.788,"genid":"5eb4e43d9456b96a68ee44ffb7a58fe9137ed16bf40a670cf513c34564e44249","normalize_ms":0.278,"outcome":"success","request_id":"a0a068ac044a4fd9bf9b84f60e6b8915","responsebytes":5662,"resultcount":10}
request_id=a0a068ac044a4fd9bf9b84f60e6b8915 route=/v1/places status=200 duration_ms=3.8
{"genid":"5eb4e43d9456b96a68ee44ffb7a58fe9137ed16bf40a670cf513c34564e44249","outcome":"success","request_id":"ca96a1ca9b054699826abd53afe6b0a6","resultcount":10,"search_ms":8.822}
{"backend_ms":11.16,"genid":"5eb4e43d9456b96a68ee44ffb7a58fe9137ed16bf40a670cf513c34564e44249","normalize_ms":0.561,"outcome":"success","request_id":"ca96a1ca9b054699826abd53afe6b0a6","responsebytes":3460,"resultcount":8}
{"backend_ms":11.364,"genid":"5eb4e43d9456b96a68ee44ffb7a58fe9137ed16bf40a670cf513c34564e44249","normalize_ms":0.304,"outcome":"success","request_id":"ca96a1ca9b054699826abd53afe6b0a6","responsebytes":6667,"resultcount":10}
request_id=ca96a1ca9b054699826abd53afe6b0a6 route=/v1/places status=200 duration_ms=13.4
{"backend_ms":9.01,"genid":"5eb4e43d9456b96a68ee44ffb7a58fe9137ed16bf40a670cf513c34564e44249","normalize_ms":0.352,"outcome":"success","request_id":"a141bb3c0837496882fe97eece50d150","responsebytes":5761,"resultcount":10}
request_id=a141bb3c0837496882fe97eece50d150 route=/v1/places status=200 duration_ms=10.3
{"backend_ms":7.885,"genid":"5eb4e43d9456b96a68ee44ffb7a58fe9137ed16bf40a670cf513c34564e44249","normalize_ms":0.334,"outcome":"success","request_id":"90ada43d3e374e82956a2801343d49c0","responsebytes":1349,"resultcount":4}
request_id=90ada43d3e374e82956a2801343d49c0 route=/v1/places status=200 duration_ms=9.0
{"backend_ms":3.254,"genid":"5eb4e43d9456b96a68ee44ffb7a58fe9137ed16bf40a670cf513c34564e44249","normalize_ms":0.155,"outcome":"success","request_id":"a83a60c884384bf3ae6eb61fc83837f7","responsebytes":2273,"resultcount":4}
request_id=a83a60c884384bf3ae6eb61fc83837f7 route=/v1/places status=200 duration_ms=4.1
{"backend_ms":10.018,"genid":"5eb4e43d9456b96a68ee44ffb7a58fe9137ed16bf40a670cf513c34564e44249","normalize_ms":0.339,"outcome":"success","request_id":"8a9fb64867d846e397a92b48ea9075ae","responsebytes":6508,"resultcount":10}
request_id=8a9fb64867d846e397a92b48ea9075ae route=/v1/places status=200 duration_ms=11.2
{"backend_ms":9.487,"genid":"5eb4e43d9456b96a68ee44ffb7a58fe9137ed16bf40a670cf513c34564e44249","normalize_ms":0.299,"outcome":"success","request_id":"ff6e5cb8315b4a8c8ad8d085c60992b8","responsebytes":6062,"resultcount":10}
request_id=ff6e5cb8315b4a8c8ad8d085c60992b8 route=/v1/places status=200 duration_ms=10.6
{"genid":"5eb4e43d9456b96a68ee44ffb7a58fe9137ed16bf40a670cf513c34564e44249","outcome":"success","request_id":"4c999af71eda49689f09a78259e57525","resultcount":10,"search_ms":6.879}
{"backend_ms":9.244,"genid":"5eb4e43d9456b96a68ee44ffb7a58fe9137ed16bf40a670cf513c34564e44249","normalize_ms":0.322,"outcome":"success","request_id":"4c999af71eda49689f09a78259e57525","responsebytes":6320,"resultcount":10}
{"backend_ms":15.058,"genid":"5eb4e43d9456b96a68ee44ffb7a58fe9137ed16bf40a670cf513c34564e44249","normalize_ms":0.406,"outcome":"success","request_id":"4c999af71eda49689f09a78259e57525","responsebytes":1826,"resultcount":5}
request_id=4c999af71eda49689f09a78259e57525 route=/v1/places status=200 duration_ms=16.5
{"backend_ms":27.292,"genid":"5eb4e43d9456b96a68ee44ffb7a58fe9137ed16bf40a670cf513c34564e44249","normalize_ms":0.183,"outcome":"success","request_id":"fd0c04bafe90495da70e99d093fe94b3","responsebytes":501,"resultcount":1}
request_id=fd0c04bafe90495da70e99d093fe94b3 route=/v1/places status=200 duration_ms=28.2
{"backend_ms":3.094,"genid":"5eb4e43d9456b96a68ee44ffb7a58fe9137ed16bf40a670cf513c34564e44249","normalize_ms":0.318,"outcome":"success","request_id":"e348afaa457e47b2a7d66db87b6c5e52","responsebytes":6929,"resultcount":10}
request_id=e348afaa457e47b2a7d66db87b6c5e52 route=/v1/places status=200 duration_ms=4.3
{"backend_ms":8.893,"genid":"5eb4e43d9456b96a68ee44ffb7a58fe9137ed16bf40a670cf513c34564e44249","normalize_ms":0.234,"outcome":"success","request_id":"f7ee18ce252947088fde6d17ee70e1b9","responsebytes":829,"resultcount":2}
request_id=f7ee18ce252947088fde6d17ee70e1b9 route=/v1/places status=200 duration_ms=9.9
{"backend_ms":3.502,"genid":"5eb4e43d9456b96a68ee44ffb7a58fe9137ed16bf40a670cf513c34564e44249","normalize_ms":0.355,"outcome":"success","request_id":"6969a258eea74f76946fa8ef11a4dcdc","responsebytes":5285,"resultcount":10}
request_id=6969a258eea74f76946fa8ef11a4dcdc route=/v1/places status=200 duration_ms=4.7
{"genid":"5eb4e43d9456b96a68ee44ffb7a58fe9137ed16bf40a670cf513c34564e44249","outcome":"success","request_id":"1a56e1c8391e44df8b3112fc9bfb2ecd","resultcount":3,"search_ms":2.322}
request_id=1a56e1c8391e44df8b3112fc9bfb2ecd route=/v1/places status=200 duration_ms=3.1
{"genid":"5eb4e43d9456b96a68ee44ffb7a58fe9137ed16bf40a670cf513c34564e44249","outcome":"success","request_id":"b8f7e522c4234d24bac004c45705e2a4","resultcount":10,"search_ms":9.569}
{"backend_ms":10.7,"genid":"5eb4e43d9456b96a68ee44ffb7a58fe9137ed16bf40a670cf513c34564e44249","normalize_ms":0.342,"outcome":"success","request_id":"b8f7e522c4234d24bac004c45705e2a4","responsebytes":5786,"resultcount":10}
{"backend_ms":13.109,"genid":"5eb4e43d9456b96a68ee44ffb7a58fe9137ed16bf40a670cf513c34564e44249","normalize_ms":0.226,"outcome":"success","request_id":"b8f7e522c4234d24bac004c45705e2a4","responsebytes":919,"resultcount":2}
request_id=b8f7e522c4234d24bac004c45705e2a4 route=/v1/places status=200 duration_ms=14.4
{"backend_ms":4.069,"genid":"5eb4e43d9456b96a68ee44ffb7a58fe9137ed16bf40a670cf513c34564e44249","normalize_ms":0.363,"outcome":"success","request_id":"b02f5cd251bf415482ae77d2ca7bc35a","responsebytes":5790,"resultcount":10}
request_id=b02f5cd251bf415482ae77d2ca7bc35a route=/v1/places status=200 duration_ms=5.4
{"genid":"5eb4e43d9456b96a68ee44ffb7a58fe9137ed16bf40a670cf513c34564e44249","outcome":"success","request_id":"0f848480a91f40db95f4aaefcb7a2f73","resultcount":10,"search_ms":7.516}
{"backend_ms":9.72,"genid":"5eb4e43d9456b96a68ee44ffb7a58fe9137ed16bf40a670cf513c34564e44249","normalize_ms":0.3,"outcome":"success","request_id":"0f848480a91f40db95f4aaefcb7a2f73","responsebytes":6019,"resultcount":10}
{"backend_ms":21.145,"genid":"5eb4e43d9456b96a68ee44ffb7a58fe9137ed16bf40a670cf513c34564e44249","normalize_ms":0.413,"outcome":"success","request_id":"0f848480a91f40db95f4aaefcb7a2f73","responsebytes":1998,"resultcount":5}
request_id=0f848480a91f40db95f4aaefcb7a2f73 route=/v1/places status=200 duration_ms=22.6
{"backend_ms":9.121,"genid":"5eb4e43d9456b96a68ee44ffb7a58fe9137ed16bf40a670cf513c34564e44249","normalize_ms":0.195,"outcome":"success","request_id":"16406276f7cc458a9450c619c799ac6e","responsebytes":371,"resultcount":1}
request_id=16406276f7cc458a9450c619c799ac6e route=/v1/places status=200 duration_ms=10.1
{"backend_ms":3.947,"genid":"5eb4e43d9456b96a68ee44ffb7a58fe9137ed16bf40a670cf513c34564e44249","normalize_ms":0.37,"outcome":"success","request_id":"4f634ce3a420479983ac4d757fad383c","responsebytes":5786,"resultcount":10}
request_id=4f634ce3a420479983ac4d757fad383c route=/v1/places status=200 duration_ms=5.3
{"genid":"5eb4e43d9456b96a68ee44ffb7a58fe9137ed16bf40a670cf513c34564e44249","outcome":"success","request_id":"d074ba3be18c41e0a80ade931a5e6134","resultcount":2,"search_ms":4.364}
request_id=d074ba3be18c41e0a80ade931a5e6134 route=/v1/places status=200 duration_ms=5.2
{"genid":"5eb4e43d9456b96a68ee44ffb7a58fe9137ed16bf40a670cf513c34564e44249","outcome":"validempty","request_id":"ff5a35e370c242dbabf6403e5099a28a","resultcount":0,"search_ms":1.384}
{"backend_ms":6.345,"genid":"5eb4e43d9456b96a68ee44ffb7a58fe9137ed16bf40a670cf513c34564e44249","normalize_ms":0.376,"outcome":"success","request_id":"ff5a35e370c242dbabf6403e5099a28a","responsebytes":5819,"resultcount":10}
{"backend_ms":15.035,"genid":"5eb4e43d9456b96a68ee44ffb7a58fe9137ed16bf40a670cf513c34564e44249","normalize_ms":0.019,"outcome":"validempty","request_id":"ff5a35e370c242dbabf6403e5099a28a","responsebytes":42,"resultcount":0}
request_id=ff5a35e370c242dbabf6403e5099a28a route=/v1/places status=200 duration_ms=16.1
{"backend_ms":4.322,"genid":"5eb4e43d9456b96a68ee44ffb7a58fe9137ed16bf40a670cf513c34564e44249","normalize_ms":0.343,"outcome":"success","request_id":"5c0227db47774d6ba088add232744a5e","responsebytes":5734,"resultcount":10}
request_id=5c0227db47774d6ba088add232744a5e route=/v1/places status=200 duration_ms=5.6
{"backend_ms":13.311,"genid":"5eb4e43d9456b96a68ee44ffb7a58fe9137ed16bf40a670cf513c34564e44249","normalize_ms":0.366,"outcome":"success","request_id":"1ce26fb28e9e444d9198f177dbf9db27","responsebytes":5697,"resultcount":10}
{"genid":"5eb4e43d9456b96a68ee44ffb7a58fe9137ed16bf40a670cf513c34564e44249","outcome":"success","request_id":"1ce26fb28e9e444d9198f177dbf9db27","resultcount":10,"search_ms":19.815}
{"backend_ms":21.392,"genid":"5eb4e43d9456b96a68ee44ffb7a58fe9137ed16bf40a670cf513c34564e44249","normalize_ms":0.016,"outcome":"validempty","request_id":"1ce26fb28e9e444d9198f177dbf9db27","responsebytes":42,"resultcount":0}
request_id=1ce26fb28e9e444d9198f177dbf9db27 route=/v1/places status=200 duration_ms=22.5
{"backend_ms":3.488,"genid":"5eb4e43d9456b96a68ee44ffb7a58fe9137ed16bf40a670cf513c34564e44249","normalize_ms":0.124,"outcome":"success","request_id":"ae23279e0fb0467f89854fa8ab768e22","responsebytes":1128,"resultcount":2}
request_id=ae23279e0fb0467f89854fa8ab768e22 route=/v1/places status=200 duration_ms=4.4
{"backend_ms":5.654,"genid":"5eb4e43d9456b96a68ee44ffb7a58fe9137ed16bf40a670cf513c34564e44249","normalize_ms":0.365,"outcome":"success","request_id":"a34b8e34a5d943e2b08cd945ec5de909","responsebytes":5883,"resultcount":10}
request_id=a34b8e34a5d943e2b08cd945ec5de909 route=/v1/places status=200 duration_ms=7.0
{"backend_ms":4.484,"genid":"5eb4e43d9456b96a68ee44ffb7a58fe9137ed16bf40a670cf513c34564e44249","normalize_ms":0.333,"outcome":"success","request_id":"b6a0aabc8fdc4349a8c1db9b2fe00838","responsebytes":5594,"resultcount":10}
request_id=b6a0aabc8fdc4349a8c1db9b2fe00838 route=/v1/places status=200 duration_ms=5.7
{"backend_ms":3.401,"genid":"5eb4e43d9456b96a68ee44ffb7a58fe9137ed16bf40a670cf513c34564e44249","normalize_ms":0.31,"outcome":"success","request_id":"00cafbd6f0e04877ba92d9f564ef18d6","responsebytes":5742,"resultcount":10}
request_id=00cafbd6f0e04877ba92d9f564ef18d6 route=/v1/places status=200 duration_ms=4.6
{"backend_ms":3.531,"genid":"5eb4e43d9456b96a68ee44ffb7a58fe9137ed16bf40a670cf513c34564e44249","normalize_ms":0.334,"outcome":"success","request_id":"859e0e17fd3d45beb63f016e61340c1f","responsebytes":6771,"resultcount":10}
request_id=859e0e17fd3d45beb63f016e61340c1f route=/v1/places status=200 duration_ms=4.8
{"genid":"5eb4e43d9456b96a68ee44ffb7a58fe9137ed16bf40a670cf513c34564e44249","outcome":"success","request_id":"f84375a54ab8441bb5c2f5696c54e8ab","resultcount":10,"search_ms":11.961}
request_id=f84375a54ab8441bb5c2f5696c54e8ab route=/v1/places status=200 duration_ms=13.1
{"backend_ms":9.647,"genid":"5eb4e43d9456b96a68ee44ffb7a58fe9137ed16bf40a670cf513c34564e44249","normalize_ms":0.193,"outcome":"success","request_id":"2758acd03e184137aa2b2a88dbf25aec","responsebytes":516,"resultcount":1}
request_id=2758acd03e184137aa2b2a88dbf25aec route=/v1/places status=200 duration_ms=10.6
{"backend_ms":9.627,"genid":"5eb4e43d9456b96a68ee44ffb7a58fe9137ed16bf40a670cf513c34564e44249","normalize_ms":0.282,"outcome":"success","request_id":"3fa95da80ace441e82c869052ddae380","responsebytes":878,"resultcount":2}
request_id=3fa95da80ace441e82c869052ddae380 route=/v1/places status=200 duration_ms=11.0
{"backend_ms":4.507,"genid":"5eb4e43d9456b96a68ee44ffb7a58fe9137ed16bf40a670cf513c34564e44249","normalize_ms":0.338,"outcome":"success","request_id":"a160bdb75d9e4040927067d4f79fbd90","responsebytes":6291,"resultcount":10}
request_id=a160bdb75d9e4040927067d4f79fbd90 route=/v1/places status=200 duration_ms=5.8
{"genid":"5eb4e43d9456b96a68ee44ffb7a58fe9137ed16bf40a670cf513c34564e44249","outcome":"success","request_id":"c099e041dcfb4fee8ff1ab15603f9e1c","resultcount":2,"search_ms":5.775}
request_id=c099e041dcfb4fee8ff1ab15603f9e1c route=/v1/places status=200 duration_ms=6.8
{"backend_ms":4.718,"genid":"5eb4e43d9456b96a68ee44ffb7a58fe9137ed16bf40a670cf513c34564e44249","normalize_ms":0.434,"outcome":"success","request_id":"4ded80ef968e46c3a106fb7d1accba4d","responsebytes":6246,"resultcount":10}
request_id=4ded80ef968e46c3a106fb7d1accba4d route=/v1/places status=200 duration_ms=6.3
{"backend_ms":3.507,"genid":"5eb4e43d9456b96a68ee44ffb7a58fe9137ed16bf40a670cf513c34564e44249","normalize_ms":0.483,"outcome":"success","request_id":"86b6d044ce4745d582d42b2ef1061bbb","responsebytes":5099,"resultcount":10}
request_id=86b6d044ce4745d582d42b2ef1061bbb route=/v1/places status=200 duration_ms=5.0
{"backend_ms":11.721,"genid":"5eb4e43d9456b96a68ee44ffb7a58fe9137ed16bf40a670cf513c34564e44249","normalize_ms":0.335,"outcome":"success","request_id":"566ff7dc1a36455589687de706d5cc55","responsebytes":6140,"resultcount":10}
request_id=566ff7dc1a36455589687de706d5cc55 route=/v1/places status=200 duration_ms=13.0
{"backend_ms":4.211,"genid":"5eb4e43d9456b96a68ee44ffb7a58fe9137ed16bf40a670cf513c34564e44249","normalize_ms":0.337,"outcome":"success","request_id":"2fa5640287aa4912a734e6524770994b","responsebytes":5361,"resultcount":10}
request_id=2fa5640287aa4912a734e6524770994b route=/v1/places status=200 duration_ms=5.5
{"backend_ms":3.698,"genid":"5eb4e43d9456b96a68ee44ffb7a58fe9137ed16bf40a670cf513c34564e44249","normalize_ms":0.313,"outcome":"success","request_id":"917b10cca0bf485ca2ea53561d69c161","responsebytes":5814,"resultcount":10}
request_id=917b10cca0bf485ca2ea53561d69c161 route=/v1/places status=200 duration_ms=4.9
{"backend_ms":8.697,"genid":"5eb4e43d9456b96a68ee44ffb7a58fe9137ed16bf40a670cf513c34564e44249","normalize_ms":0.18,"outcome":"success","request_id":"0a996fb6a9b842c19b2fc087d2677598","responsebytes":462,"resultcount":1}
request_id=0a996fb6a9b842c19b2fc087d2677598 route=/v1/places status=200 duration_ms=9.7
{"backend_ms":7.766,"genid":"5eb4e43d9456b96a68ee44ffb7a58fe9137ed16bf40a670cf513c34564e44249","normalize_ms":0.223,"outcome":"success","request_id":"351e385ccaab4fae9e19a4b7702bc054","responsebytes":377,"resultcount":1}
request_id=351e385ccaab4fae9e19a4b7702bc054 route=/v1/places status=200 duration_ms=8.8
{"backend_ms":8.289,"genid":"5eb4e43d9456b96a68ee44ffb7a58fe9137ed16bf40a670cf513c34564e44249","normalize_ms":0.202,"outcome":"success","request_id":"b4660f09d07e46449140044db878deca","responsebytes":368,"resultcount":1}
request_id=b4660f09d07e46449140044db878deca route=/v1/places status=200 duration_ms=9.2
{"backend_ms":6.552,"genid":"5eb4e43d9456b96a68ee44ffb7a58fe9137ed16bf40a670cf513c34564e44249","normalize_ms":0.364,"outcome":"success","request_id":"32ed90f8cfcb4ebe8f4d7db55df57c7a","responsebytes":5789,"resultcount":10}
{"genid":"5eb4e43d9456b96a68ee44ffb7a58fe9137ed16bf40a670cf513c34564e44249","outcome":"validempty","request_id":"32ed90f8cfcb4ebe8f4d7db55df57c7a","resultcount":0,"search_ms":9.129}
{"backend_ms":28.617,"genid":"5eb4e43d9456b96a68ee44ffb7a58fe9137ed16bf40a670cf513c34564e44249","normalize_ms":0.544,"outcome":"success","request_id":"32ed90f8cfcb4ebe8f4d7db55df57c7a","responsebytes":2708,"resultcount":6}
request_id=32ed90f8cfcb4ebe8f4d7db55df57c7a route=/v1/places status=200 duration_ms=30.3
{"backend_ms":56.609,"genid":"5eb4e43d9456b96a68ee44ffb7a58fe9137ed16bf40a670cf513c34564e44249","normalize_ms":0.338,"outcome":"success","request_id":"69f7ee19f9544b5d9144ed14e711f03c","responsebytes":7488,"resultcount":10}
request_id=69f7ee19f9544b5d9144ed14e711f03c route=/v1/places status=200 duration_ms=58.0
{"backend_ms":9.021,"genid":"5eb4e43d9456b96a68ee44ffb7a58fe9137ed16bf40a670cf513c34564e44249","normalize_ms":0.237,"outcome":"success","request_id":"f8c217d260e446b38eb5591c56460bea","responsebytes":927,"resultcount":2}
request_id=f8c217d260e446b38eb5591c56460bea route=/v1/places status=200 duration_ms=10.0
{"backend_ms":7.213,"genid":"5eb4e43d9456b96a68ee44ffb7a58fe9137ed16bf40a670cf513c34564e44249","normalize_ms":0.246,"outcome":"success","request_id":"9f9b59ccbf824c198a1970032ba090a5","responsebytes":735,"resultcount":2}
request_id=9f9b59ccbf824c198a1970032ba090a5 route=/v1/places status=200 duration_ms=8.2
{"backend_ms":3.368,"genid":"5eb4e43d9456b96a68ee44ffb7a58fe9137ed16bf40a670cf513c34564e44249","normalize_ms":0.289,"outcome":"success","request_id":"e4028d5483ea42bb86e0118c5cbfc94d","responsebytes":5668,"resultcount":10}
request_id=e4028d5483ea42bb86e0118c5cbfc94d route=/v1/places status=200 duration_ms=4.7
{"backend_ms":3.702,"genid":"5eb4e43d9456b96a68ee44ffb7a58fe9137ed16bf40a670cf513c34564e44249","normalize_ms":0.286,"outcome":"success","request_id":"fa204352bc1044d2971552736929e533","responsebytes":5485,"resultcount":10}
request_id=fa204352bc1044d2971552736929e533 route=/v1/places status=200 duration_ms=4.8
{"backend_ms":3.79,"genid":"5eb4e43d9456b96a68ee44ffb7a58fe9137ed16bf40a670cf513c34564e44249","normalize_ms":0.28,"outcome":"success","request_id":"e70820e019b444d7a155b88354a16b70","responsebytes":4996,"resultcount":10}
request_id=e70820e019b444d7a155b88354a16b70 route=/v1/places status=200 duration_ms=4.8
{"backend_ms":52.888,"genid":"5eb4e43d9456b96a68ee44ffb7a58fe9137ed16bf40a670cf513c34564e44249","normalize_ms":0.311,"outcome":"success","request_id":"667a656fa77e4cf1b7293b072d609cfa","responsebytes":6413,"resultcount":10}
request_id=667a656fa77e4cf1b7293b072d609cfa route=/v1/places status=200 duration_ms=54.0
{"backend_ms":20.135,"genid":"5eb4e43d9456b96a68ee44ffb7a58fe9137ed16bf40a670cf513c34564e44249","normalize_ms":0.343,"outcome":"success","request_id":"3139d0ca20d645a6a5efe484358192e7","responsebytes":5940,"resultcount":10}
request_id=3139d0ca20d645a6a5efe484358192e7 route=/v1/places status=200 duration_ms=21.5
{"backend_ms":3.641,"genid":"5eb4e43d9456b96a68ee44ffb7a58fe9137ed16bf40a670cf513c34564e44249","normalize_ms":0.287,"outcome":"success","request_id":"42ad8458e8b84f5f984efe0e800e0aba","responsebytes":5913,"resultcount":10}
request_id=42ad8458e8b84f5f984efe0e800e0aba route=/v1/places status=200 duration_ms=4.7
{"backend_ms":9.571,"genid":"5eb4e43d9456b96a68ee44ffb7a58fe9137ed16bf40a670cf513c34564e44249","normalize_ms":0.282,"outcome":"success","request_id":"15255cabb762453298f5161174a39c8d","responsebytes":5792,"resultcount":10}
request_id=15255cabb762453298f5161174a39c8d route=/v1/places status=200 duration_ms=10.7
{"backend_ms":2.679,"genid":"5eb4e43d9456b96a68ee44ffb7a58fe9137ed16bf40a670cf513c34564e44249","normalize_ms":0.069,"outcome":"success","request_id":"cc6b892318de4a95924b8a44aab92ea2","responsebytes":558,"resultcount":1}
request_id=cc6b892318de4a95924b8a44aab92ea2 route=/v1/places status=200 duration_ms=3.3
{"backend_ms":9.21,"genid":"5eb4e43d9456b96a68ee44ffb7a58fe9137ed16bf40a670cf513c34564e44249","normalize_ms":0.285,"outcome":"success","request_id":"b65bf9deb4c4499d99f2d17b277037c0","responsebytes":6080,"resultcount":10}
request_id=b65bf9deb4c4499d99f2d17b277037c0 route=/v1/places status=200 duration_ms=10.3
{"backend_ms":5.533,"genid":"5eb4e43d9456b96a68ee44ffb7a58fe9137ed16bf40a670cf513c34564e44249","normalize_ms":0.288,"outcome":"success","request_id":"9366fd974a4343a98ea1892ea9ab9a9a","responsebytes":5018,"resultcount":10}
request_id=9366fd974a4343a98ea1892ea9ab9a9a route=/v1/places status=200 duration_ms=6.7
{"genid":"5eb4e43d9456b96a68ee44ffb7a58fe9137ed16bf40a670cf513c34564e44249","outcome":"success","request_id":"66419ba5ce8e43c8bbba9fea07ee5294","resultcount":5,"search_ms":4.297}
request_id=66419ba5ce8e43c8bbba9fea07ee5294 route=/v1/places status=200 duration_ms=5.2
{"backend_ms":5.834,"genid":"5eb4e43d9456b96a68ee44ffb7a58fe9137ed16bf40a670cf513c34564e44249","normalize_ms":0.399,"outcome":"success","request_id":"02ac744e3bd54257bf5037f0f6edec5f","responsebytes":7506,"resultcount":10}
request_id=02ac744e3bd54257bf5037f0f6edec5f route=/v1/places status=200 duration_ms=7.1
{"backend_ms":4.077,"genid":"5eb4e43d9456b96a68ee44ffb7a58fe9137ed16bf40a670cf513c34564e44249","normalize_ms":0.274,"outcome":"success","request_id":"cd230928c68c436593b54e1648cba68c","responsebytes":4049,"resultcount":8}
request_id=cd230928c68c436593b54e1648cba68c route=/v1/places status=200 duration_ms=5.2
{"backend_ms":7.774,"genid":"5eb4e43d9456b96a68ee44ffb7a58fe9137ed16bf40a670cf513c34564e44249","normalize_ms":0.324,"outcome":"success","request_id":"feaa3b727aba49f9a3ed8600d2728aa7","responsebytes":6197,"resultcount":10}
request_id=feaa3b727aba49f9a3ed8600d2728aa7 route=/v1/places status=200 duration_ms=9.0
{"genid":"5eb4e43d9456b96a68ee44ffb7a58fe9137ed16bf40a670cf513c34564e44249","outcome":"success","request_id":"b94571fe5e474900be893b8592991aca","resultcount":10,"search_ms":2.811}
{"backend_ms":5.54,"genid":"5eb4e43d9456b96a68ee44ffb7a58fe9137ed16bf40a670cf513c34564e44249","normalize_ms":0.311,"outcome":"success","request_id":"b94571fe5e474900be893b8592991aca","responsebytes":5478,"resultcount":10}
{"backend_ms":14.686,"genid":"5eb4e43d9456b96a68ee44ffb7a58fe9137ed16bf40a670cf513c34564e44249","normalize_ms":0.466,"outcome":"success","request_id":"b94571fe5e474900be893b8592991aca","responsebytes":2645,"resultcount":6}
request_id=b94571fe5e474900be893b8592991aca route=/v1/places status=200 duration_ms=16.3
{"backend_ms":3.89,"genid":"5eb4e43d9456b96a68ee44ffb7a58fe9137ed16bf40a670cf513c34564e44249","normalize_ms":0.325,"outcome":"success","request_id":"136585bd094f4497a4aa1c61494016c1","responsebytes":6542,"resultcount":10}
request_id=136585bd094f4497a4aa1c61494016c1 route=/v1/places status=200 duration_ms=5.2
{"backend_ms":8.668,"genid":"5eb4e43d9456b96a68ee44ffb7a58fe9137ed16bf40a670cf513c34564e44249","normalize_ms":0.182,"outcome":"success","request_id":"fbdc7511f5f04d9593b713f6184b3066","responsebytes":352,"resultcount":1}
request_id=fbdc7511f5f04d9593b713f6184b3066 route=/v1/places status=200 duration_ms=9.6
{"backend_ms":4.062,"genid":"5eb4e43d9456b96a68ee44ffb7a58fe9137ed16bf40a670cf513c34564e44249","normalize_ms":0.333,"outcome":"success","request_id":"d1461656d6b443639ddf8e110e8f8d09","responsebytes":4764,"resultcount":10}
request_id=d1461656d6b443639ddf8e110e8f8d09 route=/v1/places status=200 duration_ms=5.4
{"genid":"5eb4e43d9456b96a68ee44ffb7a58fe9137ed16bf40a670cf513c34564e44249","outcome":"success","request_id":"b9cea4f3c1ee4efa9b11559cdfcbc4e6","resultcount":10,"search_ms":0.941}
{"backend_ms":3.531,"genid":"5eb4e43d9456b96a68ee44ffb7a58fe9137ed16bf40a670cf513c34564e44249","normalize_ms":0.366,"outcome":"success","request_id":"b9cea4f3c1ee4efa9b11559cdfcbc4e6","responsebytes":5516,"resultcount":10}
{"backend_ms":18.667,"genid":"5eb4e43d9456b96a68ee44ffb7a58fe9137ed16bf40a670cf513c34564e44249","normalize_ms":0.199,"outcome":"success","request_id":"b9cea4f3c1ee4efa9b11559cdfcbc4e6","responsebytes":482,"resultcount":1}
request_id=b9cea4f3c1ee4efa9b11559cdfcbc4e6 route=/v1/places status=200 duration_ms=20.0
{"genid":"5eb4e43d9456b96a68ee44ffb7a58fe9137ed16bf40a670cf513c34564e44249","outcome":"success","request_id":"9be7d8d53c7743ddbf1110d3cb3f4fc5","resultcount":10,"search_ms":14.761}
{"backend_ms":16.498,"genid":"5eb4e43d9456b96a68ee44ffb7a58fe9137ed16bf40a670cf513c34564e44249","normalize_ms":0.189,"outcome":"success","request_id":"9be7d8d53c7743ddbf1110d3cb3f4fc5","responsebytes":453,"resultcount":1}
{"backend_ms":16.184,"genid":"5eb4e43d9456b96a68ee44ffb7a58fe9137ed16bf40a670cf513c34564e44249","normalize_ms":0.301,"outcome":"success","request_id":"9be7d8d53c7743ddbf1110d3cb3f4fc5","responsebytes":5528,"resultcount":10}
request_id=9be7d8d53c7743ddbf1110d3cb3f4fc5 route=/v1/places status=200 duration_ms=18.7
{"backend_ms":7.28,"genid":"5eb4e43d9456b96a68ee44ffb7a58fe9137ed16bf40a670cf513c34564e44249","normalize_ms":0.319,"outcome":"success","request_id":"920f9477aaa84024bf58ab447ecd2f9b","responsebytes":5766,"resultcount":10}
request_id=920f9477aaa84024bf58ab447ecd2f9b route=/v1/places status=200 duration_ms=8.7
{"backend_ms":10.724,"genid":"5eb4e43d9456b96a68ee44ffb7a58fe9137ed16bf40a670cf513c34564e44249","normalize_ms":0.328,"outcome":"success","request_id":"e4628692429b4be2b04612ca847a23f5","responsebytes":5544,"resultcount":10}
request_id=e4628692429b4be2b04612ca847a23f5 route=/v1/places status=200 duration_ms=12.0
{"backend_ms":3.714,"genid":"5eb4e43d9456b96a68ee44ffb7a58fe9137ed16bf40a670cf513c34564e44249","normalize_ms":0.328,"outcome":"success","request_id":"a3f43996d4854692b003243977da3d63","responsebytes":5597,"resultcount":10}
request_id=a3f43996d4854692b003243977da3d63 route=/v1/places status=200 duration_ms=5.0
{"backend_ms":10.401,"genid":"5eb4e43d9456b96a68ee44ffb7a58fe9137ed16bf40a670cf513c34564e44249","normalize_ms":0.314,"outcome":"success","request_id":"0a2050dad19742cfb09bda9fd2e24639","responsebytes":1000,"resultcount":3}
request_id=0a2050dad19742cfb09bda9fd2e24639 route=/v1/places status=200 duration_ms=11.6
{"genid":"5eb4e43d9456b96a68ee44ffb7a58fe9137ed16bf40a670cf513c34564e44249","outcome":"success","request_id":"8bc2b9a039cc4169b1c17b52634b1e96","resultcount":6,"search_ms":1.483}
{"backend_ms":4.608,"genid":"5eb4e43d9456b96a68ee44ffb7a58fe9137ed16bf40a670cf513c34564e44249","normalize_ms":0.313,"outcome":"success","request_id":"8bc2b9a039cc4169b1c17b52634b1e96","responsebytes":5420,"resultcount":10}
{"backend_ms":14.986,"genid":"5eb4e43d9456b96a68ee44ffb7a58fe9137ed16bf40a670cf513c34564e44249","normalize_ms":0.527,"outcome":"success","request_id":"8bc2b9a039cc4169b1c17b52634b1e96","responsebytes":2679,"resultcount":7}
request_id=8bc2b9a039cc4169b1c17b52634b1e96 route=/v1/places status=200 duration_ms=16.7
{"backend_ms":3.128,"genid":"5eb4e43d9456b96a68ee44ffb7a58fe9137ed16bf40a670cf513c34564e44249","normalize_ms":0.243,"outcome":"success","request_id":"2e174a49c4374b5d969e3ea5ff9daf51","responsebytes":4450,"resultcount":8}
request_id=2e174a49c4374b5d969e3ea5ff9daf51 route=/v1/places status=200 duration_ms=4.2
{"genid":"5eb4e43d9456b96a68ee44ffb7a58fe9137ed16bf40a670cf513c34564e44249","outcome":"success","request_id":"361282a9976b4b03899302ecfb76987d","resultcount":10,"search_ms":3.336}
request_id=361282a9976b4b03899302ecfb76987d route=/v1/places status=200 duration_ms=4.3
{"genid":"5eb4e43d9456b96a68ee44ffb7a58fe9137ed16bf40a670cf513c34564e44249","outcome":"success","request_id":"134f81357baf460a9f368b8b1fb08fcf","resultcount":3,"search_ms":6.66}
request_id=134f81357baf460a9f368b8b1fb08fcf route=/v1/places status=200 duration_ms=7.5
{"backend_ms":4.055,"genid":"5eb4e43d9456b96a68ee44ffb7a58fe9137ed16bf40a670cf513c34564e44249","normalize_ms":0.314,"outcome":"success","request_id":"67b713fbe9ed4c46887469ed6cca6617","responsebytes":5227,"resultcount":10}
request_id=67b713fbe9ed4c46887469ed6cca6617 route=/v1/places status=200 duration_ms=5.2
{"backend_ms":3.746,"genid":"5eb4e43d9456b96a68ee44ffb7a58fe9137ed16bf40a670cf513c34564e44249","normalize_ms":0.369,"outcome":"success","request_id":"5415220877f9405cba8c421f50a556e2","responsebytes":5116,"resultcount":10}
request_id=5415220877f9405cba8c421f50a556e2 route=/v1/places status=200 duration_ms=5.0
{"backend_ms":3.485,"genid":"5eb4e43d9456b96a68ee44ffb7a58fe9137ed16bf40a670cf513c34564e44249","normalize_ms":0.295,"outcome":"success","request_id":"3bd41153385c4c0e9a1a22528f9f265e","responsebytes":5789,"resultcount":10}
request_id=3bd41153385c4c0e9a1a22528f9f265e route=/v1/places status=200 duration_ms=4.6
{"backend_ms":2.726,"genid":"5eb4e43d9456b96a68ee44ffb7a58fe9137ed16bf40a670cf513c34564e44249","normalize_ms":0.066,"outcome":"success","request_id":"fd56e1ac1a4545fab2e557f275ea472c","responsebytes":722,"resultcount":1}
request_id=fd56e1ac1a4545fab2e557f275ea472c route=/v1/places status=200 duration_ms=3.3
{"backend_ms":47.983,"genid":"5eb4e43d9456b96a68ee44ffb7a58fe9137ed16bf40a670cf513c34564e44249","normalize_ms":0.334,"outcome":"success","request_id":"2ab830922a724197981f7cdddfa6c7f3","responsebytes":6801,"resultcount":10}
request_id=2ab830922a724197981f7cdddfa6c7f3 route=/v1/places status=200 duration_ms=49.4
{"backend_ms":14.234,"genid":"5eb4e43d9456b96a68ee44ffb7a58fe9137ed16bf40a670cf513c34564e44249","normalize_ms":0.319,"outcome":"success","request_id":"c1c346874394400eb1a236f302ee4c45","responsebytes":5769,"resultcount":10}
request_id=c1c346874394400eb1a236f302ee4c45 route=/v1/places status=200 duration_ms=15.6
{"backend_ms":5.103,"genid":"5eb4e43d9456b96a68ee44ffb7a58fe9137ed16bf40a670cf513c34564e44249","normalize_ms":0.312,"outcome":"success","request_id":"6e06bb3718b54c8d820d2ab46cebf4ce","responsebytes":4622,"resultcount":10}
request_id=6e06bb3718b54c8d820d2ab46cebf4ce route=/v1/places status=200 duration_ms=6.6
{"genid":"5eb4e43d9456b96a68ee44ffb7a58fe9137ed16bf40a670cf513c34564e44249","outcome":"success","request_id":"0260c7c71909467f89c6dfc64a366126","resultcount":10,"search_ms":6.435}
{"backend_ms":6.97,"genid":"5eb4e43d9456b96a68ee44ffb7a58fe9137ed16bf40a670cf513c34564e44249","normalize_ms":0.338,"outcome":"success","request_id":"0260c7c71909467f89c6dfc64a366126","responsebytes":5827,"resultcount":10}
{"backend_ms":14.17,"genid":"5eb4e43d9456b96a68ee44ffb7a58fe9137ed16bf40a670cf513c34564e44249","normalize_ms":0.151,"outcome":"success","request_id":"0260c7c71909467f89c6dfc64a366126","responsebytes":486,"resultcount":1}
request_id=0260c7c71909467f89c6dfc64a366126 route=/v1/places status=200 duration_ms=15.3
{"backend_ms":3.344,"genid":"5eb4e43d9456b96a68ee44ffb7a58fe9137ed16bf40a670cf513c34564e44249","normalize_ms":0.339,"outcome":"success","request_id":"6bf4d18dadce4bc4a9cb69f9f0e3f888","responsebytes":5901,"resultcount":10}
request_id=6bf4d18dadce4bc4a9cb69f9f0e3f888 route=/v1/places status=200 duration_ms=4.6
{"backend_ms":5.977,"genid":"5eb4e43d9456b96a68ee44ffb7a58fe9137ed16bf40a670cf513c34564e44249","normalize_ms":0.36,"outcome":"success","request_id":"e516e6f333904eef9a5fe4132ef4cbbe","responsebytes":5489,"resultcount":10}
{"genid":"5eb4e43d9456b96a68ee44ffb7a58fe9137ed16bf40a670cf513c34564e44249","outcome":"success","request_id":"e516e6f333904eef9a5fe4132ef4cbbe","resultcount":3,"search_ms":7.958}
{"backend_ms":14.813,"genid":"5eb4e43d9456b96a68ee44ffb7a58fe9137ed16bf40a670cf513c34564e44249","normalize_ms":0.016,"outcome":"validempty","request_id":"e516e6f333904eef9a5fe4132ef4cbbe","responsebytes":42,"resultcount":0}
request_id=e516e6f333904eef9a5fe4132ef4cbbe route=/v1/places status=200 duration_ms=15.8
{"backend_ms":3.714,"genid":"5eb4e43d9456b96a68ee44ffb7a58fe9137ed16bf40a670cf513c34564e44249","normalize_ms":0.316,"outcome":"success","request_id":"1d881e14af39484486881e804a40f1a7","responsebytes":5813,"resultcount":10}
request_id=1d881e14af39484486881e804a40f1a7 route=/v1/places status=200 duration_ms=4.9
{"backend_ms":4.43,"genid":"5eb4e43d9456b96a68ee44ffb7a58fe9137ed16bf40a670cf513c34564e44249","normalize_ms":0.302,"outcome":"success","request_id":"8c3dfb0529914bc098aeba528c2e96d7","responsebytes":5915,"resultcount":10}
request_id=8c3dfb0529914bc098aeba528c2e96d7 route=/v1/places status=200 duration_ms=5.6
{"genid":"5eb4e43d9456b96a68ee44ffb7a58fe9137ed16bf40a670cf513c34564e44249","outcome":"success","request_id":"138f926a86f84f30bfc736a01f7ccf9b","resultcount":10,"search_ms":6.945}
{"backend_ms":9.079,"genid":"5eb4e43d9456b96a68ee44ffb7a58fe9137ed16bf40a670cf513c34564e44249","normalize_ms":0.301,"outcome":"success","request_id":"138f926a86f84f30bfc736a01f7ccf9b","responsebytes":5689,"resultcount":10}
{"backend_ms":15.474,"genid":"5eb4e43d9456b96a68ee44ffb7a58fe9137ed16bf40a670cf513c34564e44249","normalize_ms":0.281,"outcome":"success","request_id":"138f926a86f84f30bfc736a01f7ccf9b","responsebytes":1074,"resultcount":3}
request_id=138f926a86f84f30bfc736a01f7ccf9b route=/v1/places status=200 duration_ms=16.8
{"backend_ms":3.066,"genid":"5eb4e43d9456b96a68ee44ffb7a58fe9137ed16bf40a670cf513c34564e44249","normalize_ms":0.287,"outcome":"success","request_id":"994c5da366384c409562c41d58a175d4","responsebytes":5718,"resultcount":10}
request_id=994c5da366384c409562c41d58a175d4 route=/v1/places status=200 duration_ms=4.2
{"backend_ms":3.827,"genid":"5eb4e43d9456b96a68ee44ffb7a58fe9137ed16bf40a670cf513c34564e44249","normalize_ms":0.316,"outcome":"success","request_id":"3e989c4c16f5426d9f39a2f6c1a9879a","responsebytes":7109,"resultcount":10}
request_id=3e989c4c16f5426d9f39a2f6c1a9879a route=/v1/places status=200 duration_ms=5.0
{"genid":"5eb4e43d9456b96a68ee44ffb7a58fe9137ed16bf40a670cf513c34564e44249","outcome":"success","request_id":"bef2be0fbc8a4a7982ae922534b9065d","resultcount":10,"search_ms":6.416}
{"backend_ms":8.799,"genid":"5eb4e43d9456b96a68ee44ffb7a58fe9137ed16bf40a670cf513c34564e44249","normalize_ms":0.291,"outcome":"success","request_id":"bef2be0fbc8a4a7982ae922534b9065d","responsebytes":5859,"resultcount":10}
{"backend_ms":17.757,"genid":"5eb4e43d9456b96a68ee44ffb7a58fe9137ed16bf40a670cf513c34564e44249","normalize_ms":0.018,"outcome":"validempty","request_id":"bef2be0fbc8a4a7982ae922534b9065d","responsebytes":42,"resultcount":0}
request_id=bef2be0fbc8a4a7982ae922534b9065d route=/v1/places status=200 duration_ms=18.8
{"backend_ms":4.145,"genid":"5eb4e43d9456b96a68ee44ffb7a58fe9137ed16bf40a670cf513c34564e44249","normalize_ms":0.59,"outcome":"success","request_id":"7910a16e4b0245fa8313d71392bceef9","responsebytes":5770,"resultcount":10}
request_id=7910a16e4b0245fa8313d71392bceef9 route=/v1/places status=200 duration_ms=5.9
{"backend_ms":3.992,"genid":"5eb4e43d9456b96a68ee44ffb7a58fe9137ed16bf40a670cf513c34564e44249","normalize_ms":0.337,"outcome":"success","request_id":"3d4035749cb64b65a5a3ceaf323b8183","responsebytes":5984,"resultcount":10}
request_id=3d4035749cb64b65a5a3ceaf323b8183 route=/v1/places status=200 duration_ms=5.3
{"backend_ms":22.939,"genid":"5eb4e43d9456b96a68ee44ffb7a58fe9137ed16bf40a670cf513c34564e44249","normalize_ms":0.319,"outcome":"success","request_id":"0f391011c8754a258834dbc3030a568d","responsebytes":6135,"resultcount":10}
request_id=0f391011c8754a258834dbc3030a568d route=/v1/places status=200 duration_ms=24.2
{"genid":"5eb4e43d9456b96a68ee44ffb7a58fe9137ed16bf40a670cf513c34564e44249","outcome":"validempty","request_id":"42c78d4523f147c780694fd2b78bb363","resultcount":0,"search_ms":1.128}
{"backend_ms":3.983,"genid":"5eb4e43d9456b96a68ee44ffb7a58fe9137ed16bf40a670cf513c34564e44249","normalize_ms":0.303,"outcome":"success","request_id":"42c78d4523f147c780694fd2b78bb363","responsebytes":5798,"resultcount":10}
{"backend_ms":14.614,"genid":"5eb4e43d9456b96a68ee44ffb7a58fe9137ed16bf40a670cf513c34564e44249","normalize_ms":0.443,"outcome":"success","request_id":"42c78d4523f147c780694fd2b78bb363","responsebytes":1866,"resultcount":4}
request_id=42c78d4523f147c780694fd2b78bb363 route=/v1/places status=200 duration_ms=16.1
{"genid":"5eb4e43d9456b96a68ee44ffb7a58fe9137ed16bf40a670cf513c34564e44249","outcome":"success","request_id":"11ed14f4a2514b2aa3e79b03c681f457","resultcount":4,"search_ms":5.693}
request_id=11ed14f4a2514b2aa3e79b03c681f457 route=/v1/places status=200 duration_ms=6.6
{"backend_ms":9.69,"genid":"5eb4e43d9456b96a68ee44ffb7a58fe9137ed16bf40a670cf513c34564e44249","normalize_ms":0.286,"outcome":"success","request_id":"9c0355c0db0e4d79bda9923f2be85b86","responsebytes":5791,"resultcount":10}
request_id=9c0355c0db0e4d79bda9923f2be85b86 route=/v1/places status=200 duration_ms=10.8
{"backend_ms":11.366,"genid":"5eb4e43d9456b96a68ee44ffb7a58fe9137ed16bf40a670cf513c34564e44249","normalize_ms":0.323,"outcome":"success","request_id":"4b49af3e26bb4d529bff104de13c3eb1","responsebytes":5697,"resultcount":10}
{"backend_ms":15.271,"genid":"5eb4e43d9456b96a68ee44ffb7a58fe9137ed16bf40a670cf513c34564e44249","normalize_ms":0.013,"outcome":"validempty","request_id":"4b49af3e26bb4d529bff104de13c3eb1","responsebytes":42,"resultcount":0}
{"genid":"5eb4e43d9456b96a68ee44ffb7a58fe9137ed16bf40a670cf513c34564e44249","outcome":"success","request_id":"4b49af3e26bb4d529bff104de13c3eb1","resultcount":10,"search_ms":21.311}
request_id=4b49af3e26bb4d529bff104de13c3eb1 route=/v1/places status=200 duration_ms=22.7
{"genid":"5eb4e43d9456b96a68ee44ffb7a58fe9137ed16bf40a670cf513c34564e44249","outcome":"success","request_id":"c4f0f89faf6a44dbb0058e1e310a5474","resultcount":10,"search_ms":1.777}
request_id=c4f0f89faf6a44dbb0058e1e310a5474 route=/v1/places status=200 duration_ms=2.7
{"backend_ms":5.381,"genid":"5eb4e43d9456b96a68ee44ffb7a58fe9137ed16bf40a670cf513c34564e44249","normalize_ms":0.331,"outcome":"success","request_id":"fec7a88dd1e5441fa0ad5fd95cc89f7b","responsebytes":5959,"resultcount":10}
request_id=fec7a88dd1e5441fa0ad5fd95cc89f7b route=/v1/places status=200 duration_ms=6.6
{"backend_ms":33.336,"genid":"5eb4e43d9456b96a68ee44ffb7a58fe9137ed16bf40a670cf513c34564e44249","normalize_ms":0.342,"outcome":"success","request_id":"fea21f2b1ec144bcae1540a917caae8c","responsebytes":783,"resultcount":2}
request_id=fea21f2b1ec144bcae1540a917caae8c route=/v1/places status=200 duration_ms=34.6
{"backend_ms":9.637,"genid":"5eb4e43d9456b96a68ee44ffb7a58fe9137ed16bf40a670cf513c34564e44249","normalize_ms":0.192,"outcome":"success","request_id":"7443a0ef1f5d4ab2ac604595fd66d464","responsebytes":361,"resultcount":1}
request_id=7443a0ef1f5d4ab2ac604595fd66d464 route=/v1/places status=200 duration_ms=10.7
{"backend_ms":4.996,"genid":"5eb4e43d9456b96a68ee44ffb7a58fe9137ed16bf40a670cf513c34564e44249","normalize_ms":0.339,"outcome":"success","request_id":"57c792dce61f42e6bb219fc75703ee31","responsebytes":5616,"resultcount":10}
request_id=57c792dce61f42e6bb219fc75703ee31 route=/v1/places status=200 duration_ms=6.3
{"backend_ms":4.208,"genid":"5eb4e43d9456b96a68ee44ffb7a58fe9137ed16bf40a670cf513c34564e44249","normalize_ms":0.332,"outcome":"success","request_id":"af13df8034d44ab68c892bd066d60b19","responsebytes":5523,"resultcount":10}
request_id=af13df8034d44ab68c892bd066d60b19 route=/v1/places status=200 duration_ms=5.7
{"backend_ms":6.546,"genid":"5eb4e43d9456b96a68ee44ffb7a58fe9137ed16bf40a670cf513c34564e44249","normalize_ms":0.642,"outcome":"success","request_id":"3250977800194f61809ad9caacbcded1","responsebytes":5691,"resultcount":10}
request_id=3250977800194f61809ad9caacbcded1 route=/v1/places status=200 duration_ms=8.4
{"backend_ms":10.434,"genid":"5eb4e43d9456b96a68ee44ffb7a58fe9137ed16bf40a670cf513c34564e44249","normalize_ms":0.328,"outcome":"success","request_id":"026943239b11469c98b2a3ff2040c853","responsebytes":5532,"resultcount":10}
request_id=026943239b11469c98b2a3ff2040c853 route=/v1/places status=200 duration_ms=11.9
{"backend_ms":7.011,"genid":"5eb4e43d9456b96a68ee44ffb7a58fe9137ed16bf40a670cf513c34564e44249","normalize_ms":0.329,"outcome":"success","request_id":"762c1c67afbc4b3581ea9977ddf64e07","responsebytes":6230,"resultcount":10}
request_id=762c1c67afbc4b3581ea9977ddf64e07 route=/v1/places status=200 duration_ms=8.6
{"backend_ms":3.273,"genid":"5eb4e43d9456b96a68ee44ffb7a58fe9137ed16bf40a670cf513c34564e44249","normalize_ms":0.32,"outcome":"success","request_id":"5f1cbe12e784400784f0b2dd515cc184","responsebytes":5795,"resultcount":10}
request_id=5f1cbe12e784400784f0b2dd515cc184 route=/v1/places status=200 duration_ms=4.5
{"genid":"5eb4e43d9456b96a68ee44ffb7a58fe9137ed16bf40a670cf513c34564e44249","outcome":"success","request_id":"aa6f520aec2d456daa051329387bc7d3","resultcount":10,"search_ms":8.816}
{"backend_ms":10.962,"genid":"5eb4e43d9456b96a68ee44ffb7a58fe9137ed16bf40a670cf513c34564e44249","normalize_ms":0.203,"outcome":"success","request_id":"aa6f520aec2d456daa051329387bc7d3","responsebytes":446,"resultcount":1}
{"backend_ms":11.119,"genid":"5eb4e43d9456b96a68ee44ffb7a58fe9137ed16bf40a670cf513c34564e44249","normalize_ms":0.5,"outcome":"success","request_id":"aa6f520aec2d456daa051329387bc7d3","responsebytes":5806,"resultcount":10}
request_id=aa6f520aec2d456daa051329387bc7d3 route=/v1/places status=200 duration_ms=13.7
{"backend_ms":10.517,"genid":"5eb4e43d9456b96a68ee44ffb7a58fe9137ed16bf40a670cf513c34564e44249","normalize_ms":0.467,"outcome":"success","request_id":"7d69f0d5c8f944968c3fe23b1f0ed582","responsebytes":6241,"resultcount":10}
request_id=7d69f0d5c8f944968c3fe23b1f0ed582 route=/v1/places status=200 duration_ms=12.1
{"backend_ms":5.761,"genid":"5eb4e43d9456b96a68ee44ffb7a58fe9137ed16bf40a670cf513c34564e44249","normalize_ms":0.318,"outcome":"success","request_id":"0e9595176aed4f008af42ff90587c623","responsebytes":5412,"resultcount":10}
request_id=0e9595176aed4f008af42ff90587c623 route=/v1/places status=200 duration_ms=7.1
{"backend_ms":3.131,"genid":"5eb4e43d9456b96a68ee44ffb7a58fe9137ed16bf40a670cf513c34564e44249","normalize_ms":0.114,"outcome":"success","request_id":"33a141b79dd748af87e7bcef896e0085","responsebytes":1165,"resultcount":2}
request_id=33a141b79dd748af87e7bcef896e0085 route=/v1/places status=200 duration_ms=3.9
{"backend_ms":9.002,"genid":"5eb4e43d9456b96a68ee44ffb7a58fe9137ed16bf40a670cf513c34564e44249","normalize_ms":0.549,"outcome":"success","request_id":"1c9b360128f7489bb238aebde74c0155","responsebytes":2420,"resultcount":7}
request_id=1c9b360128f7489bb238aebde74c0155 route=/v1/places status=200 duration_ms=10.5
{"genid":"5eb4e43d9456b96a68ee44ffb7a58fe9137ed16bf40a670cf513c34564e44249","outcome":"success","request_id":"3c0446df5177405e98a657fc7b621e26","resultcount":10,"search_ms":8.936}
{"backend_ms":10.716,"genid":"5eb4e43d9456b96a68ee44ffb7a58fe9137ed16bf40a670cf513c34564e44249","normalize_ms":0.443,"outcome":"success","request_id":"3c0446df5177405e98a657fc7b621e26","responsebytes":2218,"resultcount":5}
{"backend_ms":11.447,"genid":"5eb4e43d9456b96a68ee44ffb7a58fe9137ed16bf40a670cf513c34564e44249","normalize_ms":0.313,"outcome":"success","request_id":"3c0446df5177405e98a657fc7b621e26","responsebytes":5834,"resultcount":10}
request_id=3c0446df5177405e98a657fc7b621e26 route=/v1/places status=200 duration_ms=13.9
{"backend_ms":23.107,"genid":"5eb4e43d9456b96a68ee44ffb7a58fe9137ed16bf40a670cf513c34564e44249","normalize_ms":0.64,"outcome":"success","request_id":"cc8370f23eb7418c9649580277813aec","responsebytes":2641,"resultcount":8}
request_id=cc8370f23eb7418c9649580277813aec route=/v1/places status=200 duration_ms=24.8
{"backend_ms":29.418,"genid":"5eb4e43d9456b96a68ee44ffb7a58fe9137ed16bf40a670cf513c34564e44249","normalize_ms":0.354,"outcome":"success","request_id":"0bb30c077064446a88c59ffd2e5d7c1d","responsebytes":6341,"resultcount":10}
request_id=0bb30c077064446a88c59ffd2e5d7c1d route=/v1/places status=200 duration_ms=30.7
{"backend_ms":24.819,"genid":"5eb4e43d9456b96a68ee44ffb7a58fe9137ed16bf40a670cf513c34564e44249","normalize_ms":0.32,"outcome":"success","request_id":"9d0e3426d3ab4877b9c063d8fc817104","responsebytes":6032,"resultcount":10}
request_id=9d0e3426d3ab4877b9c063d8fc817104 route=/v1/places status=200 duration_ms=26.1
{"backend_ms":3.22,"genid":"5eb4e43d9456b96a68ee44ffb7a58fe9137ed16bf40a670cf513c34564e44249","normalize_ms":0.3,"outcome":"success","request_id":"1d7f10e7614743c58ac96b751e46204b","responsebytes":5757,"resultcount":10}
request_id=1d7f10e7614743c58ac96b751e46204b route=/v1/places status=200 duration_ms=4.4
{"backend_ms":11.052,"genid":"5eb4e43d9456b96a68ee44ffb7a58fe9137ed16bf40a670cf513c34564e44249","normalize_ms":0.287,"outcome":"success","request_id":"400616377e024aeab6a17ae27d380d8a","responsebytes":1015,"resultcount":3}
request_id=400616377e024aeab6a17ae27d380d8a route=/v1/places status=200 duration_ms=12.1
{"backend_ms":3.494,"genid":"5eb4e43d9456b96a68ee44ffb7a58fe9137ed16bf40a670cf513c34564e44249","normalize_ms":0.33,"outcome":"success","request_id":"8c778a86761f4c918e719c5ba76a4eda","responsebytes":5341,"resultcount":10}
request_id=8c778a86761f4c918e719c5ba76a4eda route=/v1/places status=200 duration_ms=4.6
{"backend_ms":19.233,"genid":"5eb4e43d9456b96a68ee44ffb7a58fe9137ed16bf40a670cf513c34564e44249","normalize_ms":0.328,"outcome":"success","request_id":"b03e123463a141cfa4d795e3e117c697","responsebytes":994,"resultcount":3}
request_id=b03e123463a141cfa4d795e3e117c697 route=/v1/places status=200 duration_ms=20.5
{"backend_ms":9.507,"genid":"5eb4e43d9456b96a68ee44ffb7a58fe9137ed16bf40a670cf513c34564e44249","normalize_ms":0.329,"outcome":"success","request_id":"eeb77b3b700248bb9cd5b5a490ca1404","responsebytes":5932,"resultcount":10}
request_id=eeb77b3b700248bb9cd5b5a490ca1404 route=/v1/places status=200 duration_ms=10.8
{"genid":"5eb4e43d9456b96a68ee44ffb7a58fe9137ed16bf40a670cf513c34564e44249","outcome":"success","request_id":"b3ebe682cc9340dc889c60e70b825634","resultcount":10,"search_ms":4.576}
{"backend_ms":7.191,"genid":"5eb4e43d9456b96a68ee44ffb7a58fe9137ed16bf40a670cf513c34564e44249","normalize_ms":0.307,"outcome":"success","request_id":"b3ebe682cc9340dc889c60e70b825634","responsebytes":5646,"resultcount":10}
{"backend_ms":13.939,"genid":"5eb4e43d9456b96a68ee44ffb7a58fe9137ed16bf40a670cf513c34564e44249","normalize_ms":0.159,"outcome":"success","request_id":"b3ebe682cc9340dc889c60e70b825634","responsebytes":454,"resultcount":1}
request_id=b3ebe682cc9340dc889c60e70b825634 route=/v1/places status=200 duration_ms=15.1
{"backend_ms":51.991,"genid":"5eb4e43d9456b96a68ee44ffb7a58fe9137ed16bf40a670cf513c34564e44249","normalize_ms":0.305,"outcome":"success","request_id":"1a5d05b09dc545748721702b8cc33daf","responsebytes":5979,"resultcount":10}
request_id=1a5d05b09dc545748721702b8cc33daf route=/v1/places status=200 duration_ms=53.3
{"backend_ms":3.752,"genid":"5eb4e43d9456b96a68ee44ffb7a58fe9137ed16bf40a670cf513c34564e44249","normalize_ms":0.302,"outcome":"success","request_id":"7726d5b245a54c3495c0cd7121f82345","responsebytes":5959,"resultcount":10}
request_id=7726d5b245a54c3495c0cd7121f82345 route=/v1/places status=200 duration_ms=5.0
{"genid":"5eb4e43d9456b96a68ee44ffb7a58fe9137ed16bf40a670cf513c34564e44249","outcome":"success","request_id":"6ee8c63140db4f6f8a9533835965ef96","resultcount":4,"search_ms":8.491}
request_id=6ee8c63140db4f6f8a9533835965ef96 route=/v1/places status=200 duration_ms=9.4
{"backend_ms":9.742,"genid":"5eb4e43d9456b96a68ee44ffb7a58fe9137ed16bf40a670cf513c34564e44249","normalize_ms":0.282,"outcome":"success","request_id":"911c5712bcdc4aa9a46760900d2947b8","responsebytes":6052,"resultcount":10}
request_id=911c5712bcdc4aa9a46760900d2947b8 route=/v1/places status=200 duration_ms=10.8
{"backend_ms":44.443,"genid":"5eb4e43d9456b96a68ee44ffb7a58fe9137ed16bf40a670cf513c34564e44249","normalize_ms":0.334,"outcome":"success","request_id":"021fdd19d1614d97ab6c6b52a056e85b","responsebytes":6234,"resultcount":10}
request_id=021fdd19d1614d97ab6c6b52a056e85b route=/v1/places status=200 duration_ms=45.7
{"backend_ms":3.644,"genid":"5eb4e43d9456b96a68ee44ffb7a58fe9137ed16bf40a670cf513c34564e44249","normalize_ms":0.294,"outcome":"success","request_id":"56b938b217cc41fea0b5e93fc4f5aaa5","responsebytes":5641,"resultcount":10}
request_id=56b938b217cc41fea0b5e93fc4f5aaa5 route=/v1/places status=200 duration_ms=4.9
{"backend_ms":3.618,"genid":"5eb4e43d9456b96a68ee44ffb7a58fe9137ed16bf40a670cf513c34564e44249","normalize_ms":0.278,"outcome":"success","request_id":"9bea53279de94ba1bcc3e531dbb1bc05","responsebytes":5940,"resultcount":10}
request_id=9bea53279de94ba1bcc3e531dbb1bc05 route=/v1/places status=200 duration_ms=4.7
{"backend_ms":7.138,"genid":"5eb4e43d9456b96a68ee44ffb7a58fe9137ed16bf40a670cf513c34564e44249","normalize_ms":0.523,"outcome":"success","request_id":"695c1439db604a589360b6be2dc3ab11","responsebytes":5766,"resultcount":10}
{"genid":"5eb4e43d9456b96a68ee44ffb7a58fe9137ed16bf40a670cf513c34564e44249","outcome":"success","request_id":"695c1439db604a589360b6be2dc3ab11","resultcount":10,"search_ms":16.587}
{"backend_ms":21.475,"genid":"5eb4e43d9456b96a68ee44ffb7a58fe9137ed16bf40a670cf513c34564e44249","normalize_ms":0.474,"outcome":"success","request_id":"695c1439db604a589360b6be2dc3ab11","responsebytes":3345,"resultcount":6}
request_id=695c1439db604a589360b6be2dc3ab11 route=/v1/places status=200 duration_ms=22.9
{"backend_ms":3.403,"genid":"5eb4e43d9456b96a68ee44ffb7a58fe9137ed16bf40a670cf513c34564e44249","normalize_ms":0.29,"outcome":"success","request_id":"9ae0d0f117804c01bcc0bfbb2913bd21","responsebytes":5272,"resultcount":10}
request_id=9ae0d0f117804c01bcc0bfbb2913bd21 route=/v1/places status=200 duration_ms=4.5
{"backend_ms":4.709,"genid":"5eb4e43d9456b96a68ee44ffb7a58fe9137ed16bf40a670cf513c34564e44249","normalize_ms":0.305,"outcome":"success","request_id":"1d5f1a0142334a0e800a1daa40df8a51","responsebytes":6171,"resultcount":10}
request_id=1d5f1a0142334a0e800a1daa40df8a51 route=/v1/places status=200 duration_ms=5.8
{"genid":"5eb4e43d9456b96a68ee44ffb7a58fe9137ed16bf40a670cf513c34564e44249","outcome":"success","request_id":"ca84aa111ddd4c26865253c959ccfcc1","resultcount":10,"search_ms":2.274}
{"backend_ms":3.006,"genid":"5eb4e43d9456b96a68ee44ffb7a58fe9137ed16bf40a670cf513c34564e44249","normalize_ms":0.283,"outcome":"success","request_id":"ca84aa111ddd4c26865253c959ccfcc1","responsebytes":5465,"resultcount":10}
{"backend_ms":10.512,"genid":"5eb4e43d9456b96a68ee44ffb7a58fe9137ed16bf40a670cf513c34564e44249","normalize_ms":0.302,"outcome":"success","request_id":"ca84aa111ddd4c26865253c959ccfcc1","responsebytes":1210,"resultcount":3}
request_id=ca84aa111ddd4c26865253c959ccfcc1 route=/v1/places status=200 duration_ms=11.9
{"backend_ms":10.079,"genid":"5eb4e43d9456b96a68ee44ffb7a58fe9137ed16bf40a670cf513c34564e44249","normalize_ms":0.297,"outcome":"success","request_id":"d7d5e302de3847939f9e235fae8f8ddc","responsebytes":6001,"resultcount":10}
request_id=d7d5e302de3847939f9e235fae8f8ddc route=/v1/places status=200 duration_ms=11.4
{"backend_ms":3.879,"genid":"5eb4e43d9456b96a68ee44ffb7a58fe9137ed16bf40a670cf513c34564e44249","normalize_ms":0.337,"outcome":"success","request_id":"ffc608b48bf7446fbbf73b76eeb7652d","responsebytes":5664,"resultcount":10}
request_id=ffc608b48bf7446fbbf73b76eeb7652d route=/v1/places status=200 duration_ms=5.2
{"genid":"5eb4e43d9456b96a68ee44ffb7a58fe9137ed16bf40a670cf513c34564e44249","outcome":"success","request_id":"f8829d351c794cdabf572bf2347bfe9d","resultcount":1,"search_ms":5.754}
request_id=f8829d351c794cdabf572bf2347bfe9d route=/v1/places status=200 duration_ms=6.7
{"genid":"5eb4e43d9456b96a68ee44ffb7a58fe9137ed16bf40a670cf513c34564e44249","outcome":"success","request_id":"cd34f86cd2114a658ed38dfa6bf40ab1","resultcount":3,"search_ms":2.314}
request_id=cd34f86cd2114a658ed38dfa6bf40ab1 route=/v1/places status=200 duration_ms=3.2
{"backend_ms":3.694,"genid":"5eb4e43d9456b96a68ee44ffb7a58fe9137ed16bf40a670cf513c34564e44249","normalize_ms":0.313,"outcome":"success","request_id":"ad8d99919a4449308a007ca12a2da9a7","responsebytes":5555,"resultcount":10}
request_id=ad8d99919a4449308a007ca12a2da9a7 route=/v1/places status=200 duration_ms=4.9
{"backend_ms":3.925,"genid":"5eb4e43d9456b96a68ee44ffb7a58fe9137ed16bf40a670cf513c34564e44249","normalize_ms":0.344,"outcome":"success","request_id":"ebdff0acebfb4807a25d84a3eac1aa50","responsebytes":5800,"resultcount":10}
request_id=ebdff0acebfb4807a25d84a3eac1aa50 route=/v1/places status=200 duration_ms=5.2
{"backend_ms":23.677,"genid":"5eb4e43d9456b96a68ee44ffb7a58fe9137ed16bf40a670cf513c34564e44249","normalize_ms":0.331,"outcome":"success","request_id":"f6427fe05622482285ef40c81ae4222e","responsebytes":5955,"resultcount":10}
request_id=f6427fe05622482285ef40c81ae4222e route=/v1/places status=200 duration_ms=25.0
{"genid":"5eb4e43d9456b96a68ee44ffb7a58fe9137ed16bf40a670cf513c34564e44249","outcome":"success","request_id":"5a2010cad1d74b2082aef383e4c1cdbe","resultcount":3,"search_ms":4.779}
request_id=5a2010cad1d74b2082aef383e4c1cdbe route=/v1/places status=200 duration_ms=5.9
{"backend_ms":13.626,"genid":"5eb4e43d9456b96a68ee44ffb7a58fe9137ed16bf40a670cf513c34564e44249","normalize_ms":0.332,"outcome":"success","request_id":"7d981ae539774033abc35915dc0af0f9","responsebytes":5893,"resultcount":10}
request_id=7d981ae539774033abc35915dc0af0f9 route=/v1/places status=200 duration_ms=15.0
{"genid":"5eb4e43d9456b96a68ee44ffb7a58fe9137ed16bf40a670cf513c34564e44249","outcome":"success","request_id":"f4d9358ad76e4357a06d9dd63c1ef013","resultcount":3,"search_ms":7.684}
request_id=f4d9358ad76e4357a06d9dd63c1ef013 route=/v1/places status=200 duration_ms=8.6
{"backend_ms":3.636,"genid":"5eb4e43d9456b96a68ee44ffb7a58fe9137ed16bf40a670cf513c34564e44249","normalize_ms":0.315,"outcome":"success","request_id":"791c09f4907d481c9f2ca83b4046be5a","responsebytes":6047,"resultcount":10}
request_id=791c09f4907d481c9f2ca83b4046be5a route=/v1/places status=200 duration_ms=4.8
{"backend_ms":3.201,"genid":"5eb4e43d9456b96a68ee44ffb7a58fe9137ed16bf40a670cf513c34564e44249","normalize_ms":0.293,"outcome":"success","request_id":"3fca122c13a84956b4f8fef4055ef8e7","responsebytes":5578,"resultcount":10}
request_id=3fca122c13a84956b4f8fef4055ef8e7 route=/v1/places status=200 duration_ms=4.3
{"backend_ms":3.2,"genid":"5eb4e43d9456b96a68ee44ffb7a58fe9137ed16bf40a670cf513c34564e44249","normalize_ms":0.269,"outcome":"success","request_id":"4dd78069b0a24d3cb51659cd12507816","responsebytes":4166,"resultcount":10}
request_id=4dd78069b0a24d3cb51659cd12507816 route=/v1/places status=200 duration_ms=4.3
{"backend_ms":10.843,"genid":"5eb4e43d9456b96a68ee44ffb7a58fe9137ed16bf40a670cf513c34564e44249","normalize_ms":0.33,"outcome":"success","request_id":"cd9656dd664f46dda19afc31c3c746c3","responsebytes":4949,"resultcount":10}
request_id=cd9656dd664f46dda19afc31c3c746c3 route=/v1/places status=200 duration_ms=12.1
{"backend_ms":3.263,"genid":"5eb4e43d9456b96a68ee44ffb7a58fe9137ed16bf40a670cf513c34564e44249","normalize_ms":0.323,"outcome":"success","request_id":"aa57987ec0414e279196b7826b3921ce","responsebytes":6387,"resultcount":10}
request_id=aa57987ec0414e279196b7826b3921ce route=/v1/places status=200 duration_ms=4.4
{"backend_ms":17.196,"genid":"5eb4e43d9456b96a68ee44ffb7a58fe9137ed16bf40a670cf513c34564e44249","normalize_ms":0.328,"outcome":"success","request_id":"86d42b8b89d44abdb891f315a20a1a99","responsebytes":5991,"resultcount":10}
request_id=86d42b8b89d44abdb891f315a20a1a99 route=/v1/places status=200 duration_ms=18.5
{"backend_ms":5.703,"genid":"5eb4e43d9456b96a68ee44ffb7a58fe9137ed16bf40a670cf513c34564e44249","normalize_ms":0.31,"outcome":"success","request_id":"d01b111220ca412ba4cb3c5de9d41ea0","responsebytes":5655,"resultcount":10}
request_id=d01b111220ca412ba4cb3c5de9d41ea0 route=/v1/places status=200 duration_ms=7.0
{"backend_ms":54.941,"genid":"5eb4e43d9456b96a68ee44ffb7a58fe9137ed16bf40a670cf513c34564e44249","normalize_ms":0.323,"outcome":"success","request_id":"649d86efa7a54103a9672ba82b8f2c3f","responsebytes":6418,"resultcount":10}
request_id=649d86efa7a54103a9672ba82b8f2c3f route=/v1/places status=200 duration_ms=56.2
{"backend_ms":23.259,"genid":"5eb4e43d9456b96a68ee44ffb7a58fe9137ed16bf40a670cf513c34564e44249","normalize_ms":0.298,"outcome":"success","request_id":"716b6de8052d4f6493f05922e252653d","responsebytes":6583,"resultcount":10}
request_id=716b6de8052d4f6493f05922e252653d route=/v1/places status=200 duration_ms=24.4
{"backend_ms":7.615,"genid":"5eb4e43d9456b96a68ee44ffb7a58fe9137ed16bf40a670cf513c34564e44249","normalize_ms":0.17,"outcome":"success","request_id":"b241570d646f4feabbaf32f3c0affafd","responsebytes":381,"resultcount":1}
request_id=b241570d646f4feabbaf32f3c0affafd route=/v1/places status=200 duration_ms=8.5
{"backend_ms":5.063,"genid":"5eb4e43d9456b96a68ee44ffb7a58fe9137ed16bf40a670cf513c34564e44249","normalize_ms":0.324,"outcome":"success","request_id":"2e90c60c5bfe4896b5931143c1cb134c","responsebytes":6257,"resultcount":10}
request_id=2e90c60c5bfe4896b5931143c1cb134c route=/v1/places status=200 duration_ms=6.2
{"backend_ms":12.337,"genid":"5eb4e43d9456b96a68ee44ffb7a58fe9137ed16bf40a670cf513c34564e44249","normalize_ms":0.282,"outcome":"success","request_id":"22a82eabf62d40d2b464785f79c1b133","responsebytes":6426,"resultcount":10}
request_id=22a82eabf62d40d2b464785f79c1b133 route=/v1/places status=200 duration_ms=13.4
{"backend_ms":9.647,"genid":"5eb4e43d9456b96a68ee44ffb7a58fe9137ed16bf40a670cf513c34564e44249","normalize_ms":0.28,"outcome":"success","request_id":"2e77251b7976412985c629bf2e735878","responsebytes":5871,"resultcount":10}
request_id=2e77251b7976412985c629bf2e735878 route=/v1/places status=200 duration_ms=10.8
{"backend_ms":3.066,"genid":"5eb4e43d9456b96a68ee44ffb7a58fe9137ed16bf40a670cf513c34564e44249","normalize_ms":0.29,"outcome":"success","request_id":"d739846074334079b6fe90a48114baf6","responsebytes":5999,"resultcount":10}
request_id=d739846074334079b6fe90a48114baf6 route=/v1/places status=200 duration_ms=4.2
{"backend_ms":3.361,"genid":"5eb4e43d9456b96a68ee44ffb7a58fe9137ed16bf40a670cf513c34564e44249","normalize_ms":0.277,"outcome":"success","request_id":"28d1a0538fbc4db39d71c472712fb5db","responsebytes":6210,"resultcount":10}
request_id=28d1a0538fbc4db39d71c472712fb5db route=/v1/places status=200 duration_ms=4.5
{"backend_ms":27.478,"genid":"5eb4e43d9456b96a68ee44ffb7a58fe9137ed16bf40a670cf513c34564e44249","normalize_ms":0.297,"outcome":"success","request_id":"6e9bb06178984c1383770c498d88299e","responsebytes":6513,"resultcount":10}
request_id=6e9bb06178984c1383770c498d88299e route=/v1/places status=200 duration_ms=28.6
{"genid":"5eb4e43d9456b96a68ee44ffb7a58fe9137ed16bf40a670cf513c34564e44249","outcome":"success","request_id":"76a34faea7484306b893b809652a668d","resultcount":10,"search_ms":29.532}
request_id=76a34faea7484306b893b809652a668d route=/v1/places status=200 duration_ms=30.7
{"backend_ms":12.176,"genid":"5eb4e43d9456b96a68ee44ffb7a58fe9137ed16bf40a670cf513c34564e44249","normalize_ms":0.319,"outcome":"success","request_id":"bc04219b66bd44d6b196472fd11f2e92","responsebytes":358,"resultcount":1}
request_id=bc04219b66bd44d6b196472fd11f2e92 route=/v1/places status=200 duration_ms=13.3
{"genid":"5eb4e43d9456b96a68ee44ffb7a58fe9137ed16bf40a670cf513c34564e44249","outcome":"success","request_id":"c5d875d29e7c4c71be82d8b097e98d71","resultcount":10,"search_ms":1.495}
request_id=c5d875d29e7c4c71be82d8b097e98d71 route=/v1/places status=200 duration_ms=2.5
{"backend_ms":7.818,"genid":"5eb4e43d9456b96a68ee44ffb7a58fe9137ed16bf40a670cf513c34564e44249","normalize_ms":0.165,"outcome":"success","request_id":"d13045a72f5141f68bf0568234b88ec9","responsebytes":384,"resultcount":1}
request_id=d13045a72f5141f68bf0568234b88ec9 route=/v1/places status=200 duration_ms=8.7
{"genid":"5eb4e43d9456b96a68ee44ffb7a58fe9137ed16bf40a670cf513c34564e44249","outcome":"success","request_id":"b9b6c62684a14911bdc30f49f4dcdaa5","resultcount":6,"search_ms":0.917}
request_id=b9b6c62684a14911bdc30f49f4dcdaa5 route=/v1/places status=200 duration_ms=1.7
{"genid":"5eb4e43d9456b96a68ee44ffb7a58fe9137ed16bf40a670cf513c34564e44249","outcome":"validempty","request_id":"3209e2b9fab14eeab492f610f07ef8a3","resultcount":0,"search_ms":3.159}
{"backend_ms":4.383,"genid":"5eb4e43d9456b96a68ee44ffb7a58fe9137ed16bf40a670cf513c34564e44249","normalize_ms":0.302,"outcome":"success","request_id":"3209e2b9fab14eeab492f610f07ef8a3","responsebytes":5869,"resultcount":10}
{"backend_ms":13.255,"genid":"5eb4e43d9456b96a68ee44ffb7a58fe9137ed16bf40a670cf513c34564e44249","normalize_ms":0.016,"outcome":"validempty","request_id":"3209e2b9fab14eeab492f610f07ef8a3","responsebytes":42,"resultcount":0}
request_id=3209e2b9fab14eeab492f610f07ef8a3 route=/v1/places status=200 duration_ms=14.2
{"genid":"5eb4e43d9456b96a68ee44ffb7a58fe9137ed16bf40a670cf513c34564e44249","outcome":"success","request_id":"af08eda3c82240508f538b789e5b2655","resultcount":10,"search_ms":9.324}
{"backend_ms":11.123,"genid":"5eb4e43d9456b96a68ee44ffb7a58fe9137ed16bf40a670cf513c34564e44249","normalize_ms":0.356,"outcome":"success","request_id":"af08eda3c82240508f538b789e5b2655","responsebytes":2030,"resultcount":4}
{"backend_ms":11.262,"genid":"5eb4e43d9456b96a68ee44ffb7a58fe9137ed16bf40a670cf513c34564e44249","normalize_ms":0.282,"outcome":"success","request_id":"af08eda3c82240508f538b789e5b2655","responsebytes":5786,"resultcount":10}
request_id=af08eda3c82240508f538b789e5b2655 route=/v1/places status=200 duration_ms=13.5
{"genid":"5eb4e43d9456b96a68ee44ffb7a58fe9137ed16bf40a670cf513c34564e44249","outcome":"success","request_id":"5257ac25b70548118c2ad1754796f3d4","resultcount":10,"search_ms":4.433}
request_id=5257ac25b70548118c2ad1754796f3d4 route=/v1/places status=200 duration_ms=5.5
{"genid":"5eb4e43d9456b96a68ee44ffb7a58fe9137ed16bf40a670cf513c34564e44249","outcome":"success","request_id":"7da975371afb4741be6f0e82cbe9a6f0","resultcount":10,"search_ms":7.395}
{"backend_ms":9.258,"genid":"5eb4e43d9456b96a68ee44ffb7a58fe9137ed16bf40a670cf513c34564e44249","normalize_ms":0.374,"outcome":"success","request_id":"7da975371afb4741be6f0e82cbe9a6f0","responsebytes":2218,"resultcount":5}
{"backend_ms":9.467,"genid":"5eb4e43d9456b96a68ee44ffb7a58fe9137ed16bf40a670cf513c34564e44249","normalize_ms":0.294,"outcome":"success","request_id":"7da975371afb4741be6f0e82cbe9a6f0","responsebytes":5834,"resultcount":10}
request_id=7da975371afb4741be6f0e82cbe9a6f0 route=/v1/places status=200 duration_ms=11.6
{"backend_ms":67.953,"genid":"5eb4e43d9456b96a68ee44ffb7a58fe9137ed16bf40a670cf513c34564e44249","normalize_ms":0.328,"outcome":"success","request_id":"34d79460b3794b34961043f81247d17f","responsebytes":5598,"resultcount":10}
request_id=34d79460b3794b34961043f81247d17f route=/v1/places status=200 duration_ms=69.3
{"backend_ms":3.618,"genid":"5eb4e43d9456b96a68ee44ffb7a58fe9137ed16bf40a670cf513c34564e44249","normalize_ms":0.281,"outcome":"success","request_id":"4114ebef9c684fc987be91bcc9d766d6","responsebytes":5590,"resultcount":10}
request_id=4114ebef9c684fc987be91bcc9d766d6 route=/v1/places status=200 duration_ms=4.8
{"backend_ms":5.072,"genid":"5eb4e43d9456b96a68ee44ffb7a58fe9137ed16bf40a670cf513c34564e44249","normalize_ms":0.276,"outcome":"success","request_id":"9bf8920d5a7b453cbf107d28b581d85c","responsebytes":5246,"resultcount":10}
request_id=9bf8920d5a7b453cbf107d28b581d85c route=/v1/places status=200 duration_ms=6.2
{"backend_ms":9.293,"genid":"5eb4e43d9456b96a68ee44ffb7a58fe9137ed16bf40a670cf513c34564e44249","normalize_ms":0.306,"outcome":"success","request_id":"c3341668ed8b40f2af5bb921333ea9d7","responsebytes":6600,"resultcount":10}
request_id=c3341668ed8b40f2af5bb921333ea9d7 route=/v1/places status=200 duration_ms=10.5
{"backend_ms":10.387,"genid":"5eb4e43d9456b96a68ee44ffb7a58fe9137ed16bf40a670cf513c34564e44249","normalize_ms":0.318,"outcome":"success","request_id":"d21ac7ef6890471daf4cc1a9e2966366","responsebytes":5887,"resultcount":10}
request_id=d21ac7ef6890471daf4cc1a9e2966366 route=/v1/places status=200 duration_ms=11.6
{"genid":"5eb4e43d9456b96a68ee44ffb7a58fe9137ed16bf40a670cf513c34564e44249","outcome":"success","request_id":"2986a312edd24e5a9ef112e9ed7a1128","resultcount":9,"search_ms":4.757}
request_id=2986a312edd24e5a9ef112e9ed7a1128 route=/v1/places status=200 duration_ms=5.6
{"genid":"5eb4e43d9456b96a68ee44ffb7a58fe9137ed16bf40a670cf513c34564e44249","outcome":"success","request_id":"9f4131b8b11e46cd8cd35baaad85411a","resultcount":5,"search_ms":4.667}
request_id=9f4131b8b11e46cd8cd35baaad85411a route=/v1/places status=200 duration_ms=5.4
{"backend_ms":3.754,"genid":"5eb4e43d9456b96a68ee44ffb7a58fe9137ed16bf40a670cf513c34564e44249","normalize_ms":0.293,"outcome":"success","request_id":"ee718b79bfb84a149f0e7bcf59a382d7","responsebytes":5809,"resultcount":10}
request_id=ee718b79bfb84a149f0e7bcf59a382d7 route=/v1/places status=200 duration_ms=4.9
{"backend_ms":3.475,"genid":"5eb4e43d9456b96a68ee44ffb7a58fe9137ed16bf40a670cf513c34564e44249","normalize_ms":0.28,"outcome":"success","request_id":"c06dbabd61774d2fb1f94f5777e4ece2","responsebytes":5834,"resultcount":10}
request_id=c06dbabd61774d2fb1f94f5777e4ece2 route=/v1/places status=200 duration_ms=4.5
{"backend_ms":36.975,"genid":"5eb4e43d9456b96a68ee44ffb7a58fe9137ed16bf40a670cf513c34564e44249","normalize_ms":0.314,"outcome":"success","request_id":"ebf4216799094f9c820850f32329c6d6","responsebytes":6327,"resultcount":10}
request_id=ebf4216799094f9c820850f32329c6d6 route=/v1/places status=200 duration_ms=38.2
{"backend_ms":2.998,"genid":"5eb4e43d9456b96a68ee44ffb7a58fe9137ed16bf40a670cf513c34564e44249","normalize_ms":0.289,"outcome":"success","request_id":"2eebd37547074b49a30e6a21bd431e9b","responsebytes":5528,"resultcount":10}
request_id=2eebd37547074b49a30e6a21bd431e9b route=/v1/places status=200 duration_ms=4.0
{"backend_ms":3.51,"genid":"5eb4e43d9456b96a68ee44ffb7a58fe9137ed16bf40a670cf513c34564e44249","normalize_ms":0.321,"outcome":"success","request_id":"210c70a45f3442f09f7bd3bf04494874","responsebytes":4458,"resultcount":10}
request_id=210c70a45f3442f09f7bd3bf04494874 route=/v1/places status=200 duration_ms=4.6
{"genid":"5eb4e43d9456b96a68ee44ffb7a58fe9137ed16bf40a670cf513c34564e44249","outcome":"success","request_id":"f3c4ce734e6a42738b103476a470058b","resultcount":5,"search_ms":5.254}
request_id=f3c4ce734e6a42738b103476a470058b route=/v1/places status=200 duration_ms=6.2
{"genid":"5eb4e43d9456b96a68ee44ffb7a58fe9137ed16bf40a670cf513c34564e44249","outcome":"success","request_id":"60fcf84e578f4ca6b928924f1513dfdb","resultcount":1,"search_ms":2.893}
request_id=60fcf84e578f4ca6b928924f1513dfdb route=/v1/places status=200 duration_ms=3.6
{"backend_ms":3.301,"genid":"5eb4e43d9456b96a68ee44ffb7a58fe9137ed16bf40a670cf513c34564e44249","normalize_ms":0.192,"outcome":"success","request_id":"1a3fd5e5dc874ed48cdedac3a3b1bf9e","responsebytes":3306,"resultcount":5}
request_id=1a3fd5e5dc874ed48cdedac3a3b1bf9e route=/v1/places status=200 duration_ms=4.2
{"backend_ms":3.345,"genid":"5eb4e43d9456b96a68ee44ffb7a58fe9137ed16bf40a670cf513c34564e44249","normalize_ms":0.286,"outcome":"success","request_id":"f84debe4037f4d25bbd8c367fa5a762a","responsebytes":5517,"resultcount":10}
request_id=f84debe4037f4d25bbd8c367fa5a762a route=/v1/places status=200 duration_ms=4.4
{"backend_ms":3.329,"genid":"5eb4e43d9456b96a68ee44ffb7a58fe9137ed16bf40a670cf513c34564e44249","normalize_ms":0.318,"outcome":"success","request_id":"fd91f5514a3f4fc9a628d160ed5068e2","responsebytes":5782,"resultcount":10}
request_id=fd91f5514a3f4fc9a628d160ed5068e2 route=/v1/places status=200 duration_ms=4.5
{"backend_ms":3.042,"genid":"5eb4e43d9456b96a68ee44ffb7a58fe9137ed16bf40a670cf513c34564e44249","normalize_ms":0.295,"outcome":"success","request_id":"2984ff94e0ef4396b8c3a48cd8f29ef3","responsebytes":5662,"resultcount":10}
request_id=2984ff94e0ef4396b8c3a48cd8f29ef3 route=/v1/places status=200 duration_ms=4.1
{"genid":"5eb4e43d9456b96a68ee44ffb7a58fe9137ed16bf40a670cf513c34564e44249","outcome":"success","request_id":"555190a473f34e24a0087278c0dbde29","resultcount":10,"search_ms":9.239}
{"backend_ms":11.173,"genid":"5eb4e43d9456b96a68ee44ffb7a58fe9137ed16bf40a670cf513c34564e44249","normalize_ms":0.571,"outcome":"success","request_id":"555190a473f34e24a0087278c0dbde29","responsebytes":3460,"resultcount":8}
{"backend_ms":11.581,"genid":"5eb4e43d9456b96a68ee44ffb7a58fe9137ed16bf40a670cf513c34564e44249","normalize_ms":0.365,"outcome":"success","request_id":"555190a473f34e24a0087278c0dbde29","responsebytes":6667,"resultcount":10}
request_id=555190a473f34e24a0087278c0dbde29 route=/v1/places status=200 duration_ms=13.9
{"backend_ms":10.723,"genid":"5eb4e43d9456b96a68ee44ffb7a58fe9137ed16bf40a670cf513c34564e44249","normalize_ms":0.322,"outcome":"success","request_id":"c2cd06d5384c430ba706d36c985e6520","responsebytes":5761,"resultcount":10}
request_id=c2cd06d5384c430ba706d36c985e6520 route=/v1/places status=200 duration_ms=12.0
{"backend_ms":7.255,"genid":"5eb4e43d9456b96a68ee44ffb7a58fe9137ed16bf40a670cf513c34564e44249","normalize_ms":0.395,"outcome":"success","request_id":"6fa2fd566d02479db40800392a1ccfe3","responsebytes":1349,"resultcount":4}
request_id=6fa2fd566d02479db40800392a1ccfe3 route=/v1/places status=200 duration_ms=8.5
{"backend_ms":3.255,"genid":"5eb4e43d9456b96a68ee44ffb7a58fe9137ed16bf40a670cf513c34564e44249","normalize_ms":0.164,"outcome":"success","request_id":"1fe4df14362744018f61a8abe91ca958","responsebytes":2273,"resultcount":4}
request_id=1fe4df14362744018f61a8abe91ca958 route=/v1/places status=200 duration_ms=4.1
{"backend_ms":9.123,"genid":"5eb4e43d9456b96a68ee44ffb7a58fe9137ed16bf40a670cf513c34564e44249","normalize_ms":0.372,"outcome":"success","request_id":"bc1077e292234ff3829cfaf578de2a4d","responsebytes":6508,"resultcount":10}
request_id=bc1077e292234ff3829cfaf578de2a4d route=/v1/places status=200 duration_ms=10.4
{"backend_ms":9.213,"genid":"5eb4e43d9456b96a68ee44ffb7a58fe9137ed16bf40a670cf513c34564e44249","normalize_ms":0.311,"outcome":"success","request_id":"f544b7773dda467f9164fb2ae8edd5e0","responsebytes":6062,"resultcount":10}
request_id=f544b7773dda467f9164fb2ae8edd5e0 route=/v1/places status=200 duration_ms=10.4
{"genid":"5eb4e43d9456b96a68ee44ffb7a58fe9137ed16bf40a670cf513c34564e44249","outcome":"success","request_id":"866b270f084447fe93bb13eb2c12762b","resultcount":10,"search_ms":7.633}
{"backend_ms":9.262,"genid":"5eb4e43d9456b96a68ee44ffb7a58fe9137ed16bf40a670cf513c34564e44249","normalize_ms":0.314,"outcome":"success","request_id":"866b270f084447fe93bb13eb2c12762b","responsebytes":6320,"resultcount":10}
{"backend_ms":15.163,"genid":"5eb4e43d9456b96a68ee44ffb7a58fe9137ed16bf40a670cf513c34564e44249","normalize_ms":0.406,"outcome":"success","request_id":"866b270f084447fe93bb13eb2c12762b","responsebytes":1826,"resultcount":5}
request_id=866b270f084447fe93bb13eb2c12762b route=/v1/places status=200 duration_ms=16.6
{"backend_ms":20.352,"genid":"5eb4e43d9456b96a68ee44ffb7a58fe9137ed16bf40a670cf513c34564e44249","normalize_ms":0.187,"outcome":"success","request_id":"16b7fb10dad04c9e8af26fdd9a96b8ef","responsebytes":501,"resultcount":1}
request_id=16b7fb10dad04c9e8af26fdd9a96b8ef route=/v1/places status=200 duration_ms=21.3
{"backend_ms":3.435,"genid":"5eb4e43d9456b96a68ee44ffb7a58fe9137ed16bf40a670cf513c34564e44249","normalize_ms":0.341,"outcome":"success","request_id":"036dca635cc04ad983d8e0986ecae9e8","responsebytes":6929,"resultcount":10}
request_id=036dca635cc04ad983d8e0986ecae9e8 route=/v1/places status=200 duration_ms=4.8
{"backend_ms":10.242,"genid":"5eb4e43d9456b96a68ee44ffb7a58fe9137ed16bf40a670cf513c34564e44249","normalize_ms":0.23,"outcome":"success","request_id":"1d61a55c2422444fa7bbc3f39acf72f1","responsebytes":829,"resultcount":2}
request_id=1d61a55c2422444fa7bbc3f39acf72f1 route=/v1/places status=200 duration_ms=11.2
{"backend_ms":4.45,"genid":"5eb4e43d9456b96a68ee44ffb7a58fe9137ed16bf40a670cf513c34564e44249","normalize_ms":0.32,"outcome":"success","request_id":"9883a019befd4775b08f28da8d9e7d0d","responsebytes":5285,"resultcount":10}
request_id=9883a019befd4775b08f28da8d9e7d0d route=/v1/places status=200 duration_ms=5.6
{"genid":"5eb4e43d9456b96a68ee44ffb7a58fe9137ed16bf40a670cf513c34564e44249","outcome":"success","request_id":"3fb00448949749d0a5f800c72754cc60","resultcount":3,"search_ms":2.17}
request_id=3fb00448949749d0a5f800c72754cc60 route=/v1/places status=200 duration_ms=3.0
{"genid":"5eb4e43d9456b96a68ee44ffb7a58fe9137ed16bf40a670cf513c34564e44249","outcome":"success","request_id":"e8709e670a6c435f82c88c4943835b6f","resultcount":10,"search_ms":8.551}
{"backend_ms":10.375,"genid":"5eb4e43d9456b96a68ee44ffb7a58fe9137ed16bf40a670cf513c34564e44249","normalize_ms":0.233,"outcome":"success","request_id":"e8709e670a6c435f82c88c4943835b6f","responsebytes":919,"resultcount":2}
{"backend_ms":10.218,"genid":"5eb4e43d9456b96a68ee44ffb7a58fe9137ed16bf40a670cf513c34564e44249","normalize_ms":0.332,"outcome":"success","request_id":"e8709e670a6c435f82c88c4943835b6f","responsebytes":5786,"resultcount":10}
request_id=e8709e670a6c435f82c88c4943835b6f route=/v1/places status=200 duration_ms=12.4
{"backend_ms":3.287,"genid":"5eb4e43d9456b96a68ee44ffb7a58fe9137ed16bf40a670cf513c34564e44249","normalize_ms":0.312,"outcome":"success","request_id":"03077d66eaf44a9bb2e218b568c62c08","responsebytes":5790,"resultcount":10}
request_id=03077d66eaf44a9bb2e218b568c62c08 route=/v1/places status=200 duration_ms=4.5
{"genid":"5eb4e43d9456b96a68ee44ffb7a58fe9137ed16bf40a670cf513c34564e44249","outcome":"success","request_id":"8798bc93ae744d019a519199ecc7d934","resultcount":10,"search_ms":6.267}
{"backend_ms":8.351,"genid":"5eb4e43d9456b96a68ee44ffb7a58fe9137ed16bf40a670cf513c34564e44249","normalize_ms":0.287,"outcome":"success","request_id":"8798bc93ae744d019a519199ecc7d934","responsebytes":6019,"resultcount":10}
{"backend_ms":19.58,"genid":"5eb4e43d9456b96a68ee44ffb7a58fe9137ed16bf40a670cf513c34564e44249","normalize_ms":0.416,"outcome":"success","request_id":"8798bc93ae744d019a519199ecc7d934","responsebytes":1998,"resultcount":5}
request_id=8798bc93ae744d019a519199ecc7d934 route=/v1/places status=200 duration_ms=21.0
{"backend_ms":6.565,"genid":"5eb4e43d9456b96a68ee44ffb7a58fe9137ed16bf40a670cf513c34564e44249","normalize_ms":0.158,"outcome":"success","request_id":"ecb65e691f94435f8db1f77a240f2459","responsebytes":371,"resultcount":1}
request_id=ecb65e691f94435f8db1f77a240f2459 route=/v1/places status=200 duration_ms=7.4
{"backend_ms":3.518,"genid":"5eb4e43d9456b96a68ee44ffb7a58fe9137ed16bf40a670cf513c34564e44249","normalize_ms":0.36,"outcome":"success","request_id":"d3ca0a4aa6c24912a9cb83eeed85df13","responsebytes":5786,"resultcount":10}
request_id=d3ca0a4aa6c24912a9cb83eeed85df13 route=/v1/places status=200 duration_ms=4.7
{"genid":"5eb4e43d9456b96a68ee44ffb7a58fe9137ed16bf40a670cf513c34564e44249","outcome":"success","request_id":"4a9fda9b24034ce2afcbfa9d693d917b","resultcount":2,"search_ms":4.194}
request_id=4a9fda9b24034ce2afcbfa9d693d917b route=/v1/places status=200 duration_ms=4.9
{"genid":"5eb4e43d9456b96a68ee44ffb7a58fe9137ed16bf40a670cf513c34564e44249","outcome":"validempty","request_id":"fba209a3cd4d47f1a97c47429fc33658","resultcount":0,"search_ms":1.161}
{"backend_ms":4.309,"genid":"5eb4e43d9456b96a68ee44ffb7a58fe9137ed16bf40a670cf513c34564e44249","normalize_ms":0.341,"outcome":"success","request_id":"fba209a3cd4d47f1a97c47429fc33658","responsebytes":5819,"resultcount":10}
{"backend_ms":10.786,"genid":"5eb4e43d9456b96a68ee44ffb7a58fe9137ed16bf40a670cf513c34564e44249","normalize_ms":0.016,"outcome":"validempty","request_id":"fba209a3cd4d47f1a97c47429fc33658","responsebytes":42,"resultcount":0}
request_id=fba209a3cd4d47f1a97c47429fc33658 route=/v1/places status=200 duration_ms=11.7
{"backend_ms":3.312,"genid":"5eb4e43d9456b96a68ee44ffb7a58fe9137ed16bf40a670cf513c34564e44249","normalize_ms":0.295,"outcome":"success","request_id":"0827937ea1234b7abc02844bfc557d40","responsebytes":5734,"resultcount":10}
request_id=0827937ea1234b7abc02844bfc557d40 route=/v1/places status=200 duration_ms=4.4
{"backend_ms":10.773,"genid":"5eb4e43d9456b96a68ee44ffb7a58fe9137ed16bf40a670cf513c34564e44249","normalize_ms":0.332,"outcome":"success","request_id":"569785a242b44e63a38821c51edd6cdc","responsebytes":5697,"resultcount":10}
{"backend_ms":15.001,"genid":"5eb4e43d9456b96a68ee44ffb7a58fe9137ed16bf40a670cf513c34564e44249","normalize_ms":0.016,"outcome":"validempty","request_id":"569785a242b44e63a38821c51edd6cdc","responsebytes":42,"resultcount":0}
{"genid":"5eb4e43d9456b96a68ee44ffb7a58fe9137ed16bf40a670cf513c34564e44249","outcome":"success","request_id":"569785a242b44e63a38821c51edd6cdc","resultcount":10,"search_ms":20.635}
request_id=569785a242b44e63a38821c51edd6cdc route=/v1/places status=200 duration_ms=22.0
{"backend_ms":3.061,"genid":"5eb4e43d9456b96a68ee44ffb7a58fe9137ed16bf40a670cf513c34564e44249","normalize_ms":0.109,"outcome":"success","request_id":"f040884adb1741e3b3e0761942834664","responsebytes":1128,"resultcount":2}
request_id=f040884adb1741e3b3e0761942834664 route=/v1/places status=200 duration_ms=3.8
{"backend_ms":5.923,"genid":"5eb4e43d9456b96a68ee44ffb7a58fe9137ed16bf40a670cf513c34564e44249","normalize_ms":0.314,"outcome":"success","request_id":"d1079295456f4ceeb66c51ba48e719e0","responsebytes":5883,"resultcount":10}
request_id=d1079295456f4ceeb66c51ba48e719e0 route=/v1/places status=200 duration_ms=7.1
{"backend_ms":3.971,"genid":"5eb4e43d9456b96a68ee44ffb7a58fe9137ed16bf40a670cf513c34564e44249","normalize_ms":0.541,"outcome":"success","request_id":"242ae11fd098477c93db284111a47072","responsebytes":5594,"resultcount":10}
request_id=242ae11fd098477c93db284111a47072 route=/v1/places status=200 duration_ms=5.3
{"backend_ms":4.666,"genid":"5eb4e43d9456b96a68ee44ffb7a58fe9137ed16bf40a670cf513c34564e44249","normalize_ms":0.524,"outcome":"success","request_id":"99c251c674f343758b3ed50401c6e06f","responsebytes":5742,"resultcount":10}
request_id=99c251c674f343758b3ed50401c6e06f route=/v1/places status=200 duration_ms=6.2
{"backend_ms":4.445,"genid":"5eb4e43d9456b96a68ee44ffb7a58fe9137ed16bf40a670cf513c34564e44249","normalize_ms":0.353,"outcome":"success","request_id":"42c0648c0b3649a58cd3bc4314a55d79","responsebytes":6771,"resultcount":10}
request_id=42c0648c0b3649a58cd3bc4314a55d79 route=/v1/places status=200 duration_ms=5.9
{"genid":"5eb4e43d9456b96a68ee44ffb7a58fe9137ed16bf40a670cf513c34564e44249","outcome":"success","request_id":"3cdbfe47dd754d429fb8b061ada53a36","resultcount":10,"search_ms":11.732}
request_id=3cdbfe47dd754d429fb8b061ada53a36 route=/v1/places status=200 duration_ms=12.9
{"backend_ms":9.952,"genid":"5eb4e43d9456b96a68ee44ffb7a58fe9137ed16bf40a670cf513c34564e44249","normalize_ms":0.192,"outcome":"success","request_id":"fbf4ce1f7fd645deb8b469e7d894997b","responsebytes":516,"resultcount":1}
request_id=fbf4ce1f7fd645deb8b469e7d894997b route=/v1/places status=200 duration_ms=10.9
{"backend_ms":10.338,"genid":"5eb4e43d9456b96a68ee44ffb7a58fe9137ed16bf40a670cf513c34564e44249","normalize_ms":0.287,"outcome":"success","request_id":"937ac6e761804728a759cb3ac18479d2","responsebytes":878,"resultcount":2}
request_id=937ac6e761804728a759cb3ac18479d2 route=/v1/places status=200 duration_ms=11.4
{"backend_ms":4.483,"genid":"5eb4e43d9456b96a68ee44ffb7a58fe9137ed16bf40a670cf513c34564e44249","normalize_ms":0.345,"outcome":"success","request_id":"7b420d1550924a76ae77f489f2bb8c35","responsebytes":6291,"resultcount":10}
request_id=7b420d1550924a76ae77f489f2bb8c35 route=/v1/places status=200 duration_ms=5.8
{"genid":"5eb4e43d9456b96a68ee44ffb7a58fe9137ed16bf40a670cf513c34564e44249","outcome":"success","request_id":"3a9fb60ddafb42d89f4571a680030a3a","resultcount":2,"search_ms":5.571}
request_id=3a9fb60ddafb42d89f4571a680030a3a route=/v1/places status=200 duration_ms=6.6
{"backend_ms":4.19,"genid":"5eb4e43d9456b96a68ee44ffb7a58fe9137ed16bf40a670cf513c34564e44249","normalize_ms":0.34,"outcome":"success","request_id":"fb16e2b83f4d409c8738739fc7f89fe2","responsebytes":6246,"resultcount":10}
request_id=fb16e2b83f4d409c8738739fc7f89fe2 route=/v1/places status=200 duration_ms=5.5
{"backend_ms":3.879,"genid":"5eb4e43d9456b96a68ee44ffb7a58fe9137ed16bf40a670cf513c34564e44249","normalize_ms":0.328,"outcome":"success","request_id":"daece48bcffb40e1ad4c68fb88e0ab64","responsebytes":5099,"resultcount":10}
request_id=daece48bcffb40e1ad4c68fb88e0ab64 route=/v1/places status=200 duration_ms=5.2
{"backend_ms":12.046,"genid":"5eb4e43d9456b96a68ee44ffb7a58fe9137ed16bf40a670cf513c34564e44249","normalize_ms":0.344,"outcome":"success","request_id":"9b61262c304d400eab7a2d7ffe15c6ac","responsebytes":6140,"resultcount":10}
request_id=9b61262c304d400eab7a2d7ffe15c6ac route=/v1/places status=200 duration_ms=13.4
{"backend_ms":4.307,"genid":"5eb4e43d9456b96a68ee44ffb7a58fe9137ed16bf40a670cf513c34564e44249","normalize_ms":0.313,"outcome":"success","request_id":"61b72202a567412ab965d145a6e3a2f2","responsebytes":5361,"resultcount":10}
request_id=61b72202a567412ab965d145a6e3a2f2 route=/v1/places status=200 duration_ms=5.6
{"backend_ms":3.966,"genid":"5eb4e43d9456b96a68ee44ffb7a58fe9137ed16bf40a670cf513c34564e44249","normalize_ms":0.372,"outcome":"success","request_id":"064e8a839ec64863bdad4e035c739b5c","responsebytes":5814,"resultcount":10}
request_id=064e8a839ec64863bdad4e035c739b5c route=/v1/places status=200 duration_ms=5.3
{"backend_ms":8.219,"genid":"5eb4e43d9456b96a68ee44ffb7a58fe9137ed16bf40a670cf513c34564e44249","normalize_ms":0.191,"outcome":"success","request_id":"a70f0d9d71424b9fbb6360494a8f5294","responsebytes":462,"resultcount":1}
request_id=a70f0d9d71424b9fbb6360494a8f5294 route=/v1/places status=200 duration_ms=9.2
{"backend_ms":8.489,"genid":"5eb4e43d9456b96a68ee44ffb7a58fe9137ed16bf40a670cf513c34564e44249","normalize_ms":0.233,"outcome":"success","request_id":"d06a673b99534688994803dac0d6eeb7","responsebytes":377,"resultcount":1}
request_id=d06a673b99534688994803dac0d6eeb7 route=/v1/places status=200 duration_ms=9.5
{"backend_ms":8.462,"genid":"5eb4e43d9456b96a68ee44ffb7a58fe9137ed16bf40a670cf513c34564e44249","normalize_ms":0.194,"outcome":"success","request_id":"02a15b0d5afc4ee9915465ceebae2f9f","responsebytes":368,"resultcount":1}
request_id=02a15b0d5afc4ee9915465ceebae2f9f route=/v1/places status=200 duration_ms=9.5
{"backend_ms":7.435,"genid":"5eb4e43d9456b96a68ee44ffb7a58fe9137ed16bf40a670cf513c34564e44249","normalize_ms":0.374,"outcome":"success","request_id":"4b32f07c9a724d829342efb1597e631b","responsebytes":5789,"resultcount":10}
{"genid":"5eb4e43d9456b96a68ee44ffb7a58fe9137ed16bf40a670cf513c34564e44249","outcome":"validempty","request_id":"4b32f07c9a724d829342efb1597e631b","resultcount":0,"search_ms":9.762}
{"backend_ms":26.716,"genid":"5eb4e43d9456b96a68ee44ffb7a58fe9137ed16bf40a670cf513c34564e44249","normalize_ms":0.521,"outcome":"success","request_id":"4b32f07c9a724d829342efb1597e631b","responsebytes":2708,"resultcount":6}
request_id=4b32f07c9a724d829342efb1597e631b route=/v1/places status=200 duration_ms=28.6
{"backend_ms":64.551,"genid":"5eb4e43d9456b96a68ee44ffb7a58fe9137ed16bf40a670cf513c34564e44249","normalize_ms":0.383,"outcome":"success","request_id":"35f2921522a049c9b54892ea4b8a3891","responsebytes":7488,"resultcount":10}
request_id=35f2921522a049c9b54892ea4b8a3891 route=/v1/places status=200 duration_ms=66.0
{"backend_ms":9.9,"genid":"5eb4e43d9456b96a68ee44ffb7a58fe9137ed16bf40a670cf513c34564e44249","normalize_ms":0.41,"outcome":"success","request_id":"145b3738926149b8bc12a600b6128530","responsebytes":927,"resultcount":2}
request_id=145b3738926149b8bc12a600b6128530 route=/v1/places status=200 duration_ms=11.5
{"backend_ms":9.045,"genid":"5eb4e43d9456b96a68ee44ffb7a58fe9137ed16bf40a670cf513c34564e44249","normalize_ms":0.313,"outcome":"success","request_id":"59f1e178baa6431f89c886ac6d3ec2cc","responsebytes":735,"resultcount":2}
request_id=59f1e178baa6431f89c886ac6d3ec2cc route=/v1/places status=200 duration_ms=10.2
{"backend_ms":4.075,"genid":"5eb4e43d9456b96a68ee44ffb7a58fe9137ed16bf40a670cf513c34564e44249","normalize_ms":0.363,"outcome":"success","request_id":"0e7d62405574413cb9eeb3972dba02f0","responsebytes":5668,"resultcount":10}
request_id=0e7d62405574413cb9eeb3972dba02f0 route=/v1/places status=200 duration_ms=5.7
{"backend_ms":6.009,"genid":"5eb4e43d9456b96a68ee44ffb7a58fe9137ed16bf40a670cf513c34564e44249","normalize_ms":0.381,"outcome":"success","request_id":"e794eccc26a6469ebc8c8976b9dc6981","responsebytes":5485,"resultcount":10}
request_id=e794eccc26a6469ebc8c8976b9dc6981 route=/v1/places status=200 duration_ms=7.4
{"backend_ms":5.173,"genid":"5eb4e43d9456b96a68ee44ffb7a58fe9137ed16bf40a670cf513c34564e44249","normalize_ms":0.344,"outcome":"success","request_id":"671d23a9df0e458a937b5dd4da3f1ceb","responsebytes":4996,"resultcount":10}
request_id=671d23a9df0e458a937b5dd4da3f1ceb route=/v1/places status=200 duration_ms=6.6
{"backend_ms":62.004,"genid":"5eb4e43d9456b96a68ee44ffb7a58fe9137ed16bf40a670cf513c34564e44249","normalize_ms":0.341,"outcome":"success","request_id":"2f045d3c51464040854aad95aac7584d","responsebytes":6413,"resultcount":10}
request_id=2f045d3c51464040854aad95aac7584d route=/v1/places status=200 duration_ms=63.4
{"backend_ms":20.515,"genid":"5eb4e43d9456b96a68ee44ffb7a58fe9137ed16bf40a670cf513c34564e44249","normalize_ms":0.318,"outcome":"success","request_id":"c4858c8c093d49eebff0f7d8420f0526","responsebytes":5940,"resultcount":10}
request_id=c4858c8c093d49eebff0f7d8420f0526 route=/v1/places status=200 duration_ms=21.8
{"backend_ms":4.125,"genid":"5eb4e43d9456b96a68ee44ffb7a58fe9137ed16bf40a670cf513c34564e44249","normalize_ms":0.343,"outcome":"success","request_id":"ff5f6dc69db24fcebfda5d34b7858e03","responsebytes":5913,"resultcount":10}
request_id=ff5f6dc69db24fcebfda5d34b7858e03 route=/v1/places status=200 duration_ms=5.5
{"backend_ms":10.103,"genid":"5eb4e43d9456b96a68ee44ffb7a58fe9137ed16bf40a670cf513c34564e44249","normalize_ms":0.302,"outcome":"success","request_id":"41b15e537cdc4f42957dae3bada08b97","responsebytes":5792,"resultcount":10}
request_id=41b15e537cdc4f42957dae3bada08b97 route=/v1/places status=200 duration_ms=11.4
{"backend_ms":3.715,"genid":"5eb4e43d9456b96a68ee44ffb7a58fe9137ed16bf40a670cf513c34564e44249","normalize_ms":0.113,"outcome":"success","request_id":"ffcfdefcf471409694fc30ab50f11b2e","responsebytes":558,"resultcount":1}
request_id=ffcfdefcf471409694fc30ab50f11b2e route=/v1/places status=200 duration_ms=4.7
{"backend_ms":11.574,"genid":"5eb4e43d9456b96a68ee44ffb7a58fe9137ed16bf40a670cf513c34564e44249","normalize_ms":0.34,"outcome":"success","request_id":"0d7e1dca4a7c4256aad7f4a68a9b3311","responsebytes":6080,"resultcount":10}
request_id=0d7e1dca4a7c4256aad7f4a68a9b3311 route=/v1/places status=200 duration_ms=12.9
{"backend_ms":6.055,"genid":"5eb4e43d9456b96a68ee44ffb7a58fe9137ed16bf40a670cf513c34564e44249","normalize_ms":0.362,"outcome":"success","request_id":"8008542371384c9ab34f0ad7300f3771","responsebytes":5018,"resultcount":10}
request_id=8008542371384c9ab34f0ad7300f3771 route=/v1/places status=200 duration_ms=7.5
{"genid":"5eb4e43d9456b96a68ee44ffb7a58fe9137ed16bf40a670cf513c34564e44249","outcome":"success","request_id":"1c1622cacf694556a06549b2f5c0164a","resultcount":5,"search_ms":4.535}
request_id=1c1622cacf694556a06549b2f5c0164a route=/v1/places status=200 duration_ms=5.5
{"backend_ms":6.825,"genid":"5eb4e43d9456b96a68ee44ffb7a58fe9137ed16bf40a670cf513c34564e44249","normalize_ms":0.391,"outcome":"success","request_id":"f75112e947dc42cc9f96f5a911a00b3e","responsebytes":7506,"resultcount":10}
request_id=f75112e947dc42cc9f96f5a911a00b3e route=/v1/places status=200 duration_ms=8.2
{"backend_ms":3.702,"genid":"5eb4e43d9456b96a68ee44ffb7a58fe9137ed16bf40a670cf513c34564e44249","normalize_ms":0.262,"outcome":"success","request_id":"16391ed926f34ffcaffe9a5dc8b61c7b","responsebytes":4049,"resultcount":8}
request_id=16391ed926f34ffcaffe9a5dc8b61c7b route=/v1/places status=200 duration_ms=4.7
{"backend_ms":8.336,"genid":"5eb4e43d9456b96a68ee44ffb7a58fe9137ed16bf40a670cf513c34564e44249","normalize_ms":0.338,"outcome":"success","request_id":"abd31fe420054d14ada7dffb536be972","responsebytes":6197,"resultcount":10}
request_id=abd31fe420054d14ada7dffb536be972 route=/v1/places status=200 duration_ms=9.6
{"genid":"5eb4e43d9456b96a68ee44ffb7a58fe9137ed16bf40a670cf513c34564e44249","outcome":"success","request_id":"499aad6358784fc8b0c04cbac3999081","resultcount":10,"search_ms":3.728}
{"backend_ms":6.567,"genid":"5eb4e43d9456b96a68ee44ffb7a58fe9137ed16bf40a670cf513c34564e44249","normalize_ms":0.329,"outcome":"success","request_id":"499aad6358784fc8b0c04cbac3999081","responsebytes":5478,"resultcount":10}
{"backend_ms":13.407,"genid":"5eb4e43d9456b96a68ee44ffb7a58fe9137ed16bf40a670cf513c34564e44249","normalize_ms":0.484,"outcome":"success","request_id":"499aad6358784fc8b0c04cbac3999081","responsebytes":2645,"resultcount":6}
request_id=499aad6358784fc8b0c04cbac3999081 route=/v1/places status=200 duration_ms=15.0
{"backend_ms":3.955,"genid":"5eb4e43d9456b96a68ee44ffb7a58fe9137ed16bf40a670cf513c34564e44249","normalize_ms":0.317,"outcome":"success","request_id":"7d50d17457194d55a21ed9c0dd44e684","responsebytes":6542,"resultcount":10}
request_id=7d50d17457194d55a21ed9c0dd44e684 route=/v1/places status=200 duration_ms=5.2
{"backend_ms":7.56,"genid":"5eb4e43d9456b96a68ee44ffb7a58fe9137ed16bf40a670cf513c34564e44249","normalize_ms":0.177,"outcome":"success","request_id":"4bc92e57ff7549788cd7fc4ff2b9bcca","responsebytes":352,"resultcount":1}
request_id=4bc92e57ff7549788cd7fc4ff2b9bcca route=/v1/places status=200 duration_ms=8.8
{"backend_ms":2.977,"genid":"5eb4e43d9456b96a68ee44ffb7a58fe9137ed16bf40a670cf513c34564e44249","normalize_ms":0.302,"outcome":"success","request_id":"b76e5a3e5c0a4900a8e6df408a6d8a83","responsebytes":4764,"resultcount":10}
request_id=b76e5a3e5c0a4900a8e6df408a6d8a83 route=/v1/places status=200 duration_ms=4.1
{"genid":"5eb4e43d9456b96a68ee44ffb7a58fe9137ed16bf40a670cf513c34564e44249","outcome":"success","request_id":"0091b4d2f1bc42e0ac7fa6a17c244287","resultcount":10,"search_ms":0.91}
{"backend_ms":3.439,"genid":"5eb4e43d9456b96a68ee44ffb7a58fe9137ed16bf40a670cf513c34564e44249","normalize_ms":0.314,"outcome":"success","request_id":"0091b4d2f1bc42e0ac7fa6a17c244287","responsebytes":5516,"resultcount":10}
{"backend_ms":16.755,"genid":"5eb4e43d9456b96a68ee44ffb7a58fe9137ed16bf40a670cf513c34564e44249","normalize_ms":0.203,"outcome":"success","request_id":"0091b4d2f1bc42e0ac7fa6a17c244287","responsebytes":482,"resultcount":1}
request_id=0091b4d2f1bc42e0ac7fa6a17c244287 route=/v1/places status=200 duration_ms=18.1
{"genid":"5eb4e43d9456b96a68ee44ffb7a58fe9137ed16bf40a670cf513c34564e44249","outcome":"success","request_id":"05c5744a1e8a4195bf84e1b1b8cc822b","resultcount":10,"search_ms":13.908}
{"backend_ms":15.719,"genid":"5eb4e43d9456b96a68ee44ffb7a58fe9137ed16bf40a670cf513c34564e44249","normalize_ms":0.191,"outcome":"success","request_id":"05c5744a1e8a4195bf84e1b1b8cc822b","responsebytes":453,"resultcount":1}
{"backend_ms":15.669,"genid":"5eb4e43d9456b96a68ee44ffb7a58fe9137ed16bf40a670cf513c34564e44249","normalize_ms":0.317,"outcome":"success","request_id":"05c5744a1e8a4195bf84e1b1b8cc822b","responsebytes":5528,"resultcount":10}
request_id=05c5744a1e8a4195bf84e1b1b8cc822b route=/v1/places status=200 duration_ms=18.1
{"backend_ms":7.773,"genid":"5eb4e43d9456b96a68ee44ffb7a58fe9137ed16bf40a670cf513c34564e44249","normalize_ms":0.325,"outcome":"success","request_id":"30a33afe79204277ac044bfbdfbbde20","responsebytes":5766,"resultcount":10}
request_id=30a33afe79204277ac044bfbdfbbde20 route=/v1/places status=200 duration_ms=9.1
{"backend_ms":12.216,"genid":"5eb4e43d9456b96a68ee44ffb7a58fe9137ed16bf40a670cf513c34564e44249","normalize_ms":0.312,"outcome":"success","request_id":"d2aaeec5c3994209a02e246b041b2e6e","responsebytes":5544,"resultcount":10}
request_id=d2aaeec5c3994209a02e246b041b2e6e route=/v1/places status=200 duration_ms=13.7
{"backend_ms":3.44,"genid":"5eb4e43d9456b96a68ee44ffb7a58fe9137ed16bf40a670cf513c34564e44249","normalize_ms":0.316,"outcome":"success","request_id":"f85600d5f1d2445c8353088dc18a6d31","responsebytes":5597,"resultcount":10}
request_id=f85600d5f1d2445c8353088dc18a6d31 route=/v1/places status=200 duration_ms=4.6
{"backend_ms":8.32,"genid":"5eb4e43d9456b96a68ee44ffb7a58fe9137ed16bf40a670cf513c34564e44249","normalize_ms":0.336,"outcome":"success","request_id":"afafd26428d849afb27cf1346d021ee0","responsebytes":1000,"resultcount":3}
request_id=afafd26428d849afb27cf1346d021ee0 route=/v1/places status=200 duration_ms=9.4
{"genid":"5eb4e43d9456b96a68ee44ffb7a58fe9137ed16bf40a670cf513c34564e44249","outcome":"success","request_id":"d630ec0110574030824b123a987ff1a1","resultcount":6,"search_ms":1.185}
{"backend_ms":3.79,"genid":"5eb4e43d9456b96a68ee44ffb7a58fe9137ed16bf40a670cf513c34564e44249","normalize_ms":0.343,"outcome":"success","request_id":"d630ec0110574030824b123a987ff1a1","responsebytes":5420,"resultcount":10}
{"backend_ms":11.694,"genid":"5eb4e43d9456b96a68ee44ffb7a58fe9137ed16bf40a670cf513c34564e44249","normalize_ms":0.581,"outcome":"success","request_id":"d630ec0110574030824b123a987ff1a1","responsebytes":2679,"resultcount":7}
request_id=d630ec0110574030824b123a987ff1a1 route=/v1/places status=200 duration_ms=13.4
{"backend_ms":2.775,"genid":"5eb4e43d9456b96a68ee44ffb7a58fe9137ed16bf40a670cf513c34564e44249","normalize_ms":0.257,"outcome":"success","request_id":"e79e29e547184f2085f32d7b454afdd0","responsebytes":4450,"resultcount":8}
request_id=e79e29e547184f2085f32d7b454afdd0 route=/v1/places status=200 duration_ms=3.8
{"genid":"5eb4e43d9456b96a68ee44ffb7a58fe9137ed16bf40a670cf513c34564e44249","outcome":"success","request_id":"52c2965278a84c009e29206d8bb2ef83","resultcount":10,"search_ms":3.28}
request_id=52c2965278a84c009e29206d8bb2ef83 route=/v1/places status=200 duration_ms=4.3
{"genid":"5eb4e43d9456b96a68ee44ffb7a58fe9137ed16bf40a670cf513c34564e44249","outcome":"success","request_id":"1ecf1dbb649b4eefad9c22a3475e2664","resultcount":3,"search_ms":6.078}
request_id=1ecf1dbb649b4eefad9c22a3475e2664 route=/v1/places status=200 duration_ms=6.8
{"backend_ms":3.586,"genid":"5eb4e43d9456b96a68ee44ffb7a58fe9137ed16bf40a670cf513c34564e44249","normalize_ms":0.293,"outcome":"success","request_id":"8fd84234d1714350ab3307bb838cb016","responsebytes":5227,"resultcount":10}
request_id=8fd84234d1714350ab3307bb838cb016 route=/v1/places status=200 duration_ms=4.7
{"backend_ms":3.611,"genid":"5eb4e43d9456b96a68ee44ffb7a58fe9137ed16bf40a670cf513c34564e44249","normalize_ms":0.302,"outcome":"success","request_id":"d8debbce682f4e228d09752a43d33b60","responsebytes":5116,"resultcount":10}
request_id=d8debbce682f4e228d09752a43d33b60 route=/v1/places status=200 duration_ms=4.7
{"backend_ms":3.21,"genid":"5eb4e43d9456b96a68ee44ffb7a58fe9137ed16bf40a670cf513c34564e44249","normalize_ms":0.298,"outcome":"success","request_id":"e6c224407f02410d8f5aa28e3fc9e709","responsebytes":5789,"resultcount":10}
request_id=e6c224407f02410d8f5aa28e3fc9e709 route=/v1/places status=200 duration_ms=4.3
{"backend_ms":2.788,"genid":"5eb4e43d9456b96a68ee44ffb7a58fe9137ed16bf40a670cf513c34564e44249","normalize_ms":0.077,"outcome":"success","request_id":"7c21b30b91e2402c8bcb53bcda26ffc9","responsebytes":722,"resultcount":1}
request_id=7c21b30b91e2402c8bcb53bcda26ffc9 route=/v1/places status=200 duration_ms=3.4
{"backend_ms":43.312,"genid":"5eb4e43d9456b96a68ee44ffb7a58fe9137ed16bf40a670cf513c34564e44249","normalize_ms":0.335,"outcome":"success","request_id":"53e6109baa4a45deb85d919f1bbae5d6","responsebytes":6801,"resultcount":10}
request_id=53e6109baa4a45deb85d919f1bbae5d6 route=/v1/places status=200 duration_ms=44.5
{"backend_ms":13.452,"genid":"5eb4e43d9456b96a68ee44ffb7a58fe9137ed16bf40a670cf513c34564e44249","normalize_ms":0.303,"outcome":"success","request_id":"bdfc79d967034a16abf0bf7ef0179b32","responsebytes":5769,"resultcount":10}
request_id=bdfc79d967034a16abf0bf7ef0179b32 route=/v1/places status=200 duration_ms=14.7
{"backend_ms":4.036,"genid":"5eb4e43d9456b96a68ee44ffb7a58fe9137ed16bf40a670cf513c34564e44249","normalize_ms":0.273,"outcome":"success","request_id":"e337bbaa10e744d48c302631217503ff","responsebytes":4622,"resultcount":10}
request_id=e337bbaa10e744d48c302631217503ff route=/v1/places status=200 duration_ms=5.1
{"genid":"5eb4e43d9456b96a68ee44ffb7a58fe9137ed16bf40a670cf513c34564e44249","outcome":"success","request_id":"3d9fc28728b54133b31cbb959e83a973","resultcount":10,"search_ms":6.013}
{"backend_ms":7.22,"genid":"5eb4e43d9456b96a68ee44ffb7a58fe9137ed16bf40a670cf513c34564e44249","normalize_ms":0.303,"outcome":"success","request_id":"3d9fc28728b54133b31cbb959e83a973","responsebytes":5827,"resultcount":10}
{"backend_ms":9.178,"genid":"5eb4e43d9456b96a68ee44ffb7a58fe9137ed16bf40a670cf513c34564e44249","normalize_ms":0.139,"outcome":"success","request_id":"3d9fc28728b54133b31cbb959e83a973","responsebytes":486,"resultcount":1}
request_id=3d9fc28728b54133b31cbb959e83a973 route=/v1/places status=200 duration_ms=10.2
{"backend_ms":2.972,"genid":"5eb4e43d9456b96a68ee44ffb7a58fe9137ed16bf40a670cf513c34564e44249","normalize_ms":0.271,"outcome":"success","request_id":"cacacff95d7c4fdabb68d748504edaa3","responsebytes":5901,"resultcount":10}
request_id=cacacff95d7c4fdabb68d748504edaa3 route=/v1/places status=200 duration_ms=4.1
{"backend_ms":6.473,"genid":"5eb4e43d9456b96a68ee44ffb7a58fe9137ed16bf40a670cf513c34564e44249","normalize_ms":0.312,"outcome":"success","request_id":"5f5f754d0c334731b6126df061834f42","responsebytes":5489,"resultcount":10}
{"genid":"5eb4e43d9456b96a68ee44ffb7a58fe9137ed16bf40a670cf513c34564e44249","outcome":"success","request_id":"5f5f754d0c334731b6126df061834f42","resultcount":3,"search_ms":8.129}
{"backend_ms":18.295,"genid":"5eb4e43d9456b96a68ee44ffb7a58fe9137ed16bf40a670cf513c34564e44249","normalize_ms":0.017,"outcome":"validempty","request_id":"5f5f754d0c334731b6126df061834f42","responsebytes":42,"resultcount":0}
request_id=5f5f754d0c334731b6126df061834f42 route=/v1/places status=200 duration_ms=19.3
{"backend_ms":4.022,"genid":"5eb4e43d9456b96a68ee44ffb7a58fe9137ed16bf40a670cf513c34564e44249","normalize_ms":0.328,"outcome":"success","request_id":"183cb05cac414c61af8a42a5d9182528","responsebytes":5813,"resultcount":10}
request_id=183cb05cac414c61af8a42a5d9182528 route=/v1/places status=200 duration_ms=5.3
{"backend_ms":4.115,"genid":"5eb4e43d9456b96a68ee44ffb7a58fe9137ed16bf40a670cf513c34564e44249","normalize_ms":0.298,"outcome":"success","request_id":"2633498fe4124cacbf5ec83927b369e5","responsebytes":5915,"resultcount":10}
request_id=2633498fe4124cacbf5ec83927b369e5 route=/v1/places status=200 duration_ms=5.2
{"genid":"5eb4e43d9456b96a68ee44ffb7a58fe9137ed16bf40a670cf513c34564e44249","outcome":"success","request_id":"d2c43a2576284c29aa381fac267572a4","resultcount":10,"search_ms":7.816}
{"backend_ms":9.514,"genid":"5eb4e43d9456b96a68ee44ffb7a58fe9137ed16bf40a670cf513c34564e44249","normalize_ms":0.36,"outcome":"success","request_id":"d2c43a2576284c29aa381fac267572a4","responsebytes":5689,"resultcount":10}
{"backend_ms":15.273,"genid":"5eb4e43d9456b96a68ee44ffb7a58fe9137ed16bf40a670cf513c34564e44249","normalize_ms":0.261,"outcome":"success","request_id":"d2c43a2576284c29aa381fac267572a4","responsebytes":1074,"resultcount":3}
request_id=d2c43a2576284c29aa381fac267572a4 route=/v1/places status=200 duration_ms=16.6
{"backend_ms":3.321,"genid":"5eb4e43d9456b96a68ee44ffb7a58fe9137ed16bf40a670cf513c34564e44249","normalize_ms":0.299,"outcome":"success","request_id":"a55ed12192f541979c487962e6d24e97","responsebytes":5718,"resultcount":10}
request_id=a55ed12192f541979c487962e6d24e97 route=/v1/places status=200 duration_ms=4.5
{"backend_ms":4.338,"genid":"5eb4e43d9456b96a68ee44ffb7a58fe9137ed16bf40a670cf513c34564e44249","normalize_ms":0.357,"outcome":"success","request_id":"c2214a01a8da4f25a0d44a4a315a9a6c","responsebytes":7109,"resultcount":10}
request_id=c2214a01a8da4f25a0d44a4a315a9a6c route=/v1/places status=200 duration_ms=5.6
{"genid":"5eb4e43d9456b96a68ee44ffb7a58fe9137ed16bf40a670cf513c34564e44249","outcome":"success","request_id":"2746f678c1bf470ab229f36e71f0dfa1","resultcount":10,"search_ms":6.594}
{"backend_ms":9.601,"genid":"5eb4e43d9456b96a68ee44ffb7a58fe9137ed16bf40a670cf513c34564e44249","normalize_ms":0.329,"outcome":"success","request_id":"2746f678c1bf470ab229f36e71f0dfa1","responsebytes":5859,"resultcount":10}
{"backend_ms":19.211,"genid":"5eb4e43d9456b96a68ee44ffb7a58fe9137ed16bf40a670cf513c34564e44249","normalize_ms":0.022,"outcome":"validempty","request_id":"2746f678c1bf470ab229f36e71f0dfa1","responsebytes":42,"resultcount":0}
request_id=2746f678c1bf470ab229f36e71f0dfa1 route=/v1/places status=200 duration_ms=20.9
{"backend_ms":4.529,"genid":"5eb4e43d9456b96a68ee44ffb7a58fe9137ed16bf40a670cf513c34564e44249","normalize_ms":0.328,"outcome":"success","request_id":"9c7d4d6c4bb1421d86b64893fb0fa84c","responsebytes":5770,"resultcount":10}
request_id=9c7d4d6c4bb1421d86b64893fb0fa84c route=/v1/places status=200 duration_ms=5.9
{"backend_ms":3.654,"genid":"5eb4e43d9456b96a68ee44ffb7a58fe9137ed16bf40a670cf513c34564e44249","normalize_ms":0.365,"outcome":"success","request_id":"511d77988c184532a28dfe0566cc0a93","responsebytes":5984,"resultcount":10}
request_id=511d77988c184532a28dfe0566cc0a93 route=/v1/places status=200 duration_ms=4.9
{"backend_ms":22.972,"genid":"5eb4e43d9456b96a68ee44ffb7a58fe9137ed16bf40a670cf513c34564e44249","normalize_ms":0.314,"outcome":"success","request_id":"0a10d1bc2cc34df79b380f9d63c03028","responsebytes":6135,"resultcount":10}
request_id=0a10d1bc2cc34df79b380f9d63c03028 route=/v1/places status=200 duration_ms=24.2
{"genid":"5eb4e43d9456b96a68ee44ffb7a58fe9137ed16bf40a670cf513c34564e44249","outcome":"validempty","request_id":"bc327f5bb1d842fab8c7b3b59a6c29b2","resultcount":0,"search_ms":0.91}
{"backend_ms":3.709,"genid":"5eb4e43d9456b96a68ee44ffb7a58fe9137ed16bf40a670cf513c34564e44249","normalize_ms":0.333,"outcome":"success","request_id":"bc327f5bb1d842fab8c7b3b59a6c29b2","responsebytes":5798,"resultcount":10}
{"backend_ms":11.019,"genid":"5eb4e43d9456b96a68ee44ffb7a58fe9137ed16bf40a670cf513c34564e44249","normalize_ms":0.339,"outcome":"success","request_id":"bc327f5bb1d842fab8c7b3b59a6c29b2","responsebytes":1866,"resultcount":4}
request_id=bc327f5bb1d842fab8c7b3b59a6c29b2 route=/v1/places status=200 duration_ms=12.4
{"genid":"5eb4e43d9456b96a68ee44ffb7a58fe9137ed16bf40a670cf513c34564e44249","outcome":"success","request_id":"fbb8a66f42154b17a061248e8a380093","resultcount":4,"search_ms":5.855}
request_id=fbb8a66f42154b17a061248e8a380093 route=/v1/places status=200 duration_ms=6.9
{"backend_ms":9.924,"genid":"5eb4e43d9456b96a68ee44ffb7a58fe9137ed16bf40a670cf513c34564e44249","normalize_ms":0.306,"outcome":"success","request_id":"b506d4f0978f4c3390d5023b96e309a2","responsebytes":5791,"resultcount":10}
request_id=b506d4f0978f4c3390d5023b96e309a2 route=/v1/places status=200 duration_ms=11.1
{"backend_ms":10.616,"genid":"5eb4e43d9456b96a68ee44ffb7a58fe9137ed16bf40a670cf513c34564e44249","normalize_ms":0.323,"outcome":"success","request_id":"7da039f2dfd94413864cbb21d63e7c49","responsebytes":5697,"resultcount":10}
{"backend_ms":13.214,"genid":"5eb4e43d9456b96a68ee44ffb7a58fe9137ed16bf40a670cf513c34564e44249","normalize_ms":0.015,"outcome":"validempty","request_id":"7da039f2dfd94413864cbb21d63e7c49","responsebytes":42,"resultcount":0}
{"genid":"5eb4e43d9456b96a68ee44ffb7a58fe9137ed16bf40a670cf513c34564e44249","outcome":"success","request_id":"7da039f2dfd94413864cbb21d63e7c49","resultcount":10,"search_ms":19.545}
request_id=7da039f2dfd94413864cbb21d63e7c49 route=/v1/places status=200 duration_ms=20.8
{"genid":"5eb4e43d9456b96a68ee44ffb7a58fe9137ed16bf40a670cf513c34564e44249","outcome":"success","request_id":"e6cac8abb6814b9983d4f3d7fadf6fec","resultcount":10,"search_ms":1.691}
request_id=e6cac8abb6814b9983d4f3d7fadf6fec route=/v1/places status=200 duration_ms=2.6
{"backend_ms":5.532,"genid":"5eb4e43d9456b96a68ee44ffb7a58fe9137ed16bf40a670cf513c34564e44249","normalize_ms":0.325,"outcome":"success","request_id":"267c886234fa40f0aab947c937dd1d8a","responsebytes":5959,"resultcount":10}
request_id=267c886234fa40f0aab947c937dd1d8a route=/v1/places status=200 duration_ms=6.7
{"backend_ms":27.606,"genid":"5eb4e43d9456b96a68ee44ffb7a58fe9137ed16bf40a670cf513c34564e44249","normalize_ms":0.257,"outcome":"success","request_id":"8fc2fb950c104fcd8ff384022de97da6","responsebytes":783,"resultcount":2}
request_id=8fc2fb950c104fcd8ff384022de97da6 route=/v1/places status=200 duration_ms=28.6
{"backend_ms":7.071,"genid":"5eb4e43d9456b96a68ee44ffb7a58fe9137ed16bf40a670cf513c34564e44249","normalize_ms":0.167,"outcome":"success","request_id":"3e5f7ee959f84614b0f317076ec9a792","responsebytes":361,"resultcount":1}
request_id=3e5f7ee959f84614b0f317076ec9a792 route=/v1/places status=200 duration_ms=7.9
{"backend_ms":4.862,"genid":"5eb4e43d9456b96a68ee44ffb7a58fe9137ed16bf40a670cf513c34564e44249","normalize_ms":0.348,"outcome":"success","request_id":"66935c4f0a1344d0b57c94eecc22eb37","responsebytes":5616,"resultcount":10}
request_id=66935c4f0a1344d0b57c94eecc22eb37 route=/v1/places status=200 duration_ms=6.2
{"backend_ms":3.377,"genid":"5eb4e43d9456b96a68ee44ffb7a58fe9137ed16bf40a670cf513c34564e44249","normalize_ms":0.299,"outcome":"success","request_id":"029f35c5d1934b639eefb5fb730747a0","responsebytes":5523,"resultcount":10}
request_id=029f35c5d1934b639eefb5fb730747a0 route=/v1/places status=200 duration_ms=4.6
{"backend_ms":6.074,"genid":"5eb4e43d9456b96a68ee44ffb7a58fe9137ed16bf40a670cf513c34564e44249","normalize_ms":0.31,"outcome":"success","request_id":"5374e24bbf324300b79e57944ae2abff","responsebytes":5691,"resultcount":10}
request_id=5374e24bbf324300b79e57944ae2abff route=/v1/places status=200 duration_ms=7.2
{"backend_ms":10.411,"genid":"5eb4e43d9456b96a68ee44ffb7a58fe9137ed16bf40a670cf513c34564e44249","normalize_ms":0.354,"outcome":"success","request_id":"b034cb8c32384ebeb176837b2854c121","responsebytes":5532,"resultcount":10}
request_id=b034cb8c32384ebeb176837b2854c121 route=/v1/places status=200 duration_ms=11.7
{"backend_ms":6.445,"genid":"5eb4e43d9456b96a68ee44ffb7a58fe9137ed16bf40a670cf513c34564e44249","normalize_ms":0.362,"outcome":"success","request_id":"9bd765addc6d437cbb65327bf3c0c12f","responsebytes":6230,"resultcount":10}
request_id=9bd765addc6d437cbb65327bf3c0c12f route=/v1/places status=200 duration_ms=7.8
{"backend_ms":3.654,"genid":"5eb4e43d9456b96a68ee44ffb7a58fe9137ed16bf40a670cf513c34564e44249","normalize_ms":0.32,"outcome":"success","request_id":"5800d0a28546480caeab3304f2a92988","responsebytes":5795,"resultcount":10}
request_id=5800d0a28546480caeab3304f2a92988 route=/v1/places status=200 duration_ms=4.9
{"genid":"5eb4e43d9456b96a68ee44ffb7a58fe9137ed16bf40a670cf513c34564e44249","outcome":"success","request_id":"c7580d6d408c4722875f12e083c3b961","resultcount":10,"search_ms":9.767}
{"backend_ms":11.21,"genid":"5eb4e43d9456b96a68ee44ffb7a58fe9137ed16bf40a670cf513c34564e44249","normalize_ms":0.151,"outcome":"success","request_id":"c7580d6d408c4722875f12e083c3b961","responsebytes":446,"resultcount":1}
{"backend_ms":10.924,"genid":"5eb4e43d9456b96a68ee44ffb7a58fe9137ed16bf40a670cf513c34564e44249","normalize_ms":0.292,"outcome":"success","request_id":"c7580d6d408c4722875f12e083c3b961","responsebytes":5806,"resultcount":10}
request_id=c7580d6d408c4722875f12e083c3b961 route=/v1/places status=200 duration_ms=13.3
{"backend_ms":9.784,"genid":"5eb4e43d9456b96a68ee44ffb7a58fe9137ed16bf40a670cf513c34564e44249","normalize_ms":0.32,"outcome":"success","request_id":"4ae1325999ab4da8bb681bc4eb4cea9d","responsebytes":6241,"resultcount":10}
request_id=4ae1325999ab4da8bb681bc4eb4cea9d route=/v1/places status=200 duration_ms=11.1
{"backend_ms":5.303,"genid":"5eb4e43d9456b96a68ee44ffb7a58fe9137ed16bf40a670cf513c34564e44249","normalize_ms":0.301,"outcome":"success","request_id":"707124a14ddd43a58ca39a9d9a2611f3","responsebytes":5412,"resultcount":10}
request_id=707124a14ddd43a58ca39a9d9a2611f3 route=/v1/places status=200 duration_ms=6.5
{"backend_ms":3.276,"genid":"5eb4e43d9456b96a68ee44ffb7a58fe9137ed16bf40a670cf513c34564e44249","normalize_ms":0.107,"outcome":"success","request_id":"6c54e0b4c96246c4b57dd19ee08ff6d0","responsebytes":1165,"resultcount":2}
request_id=6c54e0b4c96246c4b57dd19ee08ff6d0 route=/v1/places status=200 duration_ms=4.1
{"backend_ms":7.637,"genid":"5eb4e43d9456b96a68ee44ffb7a58fe9137ed16bf40a670cf513c34564e44249","normalize_ms":0.483,"outcome":"success","request_id":"356b2e2bf1514bcc95ab54b6ef1b6d8b","responsebytes":2420,"resultcount":7}
request_id=356b2e2bf1514bcc95ab54b6ef1b6d8b route=/v1/places status=200 duration_ms=9.0
{"genid":"5eb4e43d9456b96a68ee44ffb7a58fe9137ed16bf40a670cf513c34564e44249","outcome":"success","request_id":"688fd5a0ceab445ea0bbb0d58713cffe","resultcount":10,"search_ms":8.416}
{"backend_ms":10.238,"genid":"5eb4e43d9456b96a68ee44ffb7a58fe9137ed16bf40a670cf513c34564e44249","normalize_ms":0.398,"outcome":"success","request_id":"688fd5a0ceab445ea0bbb0d58713cffe","responsebytes":2218,"resultcount":5}
{"backend_ms":10.302,"genid":"5eb4e43d9456b96a68ee44ffb7a58fe9137ed16bf40a670cf513c34564e44249","normalize_ms":0.289,"outcome":"success","request_id":"688fd5a0ceab445ea0bbb0d58713cffe","responsebytes":5834,"resultcount":10}
request_id=688fd5a0ceab445ea0bbb0d58713cffe route=/v1/places status=200 duration_ms=12.6
{"backend_ms":25.157,"genid":"5eb4e43d9456b96a68ee44ffb7a58fe9137ed16bf40a670cf513c34564e44249","normalize_ms":0.581,"outcome":"success","request_id":"588abba0803f4bb4a13205ca932aa605","responsebytes":2641,"resultcount":8}
request_id=588abba0803f4bb4a13205ca932aa605 route=/v1/places status=200 duration_ms=26.7
{"backend_ms":32.397,"genid":"5eb4e43d9456b96a68ee44ffb7a58fe9137ed16bf40a670cf513c34564e44249","normalize_ms":0.378,"outcome":"success","request_id":"44b639fbd72147b9b7884a6740212eb7","responsebytes":6341,"resultcount":10}
request_id=44b639fbd72147b9b7884a6740212eb7 route=/v1/places status=200 duration_ms=33.8
{"backend_ms":26.937,"genid":"5eb4e43d9456b96a68ee44ffb7a58fe9137ed16bf40a670cf513c34564e44249","normalize_ms":0.326,"outcome":"success","request_id":"77e98ab8eb6a4cf8b4794fe2ed6089ab","responsebytes":6032,"resultcount":10}
request_id=77e98ab8eb6a4cf8b4794fe2ed6089ab route=/v1/places status=200 duration_ms=28.4
{"backend_ms":3.578,"genid":"5eb4e43d9456b96a68ee44ffb7a58fe9137ed16bf40a670cf513c34564e44249","normalize_ms":0.355,"outcome":"success","request_id":"2dc4a9eb80d348d7bccd488a6af4e661","responsebytes":5757,"resultcount":10}
request_id=2dc4a9eb80d348d7bccd488a6af4e661 route=/v1/places status=200 duration_ms=4.9
{"backend_ms":7.836,"genid":"5eb4e43d9456b96a68ee44ffb7a58fe9137ed16bf40a670cf513c34564e44249","normalize_ms":0.307,"outcome":"success","request_id":"c01a444335ee4b7ca8a7ac37849ae5a2","responsebytes":1015,"resultcount":3}
request_id=c01a444335ee4b7ca8a7ac37849ae5a2 route=/v1/places status=200 duration_ms=9.0
{"backend_ms":3.889,"genid":"5eb4e43d9456b96a68ee44ffb7a58fe9137ed16bf40a670cf513c34564e44249","normalize_ms":0.324,"outcome":"success","request_id":"c9182fd688184e45b5e928d4381c96a3","responsebytes":5341,"resultcount":10}
request_id=c9182fd688184e45b5e928d4381c96a3 route=/v1/places status=200 duration_ms=5.2
{"backend_ms":23.269,"genid":"5eb4e43d9456b96a68ee44ffb7a58fe9137ed16bf40a670cf513c34564e44249","normalize_ms":0.345,"outcome":"success","request_id":"8c76a4e376e6401491290aa064a10b42","responsebytes":994,"resultcount":3}
request_id=8c76a4e376e6401491290aa064a10b42 route=/v1/places status=200 duration_ms=24.4
{"backend_ms":9.235,"genid":"5eb4e43d9456b96a68ee44ffb7a58fe9137ed16bf40a670cf513c34564e44249","normalize_ms":0.348,"outcome":"success","request_id":"5b612ab645034fe1969e0dc5225f9f31","responsebytes":5932,"resultcount":10}
request_id=5b612ab645034fe1969e0dc5225f9f31 route=/v1/places status=200 duration_ms=10.6
{"genid":"5eb4e43d9456b96a68ee44ffb7a58fe9137ed16bf40a670cf513c34564e44249","outcome":"success","request_id":"09fcd908c422469780d362c75cc2a1f4","resultcount":10,"search_ms":4.683}
{"backend_ms":8.557,"genid":"5eb4e43d9456b96a68ee44ffb7a58fe9137ed16bf40a670cf513c34564e44249","normalize_ms":0.343,"outcome":"success","request_id":"09fcd908c422469780d362c75cc2a1f4","responsebytes":5646,"resultcount":10}
{"backend_ms":15.987,"genid":"5eb4e43d9456b96a68ee44ffb7a58fe9137ed16bf40a670cf513c34564e44249","normalize_ms":0.215,"outcome":"success","request_id":"09fcd908c422469780d362c75cc2a1f4","responsebytes":454,"resultcount":1}
request_id=09fcd908c422469780d362c75cc2a1f4 route=/v1/places status=200 duration_ms=17.4
{"backend_ms":55.041,"genid":"5eb4e43d9456b96a68ee44ffb7a58fe9137ed16bf40a670cf513c34564e44249","normalize_ms":0.36,"outcome":"success","request_id":"eb36d73af8924fbfaddd13b1736fa18f","responsebytes":5979,"resultcount":10}
request_id=eb36d73af8924fbfaddd13b1736fa18f route=/v1/places status=200 duration_ms=56.4
{"backend_ms":4.067,"genid":"5eb4e43d9456b96a68ee44ffb7a58fe9137ed16bf40a670cf513c34564e44249","normalize_ms":0.344,"outcome":"success","request_id":"1c606d3197e54d45828b7a6c7811e8b7","responsebytes":5959,"resultcount":10}
request_id=1c606d3197e54d45828b7a6c7811e8b7 route=/v1/places status=200 duration_ms=5.4
{"genid":"5eb4e43d9456b96a68ee44ffb7a58fe9137ed16bf40a670cf513c34564e44249","outcome":"success","request_id":"414ff8da95ed4ff8976920af9e536948","resultcount":4,"search_ms":8.513}
request_id=414ff8da95ed4ff8976920af9e536948 route=/v1/places status=200 duration_ms=9.4
{"backend_ms":9.933,"genid":"5eb4e43d9456b96a68ee44ffb7a58fe9137ed16bf40a670cf513c34564e44249","normalize_ms":0.298,"outcome":"success","request_id":"b6f51b126904485e999204a5ba5a35c6","responsebytes":6052,"resultcount":10}
request_id=b6f51b126904485e999204a5ba5a35c6 route=/v1/places status=200 duration_ms=11.1
{"backend_ms":46.677,"genid":"5eb4e43d9456b96a68ee44ffb7a58fe9137ed16bf40a670cf513c34564e44249","normalize_ms":0.319,"outcome":"success","request_id":"46e6efde073d4c7187b2972297ae7e8c","responsebytes":6234,"resultcount":10}
request_id=46e6efde073d4c7187b2972297ae7e8c route=/v1/places status=200 duration_ms=47.9
{"backend_ms":3.794,"genid":"5eb4e43d9456b96a68ee44ffb7a58fe9137ed16bf40a670cf513c34564e44249","normalize_ms":0.294,"outcome":"success","request_id":"b41039e5cea14b3eb2e6180658669a65","responsebytes":5641,"resultcount":10}
request_id=b41039e5cea14b3eb2e6180658669a65 route=/v1/places status=200 duration_ms=5.0
{"backend_ms":4.423,"genid":"5eb4e43d9456b96a68ee44ffb7a58fe9137ed16bf40a670cf513c34564e44249","normalize_ms":0.307,"outcome":"success","request_id":"df59bbd5a838494a95c0cde5652fcba9","responsebytes":5940,"resultcount":10}
request_id=df59bbd5a838494a95c0cde5652fcba9 route=/v1/places status=200 duration_ms=5.5
{"backend_ms":5.431,"genid":"5eb4e43d9456b96a68ee44ffb7a58fe9137ed16bf40a670cf513c34564e44249","normalize_ms":0.334,"outcome":"success","request_id":"0e3811881d1b466a8ae306fc3255cff4","responsebytes":5766,"resultcount":10}
{"genid":"5eb4e43d9456b96a68ee44ffb7a58fe9137ed16bf40a670cf513c34564e44249","outcome":"success","request_id":"0e3811881d1b466a8ae306fc3255cff4","resultcount":10,"search_ms":17.107}
{"backend_ms":21.35,"genid":"5eb4e43d9456b96a68ee44ffb7a58fe9137ed16bf40a670cf513c34564e44249","normalize_ms":0.555,"outcome":"success","request_id":"0e3811881d1b466a8ae306fc3255cff4","responsebytes":3345,"resultcount":6}
request_id=0e3811881d1b466a8ae306fc3255cff4 route=/v1/places status=200 duration_ms=23.0
{"backend_ms":3.65,"genid":"5eb4e43d9456b96a68ee44ffb7a58fe9137ed16bf40a670cf513c34564e44249","normalize_ms":0.332,"outcome":"success","request_id":"5d0b34ff97d64a8ca4e31e25c2f23613","responsebytes":5272,"resultcount":10}
request_id=5d0b34ff97d64a8ca4e31e25c2f23613 route=/v1/places status=200 duration_ms=4.8
{"backend_ms":5.321,"genid":"5eb4e43d9456b96a68ee44ffb7a58fe9137ed16bf40a670cf513c34564e44249","normalize_ms":0.318,"outcome":"success","request_id":"1cabfbf601364fa1a142487ecf7c8060","responsebytes":6171,"resultcount":10}
request_id=1cabfbf601364fa1a142487ecf7c8060 route=/v1/places status=200 duration_ms=6.5
{"genid":"5eb4e43d9456b96a68ee44ffb7a58fe9137ed16bf40a670cf513c34564e44249","outcome":"success","request_id":"a0fd93ec81ef42318c2f4dd46533811b","resultcount":10,"search_ms":2.579}
{"backend_ms":3.469,"genid":"5eb4e43d9456b96a68ee44ffb7a58fe9137ed16bf40a670cf513c34564e44249","normalize_ms":0.311,"outcome":"success","request_id":"a0fd93ec81ef42318c2f4dd46533811b","responsebytes":5465,"resultcount":10}
{"backend_ms":11.978,"genid":"5eb4e43d9456b96a68ee44ffb7a58fe9137ed16bf40a670cf513c34564e44249","normalize_ms":0.305,"outcome":"success","request_id":"a0fd93ec81ef42318c2f4dd46533811b","responsebytes":1210,"resultcount":3}
request_id=a0fd93ec81ef42318c2f4dd46533811b route=/v1/places status=200 duration_ms=13.4
{"backend_ms":10.526,"genid":"5eb4e43d9456b96a68ee44ffb7a58fe9137ed16bf40a670cf513c34564e44249","normalize_ms":0.306,"outcome":"success","request_id":"28fab0a871a7418da9daa898f95c70d2","responsebytes":6001,"resultcount":10}
request_id=28fab0a871a7418da9daa898f95c70d2 route=/v1/places status=200 duration_ms=11.8
{"backend_ms":3.773,"genid":"5eb4e43d9456b96a68ee44ffb7a58fe9137ed16bf40a670cf513c34564e44249","normalize_ms":0.309,"outcome":"success","request_id":"ae5a91f45b84498fb37abba259dee6da","responsebytes":5664,"resultcount":10}
request_id=ae5a91f45b84498fb37abba259dee6da route=/v1/places status=200 duration_ms=5.0
{"genid":"5eb4e43d9456b96a68ee44ffb7a58fe9137ed16bf40a670cf513c34564e44249","outcome":"success","request_id":"d1ca07c45a314bc78e479ce01a0fd865","resultcount":1,"search_ms":5.52}
request_id=d1ca07c45a314bc78e479ce01a0fd865 route=/v1/places status=200 duration_ms=6.3
{"genid":"5eb4e43d9456b96a68ee44ffb7a58fe9137ed16bf40a670cf513c34564e44249","outcome":"success","request_id":"8d0471bcf211453c8bf1f58fdac18ac9","resultcount":3,"search_ms":2.177}
request_id=8d0471bcf211453c8bf1f58fdac18ac9 route=/v1/places status=200 duration_ms=2.9
{"backend_ms":3.441,"genid":"5eb4e43d9456b96a68ee44ffb7a58fe9137ed16bf40a670cf513c34564e44249","normalize_ms":0.296,"outcome":"success","request_id":"b0bf7edcd2a84029b75122ea12bfb988","responsebytes":5555,"resultcount":10}
request_id=b0bf7edcd2a84029b75122ea12bfb988 route=/v1/places status=200 duration_ms=4.5
{"backend_ms":3.607,"genid":"5eb4e43d9456b96a68ee44ffb7a58fe9137ed16bf40a670cf513c34564e44249","normalize_ms":0.32,"outcome":"success","request_id":"1b4b32b36f134282aca08f0f84373a05","responsebytes":5800,"resultcount":10}
request_id=1b4b32b36f134282aca08f0f84373a05 route=/v1/places status=200 duration_ms=4.9
{"backend_ms":24.683,"genid":"5eb4e43d9456b96a68ee44ffb7a58fe9137ed16bf40a670cf513c34564e44249","normalize_ms":0.32,"outcome":"success","request_id":"58fa19ca077e489f9f5854830623a455","responsebytes":5955,"resultcount":10}
request_id=58fa19ca077e489f9f5854830623a455 route=/v1/places status=200 duration_ms=26.0
{"genid":"5eb4e43d9456b96a68ee44ffb7a58fe9137ed16bf40a670cf513c34564e44249","outcome":"success","request_id":"c20932376f3f4c459e293394423582ea","resultcount":3,"search_ms":4.244}
request_id=c20932376f3f4c459e293394423582ea route=/v1/places status=200 duration_ms=5.1
{"backend_ms":13.541,"genid":"5eb4e43d9456b96a68ee44ffb7a58fe9137ed16bf40a670cf513c34564e44249","normalize_ms":0.309,"outcome":"success","request_id":"acd42ec7e51844f5a1b24cdd2605afb9","responsebytes":5893,"resultcount":10}
request_id=acd42ec7e51844f5a1b24cdd2605afb9 route=/v1/places status=200 duration_ms=14.8
{"genid":"5eb4e43d9456b96a68ee44ffb7a58fe9137ed16bf40a670cf513c34564e44249","outcome":"success","request_id":"e60ccb9ff12d49dca94ed9e68b563e23","resultcount":3,"search_ms":7.675}
request_id=e60ccb9ff12d49dca94ed9e68b563e23 route=/v1/places status=200 duration_ms=8.5
{"backend_ms":3.618,"genid":"5eb4e43d9456b96a68ee44ffb7a58fe9137ed16bf40a670cf513c34564e44249","normalize_ms":0.295,"outcome":"success","request_id":"48aa5a9d581045e5b7d8be8530b1e5c2","responsebytes":6047,"resultcount":10}
request_id=48aa5a9d581045e5b7d8be8530b1e5c2 route=/v1/places status=200 duration_ms=4.7
{"backend_ms":3.39,"genid":"5eb4e43d9456b96a68ee44ffb7a58fe9137ed16bf40a670cf513c34564e44249","normalize_ms":0.273,"outcome":"success","request_id":"ec42eaa912d04ea2bafbf7415192e78e","responsebytes":5578,"resultcount":10}
request_id=ec42eaa912d04ea2bafbf7415192e78e route=/v1/places status=200 duration_ms=4.4
{"backend_ms":3.172,"genid":"5eb4e43d9456b96a68ee44ffb7a58fe9137ed16bf40a670cf513c34564e44249","normalize_ms":0.264,"outcome":"success","request_id":"e4f9e43e383f4a2cb9c2b10764958478","responsebytes":4166,"resultcount":10}
request_id=e4f9e43e383f4a2cb9c2b10764958478 route=/v1/places status=200 duration_ms=4.2
{"backend_ms":10.017,"genid":"5eb4e43d9456b96a68ee44ffb7a58fe9137ed16bf40a670cf513c34564e44249","normalize_ms":0.309,"outcome":"success","request_id":"4b8296b08c8546fdb52e548a78ae915a","responsebytes":4949,"resultcount":10}
request_id=4b8296b08c8546fdb52e548a78ae915a route=/v1/places status=200 duration_ms=11.3
{"backend_ms":3.555,"genid":"5eb4e43d9456b96a68ee44ffb7a58fe9137ed16bf40a670cf513c34564e44249","normalize_ms":0.324,"outcome":"success","request_id":"48a2682e9e334bf6b33e2bf00d6a94dc","responsebytes":6387,"resultcount":10}
request_id=48a2682e9e334bf6b33e2bf00d6a94dc route=/v1/places status=200 duration_ms=4.7
{"backend_ms":16.699,"genid":"5eb4e43d9456b96a68ee44ffb7a58fe9137ed16bf40a670cf513c34564e44249","normalize_ms":0.319,"outcome":"success","request_id":"916fae59018f4f4787b719926c15f2ca","responsebytes":5991,"resultcount":10}
request_id=916fae59018f4f4787b719926c15f2ca route=/v1/places status=200 duration_ms=18.0
{"backend_ms":5.091,"genid":"5eb4e43d9456b96a68ee44ffb7a58fe9137ed16bf40a670cf513c34564e44249","normalize_ms":0.305,"outcome":"success","request_id":"9b3a6d06e18e4427ab256d7083382ebd","responsebytes":5655,"resultcount":10}
request_id=9b3a6d06e18e4427ab256d7083382ebd route=/v1/places status=200 duration_ms=6.4
{"backend_ms":56.816,"genid":"5eb4e43d9456b96a68ee44ffb7a58fe9137ed16bf40a670cf513c34564e44249","normalize_ms":0.322,"outcome":"success","request_id":"082e761fb0e64263a6cead202e2570bc","responsebytes":6418,"resultcount":10}
request_id=082e761fb0e64263a6cead202e2570bc route=/v1/places status=200 duration_ms=58.1
{"backend_ms":25.104,"genid":"5eb4e43d9456b96a68ee44ffb7a58fe9137ed16bf40a670cf513c34564e44249","normalize_ms":0.311,"outcome":"success","request_id":"62993c4fe9a44764a4c8155463b89e5d","responsebytes":6583,"resultcount":10}
request_id=62993c4fe9a44764a4c8155463b89e5d route=/v1/places status=200 duration_ms=26.3
{"backend_ms":8.556,"genid":"5eb4e43d9456b96a68ee44ffb7a58fe9137ed16bf40a670cf513c34564e44249","normalize_ms":0.17,"outcome":"success","request_id":"da7a5c1589854090b289c906bd013497","responsebytes":381,"resultcount":1}
request_id=da7a5c1589854090b289c906bd013497 route=/v1/places status=200 duration_ms=9.4
{"backend_ms":6.126,"genid":"5eb4e43d9456b96a68ee44ffb7a58fe9137ed16bf40a670cf513c34564e44249","normalize_ms":0.331,"outcome":"success","request_id":"74b5ccecedcd41549a6b22e7578f7f71","responsebytes":6257,"resultcount":10}
request_id=74b5ccecedcd41549a6b22e7578f7f71 route=/v1/places status=200 duration_ms=7.5
{"backend_ms":13.2,"genid":"5eb4e43d9456b96a68ee44ffb7a58fe9137ed16bf40a670cf513c34564e44249","normalize_ms":0.313,"outcome":"success","request_id":"dfda3c928076441080db95840b39354e","responsebytes":6426,"resultcount":10}
request_id=dfda3c928076441080db95840b39354e route=/v1/places status=200 duration_ms=14.4
{"backend_ms":9.817,"genid":"5eb4e43d9456b96a68ee44ffb7a58fe9137ed16bf40a670cf513c34564e44249","normalize_ms":0.294,"outcome":"success","request_id":"72dcc36c8df14f8596063c4b420d527a","responsebytes":5871,"resultcount":10}
request_id=72dcc36c8df14f8596063c4b420d527a route=/v1/places status=200 duration_ms=11.0
{"backend_ms":3.77,"genid":"5eb4e43d9456b96a68ee44ffb7a58fe9137ed16bf40a670cf513c34564e44249","normalize_ms":0.296,"outcome":"success","request_id":"cd71ac6370964068b24affcc3805c03c","responsebytes":5999,"resultcount":10}
request_id=cd71ac6370964068b24affcc3805c03c route=/v1/places status=200 duration_ms=4.9
{"backend_ms":3.955,"genid":"5eb4e43d9456b96a68ee44ffb7a58fe9137ed16bf40a670cf513c34564e44249","normalize_ms":0.298,"outcome":"success","request_id":"d0270e681d8f4d488f57772cd27e6364","responsebytes":6210,"resultcount":10}
request_id=d0270e681d8f4d488f57772cd27e6364 route=/v1/places status=200 duration_ms=5.0
{"backend_ms":29.634,"genid":"5eb4e43d9456b96a68ee44ffb7a58fe9137ed16bf40a670cf513c34564e44249","normalize_ms":0.323,"outcome":"success","request_id":"e777e7bb061b48e88a4ac6e934952c86","responsebytes":6513,"resultcount":10}
request_id=e777e7bb061b48e88a4ac6e934952c86 route=/v1/places status=200 duration_ms=30.9
{"genid":"5eb4e43d9456b96a68ee44ffb7a58fe9137ed16bf40a670cf513c34564e44249","outcome":"success","request_id":"0c68e87010584afc8607bb50f6a608ea","resultcount":10,"search_ms":30.762}
request_id=0c68e87010584afc8607bb50f6a608ea route=/v1/places status=200 duration_ms=31.9
{"backend_ms":7.863,"genid":"5eb4e43d9456b96a68ee44ffb7a58fe9137ed16bf40a670cf513c34564e44249","normalize_ms":0.201,"outcome":"success","request_id":"9cbf397ce24a4ed9b717847569a51613","responsebytes":358,"resultcount":1}
request_id=9cbf397ce24a4ed9b717847569a51613 route=/v1/places status=200 duration_ms=8.7
{"genid":"5eb4e43d9456b96a68ee44ffb7a58fe9137ed16bf40a670cf513c34564e44249","outcome":"success","request_id":"e7f80a3ca33c48eca3e1c9b5d4f53d4d","resultcount":10,"search_ms":1.499}
request_id=e7f80a3ca33c48eca3e1c9b5d4f53d4d route=/v1/places status=200 duration_ms=2.5
{"backend_ms":6.495,"genid":"5eb4e43d9456b96a68ee44ffb7a58fe9137ed16bf40a670cf513c34564e44249","normalize_ms":0.155,"outcome":"success","request_id":"75d19a5560b84142b7fa5ace4ab6e91a","responsebytes":384,"resultcount":1}
request_id=75d19a5560b84142b7fa5ace4ab6e91a route=/v1/places status=200 duration_ms=7.3
{"genid":"5eb4e43d9456b96a68ee44ffb7a58fe9137ed16bf40a670cf513c34564e44249","outcome":"success","request_id":"e534f632357443e899e4673be9241be6","resultcount":6,"search_ms":0.955}
request_id=e534f632357443e899e4673be9241be6 route=/v1/places status=200 duration_ms=1.8
{"genid":"5eb4e43d9456b96a68ee44ffb7a58fe9137ed16bf40a670cf513c34564e44249","outcome":"validempty","request_id":"0d4fc91f68c4424ca6d04574f0304d2d","resultcount":0,"search_ms":3.758}
{"backend_ms":4.823,"genid":"5eb4e43d9456b96a68ee44ffb7a58fe9137ed16bf40a670cf513c34564e44249","normalize_ms":0.337,"outcome":"success","request_id":"0d4fc91f68c4424ca6d04574f0304d2d","responsebytes":5869,"resultcount":10}
{"backend_ms":17.101,"genid":"5eb4e43d9456b96a68ee44ffb7a58fe9137ed16bf40a670cf513c34564e44249","normalize_ms":0.022,"outcome":"validempty","request_id":"0d4fc91f68c4424ca6d04574f0304d2d","responsebytes":42,"resultcount":0}
request_id=0d4fc91f68c4424ca6d04574f0304d2d route=/v1/places status=200 duration_ms=18.1
{"genid":"5eb4e43d9456b96a68ee44ffb7a58fe9137ed16bf40a670cf513c34564e44249","outcome":"success","request_id":"c26d11f79e164029b9f6ba2247f963f8","resultcount":10,"search_ms":11.642}
{"backend_ms":11.284,"genid":"5eb4e43d9456b96a68ee44ffb7a58fe9137ed16bf40a670cf513c34564e44249","normalize_ms":0.333,"outcome":"success","request_id":"c26d11f79e164029b9f6ba2247f963f8","responsebytes":5786,"resultcount":10}
{"backend_ms":15.28,"genid":"5eb4e43d9456b96a68ee44ffb7a58fe9137ed16bf40a670cf513c34564e44249","normalize_ms":0.375,"outcome":"success","request_id":"c26d11f79e164029b9f6ba2247f963f8","responsebytes":2030,"resultcount":4}
request_id=c26d11f79e164029b9f6ba2247f963f8 route=/v1/places status=200 duration_ms=16.8
{"genid":"5eb4e43d9456b96a68ee44ffb7a58fe9137ed16bf40a670cf513c34564e44249","outcome":"success","request_id":"4e9ae2912e4840f19eaf3a72ceb659f0","resultcount":10,"search_ms":4.983}
request_id=4e9ae2912e4840f19eaf3a72ceb659f0 route=/v1/places status=200 duration_ms=6.4
{"genid":"5eb4e43d9456b96a68ee44ffb7a58fe9137ed16bf40a670cf513c34564e44249","outcome":"success","request_id":"722ba07795b646609b83db083183a7dd","resultcount":10,"search_ms":8.068}
{"backend_ms":10.832,"genid":"5eb4e43d9456b96a68ee44ffb7a58fe9137ed16bf40a670cf513c34564e44249","normalize_ms":0.347,"outcome":"success","request_id":"722ba07795b646609b83db083183a7dd","responsebytes":5834,"resultcount":10}
{"backend_ms":13.365,"genid":"5eb4e43d9456b96a68ee44ffb7a58fe9137ed16bf40a670cf513c34564e44249","normalize_ms":0.428,"outcome":"success","request_id":"722ba07795b646609b83db083183a7dd","responsebytes":2218,"resultcount":5}
request_id=722ba07795b646609b83db083183a7dd route=/v1/places status=200 duration_ms=15.0
{"backend_ms":76.062,"genid":"5eb4e43d9456b96a68ee44ffb7a58fe9137ed16bf40a670cf513c34564e44249","normalize_ms":0.34,"outcome":"success","request_id":"3b5f698eff334c46866582ffa892972d","responsebytes":5598,"resultcount":10}
request_id=3b5f698eff334c46866582ffa892972d route=/v1/places status=200 duration_ms=77.5
{"backend_ms":3.567,"genid":"5eb4e43d9456b96a68ee44ffb7a58fe9137ed16bf40a670cf513c34564e44249","normalize_ms":0.316,"outcome":"success","request_id":"04156db8e4704e429ad5beac81543090","responsebytes":5590,"resultcount":10}
request_id=04156db8e4704e429ad5beac81543090 route=/v1/places status=200 duration_ms=4.8
{"backend_ms":6.91,"genid":"5eb4e43d9456b96a68ee44ffb7a58fe9137ed16bf40a670cf513c34564e44249","normalize_ms":0.319,"outcome":"success","request_id":"f8aaf65c1010464bbc73148fd5b248d7","responsebytes":5246,"resultcount":10}
request_id=f8aaf65c1010464bbc73148fd5b248d7 route=/v1/places status=200 duration_ms=8.2
{"backend_ms":10.926,"genid":"5eb4e43d9456b96a68ee44ffb7a58fe9137ed16bf40a670cf513c34564e44249","normalize_ms":0.325,"outcome":"success","request_id":"846bd686f83d4ae3818748d20a28960d","responsebytes":6600,"resultcount":10}
request_id=846bd686f83d4ae3818748d20a28960d route=/v1/places status=200 duration_ms=12.2
{"backend_ms":11.151,"genid":"5eb4e43d9456b96a68ee44ffb7a58fe9137ed16bf40a670cf513c34564e44249","normalize_ms":0.332,"outcome":"success","request_id":"12bbc6ce27354c6ea6bc3a224d74c398","responsebytes":5887,"resultcount":10}
request_id=12bbc6ce27354c6ea6bc3a224d74c398 route=/v1/places status=200 duration_ms=12.5
{"genid":"5eb4e43d9456b96a68ee44ffb7a58fe9137ed16bf40a670cf513c34564e44249","outcome":"success","request_id":"8b05ab0da82744f193396ea3d627f809","resultcount":9,"search_ms":4.949}
request_id=8b05ab0da82744f193396ea3d627f809 route=/v1/places status=200 duration_ms=5.9
{"genid":"5eb4e43d9456b96a68ee44ffb7a58fe9137ed16bf40a670cf513c34564e44249","outcome":"success","request_id":"a0718f9b9ea7489291c66126922b8683","resultcount":5,"search_ms":6.131}
request_id=a0718f9b9ea7489291c66126922b8683 route=/v1/places status=200 duration_ms=7.5
{"backend_ms":4.452,"genid":"5eb4e43d9456b96a68ee44ffb7a58fe9137ed16bf40a670cf513c34564e44249","normalize_ms":0.32,"outcome":"success","request_id":"261d8efb7ebd46a996834b35f3a358da","responsebytes":5809,"resultcount":10}
request_id=261d8efb7ebd46a996834b35f3a358da route=/v1/places status=200 duration_ms=5.7
{"backend_ms":5.176,"genid":"5eb4e43d9456b96a68ee44ffb7a58fe9137ed16bf40a670cf513c34564e44249","normalize_ms":0.332,"outcome":"success","request_id":"dcff39ff5f114f928adb1e83e2991e1b","responsebytes":5834,"resultcount":10}
request_id=dcff39ff5f114f928adb1e83e2991e1b route=/v1/places status=200 duration_ms=6.6
{"backend_ms":41.545,"genid":"5eb4e43d9456b96a68ee44ffb7a58fe9137ed16bf40a670cf513c34564e44249","normalize_ms":0.339,"outcome":"success","request_id":"84333149a74941b681bd4d28ae0d8acb","responsebytes":6327,"resultcount":10}
request_id=84333149a74941b681bd4d28ae0d8acb route=/v1/places status=200 duration_ms=42.9
{"backend_ms":3.374,"genid":"5eb4e43d9456b96a68ee44ffb7a58fe9137ed16bf40a670cf513c34564e44249","normalize_ms":0.315,"outcome":"success","request_id":"0aa396a6614f49fd8d81958d06afb845","responsebytes":5528,"resultcount":10}
request_id=0aa396a6614f49fd8d81958d06afb845 route=/v1/places status=200 duration_ms=4.5
{"backend_ms":4.174,"genid":"5eb4e43d9456b96a68ee44ffb7a58fe9137ed16bf40a670cf513c34564e44249","normalize_ms":0.336,"outcome":"success","request_id":"d7fb7befb2964428bcdf9f2347f31f70","responsebytes":4458,"resultcount":10}
request_id=d7fb7befb2964428bcdf9f2347f31f70 route=/v1/places status=200 duration_ms=5.5
{"genid":"5eb4e43d9456b96a68ee44ffb7a58fe9137ed16bf40a670cf513c34564e44249","outcome":"success","request_id":"0d297410a906475bb7d5da13771d8dfe","resultcount":5,"search_ms":5.753}
request_id=0d297410a906475bb7d5da13771d8dfe route=/v1/places status=200 duration_ms=6.7
{"genid":"5eb4e43d9456b96a68ee44ffb7a58fe9137ed16bf40a670cf513c34564e44249","outcome":"success","request_id":"6a2f27cdd04f4f18bfc0db2f1fa2c864","resultcount":1,"search_ms":3.94}
request_id=6a2f27cdd04f4f18bfc0db2f1fa2c864 route=/v1/places status=200 duration_ms=4.7
{"backend_ms":3.473,"genid":"5eb4e43d9456b96a68ee44ffb7a58fe9137ed16bf40a670cf513c34564e44249","normalize_ms":0.203,"outcome":"success","request_id":"9437d1c71f7247a3983329df364f966c","responsebytes":3306,"resultcount":5}
request_id=9437d1c71f7247a3983329df364f966c route=/v1/places status=200 duration_ms=4.4
{"backend_ms":3.666,"genid":"5eb4e43d9456b96a68ee44ffb7a58fe9137ed16bf40a670cf513c34564e44249","normalize_ms":0.31,"outcome":"success","request_id":"d890a8a3bd5a45f6b1fa69f72228b62f","responsebytes":5517,"resultcount":10}
request_id=d890a8a3bd5a45f6b1fa69f72228b62f route=/v1/places status=200 duration_ms=4.8
{"backend_ms":4.057,"genid":"5eb4e43d9456b96a68ee44ffb7a58fe9137ed16bf40a670cf513c34564e44249","normalize_ms":0.323,"outcome":"success","request_id":"2598d11c332a43e784b8193a794e7323","responsebytes":5782,"resultcount":10}
request_id=2598d11c332a43e784b8193a794e7323 route=/v1/places status=200 duration_ms=5.3
{"backend_ms":3.584,"genid":"5eb4e43d9456b96a68ee44ffb7a58fe9137ed16bf40a670cf513c34564e44249","normalize_ms":0.35,"outcome":"success","request_id":"de352f8e632d4c4f802a2d60198c03ce","responsebytes":5662,"resultcount":10}
request_id=de352f8e632d4c4f802a2d60198c03ce route=/v1/places status=200 duration_ms=4.9
{"genid":"5eb4e43d9456b96a68ee44ffb7a58fe9137ed16bf40a670cf513c34564e44249","outcome":"success","request_id":"d2bac02cb8cb42f286e3305df5cad144","resultcount":10,"search_ms":10.51}
{"backend_ms":12.637,"genid":"5eb4e43d9456b96a68ee44ffb7a58fe9137ed16bf40a670cf513c34564e44249","normalize_ms":0.582,"outcome":"success","request_id":"d2bac02cb8cb42f286e3305df5cad144","responsebytes":3460,"resultcount":8}
{"backend_ms":12.691,"genid":"5eb4e43d9456b96a68ee44ffb7a58fe9137ed16bf40a670cf513c34564e44249","normalize_ms":0.328,"outcome":"success","request_id":"d2bac02cb8cb42f286e3305df5cad144","responsebytes":6667,"resultcount":10}
request_id=d2bac02cb8cb42f286e3305df5cad144 route=/v1/places status=200 duration_ms=15.4
{"backend_ms":11.241,"genid":"5eb4e43d9456b96a68ee44ffb7a58fe9137ed16bf40a670cf513c34564e44249","normalize_ms":0.346,"outcome":"success","request_id":"9128f272b60b4b3fa6095e062fbeff29","responsebytes":5761,"resultcount":10}
request_id=9128f272b60b4b3fa6095e062fbeff29 route=/v1/places status=200 duration_ms=12.6
{"backend_ms":7.72,"genid":"5eb4e43d9456b96a68ee44ffb7a58fe9137ed16bf40a670cf513c34564e44249","normalize_ms":0.351,"outcome":"success","request_id":"eb50c36f7fef458a8630a29386040794","responsebytes":1349,"resultcount":4}
request_id=eb50c36f7fef458a8630a29386040794 route=/v1/places status=200 duration_ms=8.9
{"backend_ms":3.148,"genid":"5eb4e43d9456b96a68ee44ffb7a58fe9137ed16bf40a670cf513c34564e44249","normalize_ms":0.181,"outcome":"success","request_id":"8985600c07a04556aa58d4a9fb7fc70d","responsebytes":2273,"resultcount":4}
request_id=8985600c07a04556aa58d4a9fb7fc70d route=/v1/places status=200 duration_ms=4.2
{"backend_ms":10.94,"genid":"5eb4e43d9456b96a68ee44ffb7a58fe9137ed16bf40a670cf513c34564e44249","normalize_ms":0.32,"outcome":"success","request_id":"d8afb6a21c964fd29d2ed9e1539f142e","responsebytes":6508,"resultcount":10}
request_id=d8afb6a21c964fd29d2ed9e1539f142e route=/v1/places status=200 duration_ms=12.2
{"backend_ms":12.147,"genid":"5eb4e43d9456b96a68ee44ffb7a58fe9137ed16bf40a670cf513c34564e44249","normalize_ms":0.33,"outcome":"success","request_id":"e097136f660545dab4b7e63ec38379bc","responsebytes":6062,"resultcount":10}
request_id=e097136f660545dab4b7e63ec38379bc route=/v1/places status=200 duration_ms=13.4
