INFO:     Started server process [7]
INFO:     Waiting for application startup.
{"backend_ms":105.285,"genid":"5eb4e43d9456b96a68ee44ffb7a58fe9137ed16bf40a670cf513c34564e44249","normalize_ms":0.252,"outcome":"success","request_id":null,"responsebytes":580,"resultcount":1}
{"backend_ms":1213.189,"genid":"5eb4e43d9456b96a68ee44ffb7a58fe9137ed16bf40a670cf513c34564e44249","normalize_ms":0.0,"outcome":"unavailable","request_id":null,"responsebytes":null,"resultcount":null}
{"backend_ms":322.812,"genid":"5eb4e43d9456b96a68ee44ffb7a58fe9137ed16bf40a670cf513c34564e44249","normalize_ms":10.341,"outcome":"success","request_id":null,"responsebytes":427,"resultcount":1}
INFO:     Application startup complete.
INFO:     Uvicorn running on http://0.0.0.0:8000 (Press CTRL+C to quit)
request_id=e8716ba5705a4d58ae104a9bebf6ba5f route=/healthz status=200 duration_ms=23.0
request_id=b2bf90c1099a4c67a92d800920dfc509 route=/readyz status=200 duration_ms=623.2
request_id=9a29d6b91ea04f30b9a418dedeaa45f8 route=/readyz status=200 duration_ms=42.9
request_id=09aa453e7a9949c8950cdfd3a9960105 route=/readyz status=200 duration_ms=39.2
request_id=2d6c198e24a6463dad3f99571dbe622e route=/readyz status=200 duration_ms=41.3
request_id=bcafa6067227494f90441df7e9f37801 route=/readyz status=200 duration_ms=55.2
request_id=0fdf728b4ab84aa4ae3787a0aff3e15e route=/readyz status=200 duration_ms=55.8
request_id=a34f1e1bba864cc4abc302162e0c7188 route=/readyz status=200 duration_ms=52.2
request_id=80159fdc2ac84ea9b850100b9f45acc8 route=/readyz status=200 duration_ms=56.4
request_id=fb4e04bdfd424354b4656160f79cc49e route=/readyz status=200 duration_ms=81.6
request_id=2470c0c2279840d58b48bf6fdef07f96 route=/readyz status=200 duration_ms=59.5
request_id=304c8ce4fcac4511bfd71265d3cc74dd route=/readyz status=200 duration_ms=55.9
request_id=533daeb9390b4d2caf4dc56cd88e80dc route=/readyz status=200 duration_ms=59.5
request_id=f633f0d7d7364380831f0d30751bc697 route=/readyz status=200 duration_ms=58.0
request_id=b737f3c2e7724dc385e820d0db788594 route=/readyz status=200 duration_ms=61.4
request_id=4c6f4949e68c4923bb2db02e5d182101 route=/readyz status=200 duration_ms=48.1
request_id=c3955d66509c46b0b87541faad7f5011 route=/readyz status=200 duration_ms=47.9
request_id=008949e31c5b4eb39b676cd01ce166d8 route=/readyz status=200 duration_ms=43.8
request_id=7022a35229e245c79b2de6007727f188 route=/readyz status=200 duration_ms=47.2
request_id=187ab3d02a3447b78944d02b0c26fb2e route=/readyz status=200 duration_ms=41.5
request_id=643c7896a3bc4f5ca0b9241c16d8c0c4 route=/readyz status=200 duration_ms=44.0
request_id=7c208b3e2d09430ba1231d72df832771 route=/readyz status=200 duration_ms=56.8
request_id=8a20dcec1989458288ae889695048c7a route=/readyz status=200 duration_ms=48.6
request_id=e1c72e1b19ae4422882cb68249393cda route=/readyz status=200 duration_ms=51.7
request_id=fd6b2fea531c48d98d82064921f6224d route=/readyz status=200 duration_ms=46.8
request_id=029a8196e3c846a3ad7e5d1c8b46f6bf route=/readyz status=200 duration_ms=49.8
request_id=2f38bf56d9314a1cae6a99fcb60a2f83 route=/readyz status=200 duration_ms=40.1
request_id=1e28b5410ce54f4588b1e44a80259dd7 route=/readyz status=200 duration_ms=42.5
request_id=7a5c3c2a59fc4594852b573b1eed13c5 route=/readyz status=200 duration_ms=46.1
request_id=f035e7c567114758aad082c85eca9542 route=/readyz status=200 duration_ms=43.8
request_id=0d526ae19a324c65b6dca6e750ecb411 route=/readyz status=200 duration_ms=41.7
request_id=f96442f9d414428ab33a1d50179cf682 route=/readyz status=200 duration_ms=54.5
request_id=63740becc97e4994b09cd8a8f7386030 route=/readyz status=200 duration_ms=45.3
request_id=f0eaf2e8a00944ca85456d9253d9a05e route=/readyz status=200 duration_ms=42.6
request_id=bce421d414f740b7bce7347c5a3cd7fa route=/readyz status=200 duration_ms=43.9
request_id=70d69aabaf6c46dab60ec96788eb5f1c route=/readyz status=200 duration_ms=38.8
request_id=1948b503a9494a5087f13a1dcbd8caf2 route=/readyz status=200 duration_ms=42.9
request_id=a5aa0f65622f4c64b9a07775da60e8b3 route=/readyz status=200 duration_ms=50.4
request_id=17043a38c863420eba01b4b6970474f7 route=/readyz status=200 duration_ms=44.1
request_id=8d19ec34b2c54f998cae8cc1c91ce152 route=/readyz status=200 duration_ms=42.0
request_id=682a1ad04a854391a978c9e8f6772f43 route=/readyz status=200 duration_ms=43.9
request_id=668112937caf4600918505f587091d5b route=/readyz status=200 duration_ms=36.9
request_id=e5f8184fefeb490491c39e36c2f51b12 route=/readyz status=200 duration_ms=44.8
request_id=24b5674da897435292ebd2b25bf521f0 route=/readyz status=200 duration_ms=47.4
request_id=8ed3f1bc342a4131a6a9e03483086a5f route=/readyz status=200 duration_ms=55.2
request_id=61876e40158948b097779c0c733b7c28 route=/readyz status=200 duration_ms=45.0
request_id=c17533b15a4340caa6a983376ffec60b route=/readyz status=200 duration_ms=50.8
request_id=37c222d786b9469aade164b1cfa367d1 route=/readyz status=200 duration_ms=52.4
request_id=d6fdbc11d6bd43f595da253132843709 route=/readyz status=200 duration_ms=45.6
request_id=9a023eb13ecb4c9aa0bb1848b8eec7b9 route=/readyz status=200 duration_ms=40.3
request_id=0b3f80432bb74139af2d87c8cd51282c route=/readyz status=200 duration_ms=51.4
request_id=c09d2bdd4f3b4194b7abff94ab8c9a32 route=/readyz status=200 duration_ms=35.8
request_id=0f6a48d5e2b24f2f9d83beb9322d3409 route=/v1/journeys status=200 duration_ms=105.3
request_id=4bd83353f7dc40a1a9b9175971532e21 route=/v1/journeys status=200 duration_ms=591.6
request_id=660326b7f87e46a8b9ab6bf1d0eb653c route=/v1/journeys status=200 duration_ms=118.8
request_id=4fff3cddfc2e48d4a34d93d1ec7d57aa route=/v1/journeys status=200 duration_ms=507.4
request_id=121527f36da544f693d6217c97654d50 route=/v1/journeys status=200 duration_ms=74.5
request_id=bb3f7c66a1fe46ba98dde96da41070ba route=/v1/journeys status=200 duration_ms=56.2
request_id=636e0e9d65de4d339be4f0056d011853 route=/v1/journeys status=200 duration_ms=26.6
request_id=4a892ee2ee554ecd8e15be0dd761b760 route=/v1/journeys status=200 duration_ms=58.7
request_id=0388889125d249669f3e94a7c21fc147 route=/v1/journeys status=200 duration_ms=82.3
request_id=5a46c11cbc6c4474acbfecbf75f05e17 route=/v1/status status=200 duration_ms=52.9
request_id=05967389af5543f5ace1abcd32aa1405 route=/v1/journeys status=200 duration_ms=27.3
request_id=bd641161a53c4d988bb3f5244c7f2a28 route=/v1/journeys status=200 duration_ms=200.6
request_id=8f5c3d8d0596448f9d263ee56849ac23 route=/v1/journeys status=200 duration_ms=167.3
request_id=64377c1be9e7407e8b0ce6d2c305836b route=/v1/journeys status=200 duration_ms=39.7
request_id=cf08b6ecfc3e4cb68fc774a32f25b48c route=/v1/journeys status=200 duration_ms=183.4
request_id=fd4d9bb0d9804920a080b8ced03b0b3f route=/v1/journeys status=200 duration_ms=167.7
request_id=16c4bf4e584e46beb4c2caa41111777b route=/v1/journeys status=200 duration_ms=190.8
request_id=94089106a096443485acabd97b13c8ca route=/v1/journeys status=200 duration_ms=81.9
request_id=7eb59fc312ca4b4abfef5ff6aeab8e37 route=/v1/journeys status=200 duration_ms=34.5
request_id=5fc76e33cf284ee6b5998e6c5505fb60 route=/v1/journeys status=200 duration_ms=134.6
request_id=ed091670d5d74409a5163690a5a7f4ac route=/v1/journeys status=200 duration_ms=73.8
request_id=09a92b905d6a4a1b969f32dd8cfe760f route=/v1/journeys status=200 duration_ms=32.5
request_id=835f15a898514f6ba5296efb46e66b7c route=/v1/journeys status=200 duration_ms=266.4
request_id=90da1b195d404cb5b504646c66c139af route=/v1/journeys status=200 duration_ms=235.6
request_id=03b24034971e4d0094efa2ea8484c40b route=/v1/journeys status=200 duration_ms=122.1
request_id=a0ee6cbf432a4a5e86dd229f1f3d0a27 route=/v1/journeys status=200 duration_ms=97.8
request_id=192ff1513c224cb085bf7042cd682737 route=/v1/journeys status=200 duration_ms=184.1
request_id=e4ff0fd02eb841b5a7950aa4fdf33937 route=/v1/journeys status=200 duration_ms=198.6
request_id=b2fda57986e048df87c92dc377a61d55 route=/v1/journeys status=200 duration_ms=79.7
request_id=5ac20acd21924517885a2eea6a693d86 route=/v1/journeys status=200 duration_ms=223.6
request_id=dc2520ac107445398290ab0337f0c914 route=/v1/journeys status=200 duration_ms=24.7
request_id=1503995c0324498d9b5f0558a0c1ea3a route=/v1/journeys status=200 duration_ms=26.3
request_id=5161a396c94c4676a6a44fdadada39bd route=/v1/journeys status=200 duration_ms=10.0
request_id=ea7837dc07a04bd1a33c904d8a3f5dd9 route=/v1/journeys status=200 duration_ms=20.9
request_id=ae4c6be8998042fbae843f83646e7f4e route=/v1/journeys status=200 duration_ms=58.6
request_id=eb1f1f49920f4b269dec8ff58cd7e3b3 route=/v1/journeys status=200 duration_ms=97.1
request_id=1bc5459d1c4f4c2b83d83d60219e1d2d route=/v1/journeys status=200 duration_ms=32.9
request_id=226b80a329d94c398d514b865b9d0235 route=/v1/journeys status=200 duration_ms=165.3
request_id=aef77c36980f4aeb8d6f1624745ad3e8 route=/v1/journeys status=200 duration_ms=32.1
request_id=76b14e3ce9c44279b0507c32dc3429bf route=/v1/journeys status=200 duration_ms=40.4
request_id=669cca16cc4740bd8408d3f5cc310dbb route=/v1/journeys status=200 duration_ms=33.9
request_id=70b79b9dc2ee47a5afa7932a89137019 route=/v1/journeys status=200 duration_ms=21.9
request_id=3da06cefa7eb4a4790cf63ff4a333d5f route=/v1/journeys status=200 duration_ms=54.1
request_id=6396597aa1b049e28e07c5ab90fd297c route=/v1/journeys status=200 duration_ms=46.5
{"genid":"5eb4e43d9456b96a68ee44ffb7a58fe9137ed16bf40a670cf513c34564e44249","outcome":"success","request_id":"414795fcf40846e2a97b0558d66f7424","resultcount":4,"search_ms":8.411}
request_id=414795fcf40846e2a97b0558d66f7424 route=/v1/places status=200 duration_ms=17.1
{"backend_ms":136.586,"genid":"5eb4e43d9456b96a68ee44ffb7a58fe9137ed16bf40a670cf513c34564e44249","normalize_ms":7.39,"outcome":"success","request_id":"fdfac78380084815ba1b3130875161c2","responsebytes":3138,"resultcount":7}
request_id=fdfac78380084815ba1b3130875161c2 route=/v1/places status=200 duration_ms=145.1
{"backend_ms":24.185,"genid":"5eb4e43d9456b96a68ee44ffb7a58fe9137ed16bf40a670cf513c34564e44249","normalize_ms":0.37,"outcome":"success","request_id":"893b5c4e472d4443b0415ffb2345181e","responsebytes":5392,"resultcount":10}
request_id=893b5c4e472d4443b0415ffb2345181e route=/v1/places status=200 duration_ms=25.7
{"genid":"5eb4e43d9456b96a68ee44ffb7a58fe9137ed16bf40a670cf513c34564e44249","outcome":"success","request_id":"7ab23622dda84c5ea0b8a267801771ec","resultcount":10,"search_ms":9.008}
{"backend_ms":18.8,"genid":"5eb4e43d9456b96a68ee44ffb7a58fe9137ed16bf40a670cf513c34564e44249","normalize_ms":0.423,"outcome":"success","request_id":"7ab23622dda84c5ea0b8a267801771ec","responsebytes":6513,"resultcount":10}
{"backend_ms":52.306,"genid":"5eb4e43d9456b96a68ee44ffb7a58fe9137ed16bf40a670cf513c34564e44249","normalize_ms":12.797,"outcome":"success","request_id":"7ab23622dda84c5ea0b8a267801771ec","responsebytes":4542,"resultcount":10}
request_id=7ab23622dda84c5ea0b8a267801771ec route=/v1/places status=200 duration_ms=66.7
{"backend_ms":13.724,"genid":"5eb4e43d9456b96a68ee44ffb7a58fe9137ed16bf40a670cf513c34564e44249","normalize_ms":0.369,"outcome":"success","request_id":"da9c54cf2ed94990ba423536fe9d8203","responsebytes":5991,"resultcount":10}
{"genid":"5eb4e43d9456b96a68ee44ffb7a58fe9137ed16bf40a670cf513c34564e44249","outcome":"success","request_id":"da9c54cf2ed94990ba423536fe9d8203","resultcount":10,"search_ms":21.011}
{"backend_ms":39.778,"genid":"5eb4e43d9456b96a68ee44ffb7a58fe9137ed16bf40a670cf513c34564e44249","normalize_ms":1.504,"outcome":"success","request_id":"da9c54cf2ed94990ba423536fe9d8203","responsebytes":352,"resultcount":1}
request_id=da9c54cf2ed94990ba423536fe9d8203 route=/v1/places status=200 duration_ms=42.5
{"genid":"5eb4e43d9456b96a68ee44ffb7a58fe9137ed16bf40a670cf513c34564e44249","outcome":"success","request_id":"51146eb377aa4d20ab8a8f1c81a1f157","resultcount":3,"search_ms":2.675}
request_id=51146eb377aa4d20ab8a8f1c81a1f157 route=/v1/places status=200 duration_ms=3.9
{"backend_ms":37.635,"genid":"5eb4e43d9456b96a68ee44ffb7a58fe9137ed16bf40a670cf513c34564e44249","normalize_ms":0.026,"outcome":"validempty","request_id":"5b201fa1cbb4467592987048c7c7a6d8","responsebytes":42,"resultcount":0}
request_id=5b201fa1cbb4467592987048c7c7a6d8 route=/v1/places status=200 duration_ms=38.5
{"genid":"5eb4e43d9456b96a68ee44ffb7a58fe9137ed16bf40a670cf513c34564e44249","outcome":"validempty","request_id":"cdfdee32affc4b7889ba23427ca79613","resultcount":0,"search_ms":11.087}
{"backend_ms":18.275,"genid":"5eb4e43d9456b96a68ee44ffb7a58fe9137ed16bf40a670cf513c34564e44249","normalize_ms":0.408,"outcome":"success","request_id":"cdfdee32affc4b7889ba23427ca79613","responsebytes":5691,"resultcount":10}
{"backend_ms":32.721,"genid":"5eb4e43d9456b96a68ee44ffb7a58fe9137ed16bf40a670cf513c34564e44249","normalize_ms":0.023,"outcome":"validempty","request_id":"cdfdee32affc4b7889ba23427ca79613","responsebytes":42,"resultcount":0}
request_id=cdfdee32affc4b7889ba23427ca79613 route=/v1/places status=200 duration_ms=34.0
{"genid":"5eb4e43d9456b96a68ee44ffb7a58fe9137ed16bf40a670cf513c34564e44249","outcome":"success","request_id":"cb20ad6498a64956973ec892278abf92","resultcount":10,"search_ms":11.363}
request_id=cb20ad6498a64956973ec892278abf92 route=/v1/places status=200 duration_ms=12.6
{"genid":"5eb4e43d9456b96a68ee44ffb7a58fe9137ed16bf40a670cf513c34564e44249","outcome":"success","request_id":"d754cc68d8264d4892c3ef31ba500ea8","resultcount":10,"search_ms":31.645}
request_id=d754cc68d8264d4892c3ef31ba500ea8 route=/v1/places status=200 duration_ms=33.1
{"genid":"5eb4e43d9456b96a68ee44ffb7a58fe9137ed16bf40a670cf513c34564e44249","outcome":"success","request_id":"174a656f241941efa669f21b20614ffb","resultcount":3,"search_ms":8.296}
request_id=174a656f241941efa669f21b20614ffb route=/v1/places status=200 duration_ms=9.3
{"genid":"5eb4e43d9456b96a68ee44ffb7a58fe9137ed16bf40a670cf513c34564e44249","outcome":"success","request_id":"955a5312841647f6a21dd9834357915e","resultcount":3,"search_ms":2.07}
request_id=955a5312841647f6a21dd9834357915e route=/v1/places status=200 duration_ms=2.9
{"genid":"5eb4e43d9456b96a68ee44ffb7a58fe9137ed16bf40a670cf513c34564e44249","outcome":"success","request_id":"c3f5fe0decb148d6a4e21fd75595a49a","resultcount":10,"search_ms":1.722}
request_id=c3f5fe0decb148d6a4e21fd75595a49a route=/v1/places status=200 duration_ms=2.8
{"genid":"5eb4e43d9456b96a68ee44ffb7a58fe9137ed16bf40a670cf513c34564e44249","outcome":"success","request_id":"c9653d5bad2a4390af947e6dfaf916eb","resultcount":1,"search_ms":3.177}
request_id=c9653d5bad2a4390af947e6dfaf916eb route=/v1/places status=200 duration_ms=3.9
{"genid":"5eb4e43d9456b96a68ee44ffb7a58fe9137ed16bf40a670cf513c34564e44249","outcome":"success","request_id":"c8a6a7f1c7de4cc5bf06f53b7141b41d","resultcount":5,"search_ms":4.854}
request_id=c8a6a7f1c7de4cc5bf06f53b7141b41d route=/v1/places status=200 duration_ms=5.7
{"genid":"5eb4e43d9456b96a68ee44ffb7a58fe9137ed16bf40a670cf513c34564e44249","outcome":"success","request_id":"2e19a8cdbb164ec49c1c1046b8ebefbc","resultcount":5,"search_ms":4.022}
request_id=2e19a8cdbb164ec49c1c1046b8ebefbc route=/v1/places status=200 duration_ms=4.8
{"genid":"5eb4e43d9456b96a68ee44ffb7a58fe9137ed16bf40a670cf513c34564e44249","outcome":"success","request_id":"033e2351ca06497cab2b4cbd1aaf23f6","resultcount":3,"search_ms":7.506}
request_id=033e2351ca06497cab2b4cbd1aaf23f6 route=/v1/places status=200 duration_ms=8.4
{"genid":"5eb4e43d9456b96a68ee44ffb7a58fe9137ed16bf40a670cf513c34564e44249","outcome":"success","request_id":"d0a7fa8e52744e39827faef3564d0c45","resultcount":4,"search_ms":6.232}
request_id=d0a7fa8e52744e39827faef3564d0c45 route=/v1/places status=200 duration_ms=7.4
{"genid":"5eb4e43d9456b96a68ee44ffb7a58fe9137ed16bf40a670cf513c34564e44249","outcome":"success","request_id":"9a761448c0be44579ca81bc4c90f113f","resultcount":9,"search_ms":5.101}
request_id=9a761448c0be44579ca81bc4c90f113f route=/v1/places status=200 duration_ms=6.3
{"genid":"5eb4e43d9456b96a68ee44ffb7a58fe9137ed16bf40a670cf513c34564e44249","outcome":"success","request_id":"9451dce8fd124701896ad8b106ce4ee5","resultcount":10,"search_ms":1.571}
request_id=9451dce8fd124701896ad8b106ce4ee5 route=/v1/places status=200 duration_ms=2.7
{"genid":"5eb4e43d9456b96a68ee44ffb7a58fe9137ed16bf40a670cf513c34564e44249","outcome":"success","request_id":"0e8c065bd13d43078789621db63f49eb","resultcount":5,"search_ms":5.375}
request_id=0e8c065bd13d43078789621db63f49eb route=/v1/places status=200 duration_ms=6.2
{"genid":"5eb4e43d9456b96a68ee44ffb7a58fe9137ed16bf40a670cf513c34564e44249","outcome":"success","request_id":"f1ff42f8ac8d4cc39de43abcb083c96a","resultcount":2,"search_ms":4.328}
request_id=f1ff42f8ac8d4cc39de43abcb083c96a route=/v1/places status=200 duration_ms=5.2
{"genid":"5eb4e43d9456b96a68ee44ffb7a58fe9137ed16bf40a670cf513c34564e44249","outcome":"success","request_id":"78db1bf8f16c457195a9cfbf07374cfe","resultcount":10,"search_ms":3.502}
request_id=78db1bf8f16c457195a9cfbf07374cfe route=/v1/places status=200 duration_ms=4.5
{"genid":"5eb4e43d9456b96a68ee44ffb7a58fe9137ed16bf40a670cf513c34564e44249","outcome":"success","request_id":"62735b86cb2f48e791afaab4b24e7445","resultcount":3,"search_ms":2.026}
request_id=62735b86cb2f48e791afaab4b24e7445 route=/v1/places status=200 duration_ms=2.7
{"genid":"5eb4e43d9456b96a68ee44ffb7a58fe9137ed16bf40a670cf513c34564e44249","outcome":"success","request_id":"240e338aaffe4fe582002696488f6fe1","resultcount":6,"search_ms":0.895}
request_id=240e338aaffe4fe582002696488f6fe1 route=/v1/places status=200 duration_ms=1.8
{"genid":"5eb4e43d9456b96a68ee44ffb7a58fe9137ed16bf40a670cf513c34564e44249","outcome":"success","request_id":"65628ece66d148908627719a4fb41d66","resultcount":4,"search_ms":8.959}
request_id=65628ece66d148908627719a4fb41d66 route=/v1/places status=200 duration_ms=10.1
{"genid":"5eb4e43d9456b96a68ee44ffb7a58fe9137ed16bf40a670cf513c34564e44249","outcome":"success","request_id":"11a5c2b3301041a6b03a7fb75dc3c708","resultcount":2,"search_ms":5.257}
request_id=11a5c2b3301041a6b03a7fb75dc3c708 route=/v1/places status=200 duration_ms=6.4
{"genid":"5eb4e43d9456b96a68ee44ffb7a58fe9137ed16bf40a670cf513c34564e44249","outcome":"success","request_id":"93f16efcbacb4499b5bd6c1095bd5bb7","resultcount":10,"search_ms":4.767}
request_id=93f16efcbacb4499b5bd6c1095bd5bb7 route=/v1/places status=200 duration_ms=6.0
{"backend_ms":5.963,"genid":"5eb4e43d9456b96a68ee44ffb7a58fe9137ed16bf40a670cf513c34564e44249","normalize_ms":0.33,"outcome":"success","request_id":"16b93a4351344110a604545e8ee3e32f","responsebytes":6929,"resultcount":10}
request_id=16b93a4351344110a604545e8ee3e32f route=/v1/places status=200 duration_ms=7.3
{"backend_ms":33.198,"genid":"5eb4e43d9456b96a68ee44ffb7a58fe9137ed16bf40a670cf513c34564e44249","normalize_ms":0.315,"outcome":"success","request_id":"47ee0872f1e14ba09dc929de983f8eff","responsebytes":6600,"resultcount":10}
request_id=47ee0872f1e14ba09dc929de983f8eff route=/v1/places status=200 duration_ms=34.5
{"backend_ms":7.166,"genid":"5eb4e43d9456b96a68ee44ffb7a58fe9137ed16bf40a670cf513c34564e44249","normalize_ms":0.349,"outcome":"success","request_id":"6ac22b8cabc94ab8b4dc11854de95874","responsebytes":5883,"resultcount":10}
request_id=6ac22b8cabc94ab8b4dc11854de95874 route=/v1/places status=200 duration_ms=8.6
{"backend_ms":60.405,"genid":"5eb4e43d9456b96a68ee44ffb7a58fe9137ed16bf40a670cf513c34564e44249","normalize_ms":0.323,"outcome":"success","request_id":"ef3304fd879b4284a8be1023c4da7bf1","responsebytes":6234,"resultcount":10}
request_id=ef3304fd879b4284a8be1023c4da7bf1 route=/v1/places status=200 duration_ms=61.8
{"backend_ms":7.13,"genid":"5eb4e43d9456b96a68ee44ffb7a58fe9137ed16bf40a670cf513c34564e44249","normalize_ms":0.375,"outcome":"success","request_id":"f88e368b3c274bfd962ae4cb51484aea","responsebytes":6171,"resultcount":10}
request_id=f88e368b3c274bfd962ae4cb51484aea route=/v1/places status=200 duration_ms=8.5
{"backend_ms":7.199,"genid":"5eb4e43d9456b96a68ee44ffb7a58fe9137ed16bf40a670cf513c34564e44249","normalize_ms":0.326,"outcome":"success","request_id":"14176b9af35d4391baa3c7aeb2870e1f","responsebytes":6257,"resultcount":10}
request_id=14176b9af35d4391baa3c7aeb2870e1f route=/v1/places status=200 duration_ms=8.4
{"backend_ms":5.313,"genid":"5eb4e43d9456b96a68ee44ffb7a58fe9137ed16bf40a670cf513c34564e44249","normalize_ms":0.3,"outcome":"success","request_id":"48ae2c8804de46819c1eab076f9684ae","responsebytes":4996,"resultcount":10}
request_id=48ae2c8804de46819c1eab076f9684ae route=/v1/places status=200 duration_ms=6.5
{"backend_ms":5.337,"genid":"5eb4e43d9456b96a68ee44ffb7a58fe9137ed16bf40a670cf513c34564e44249","normalize_ms":0.318,"outcome":"success","request_id":"88d4b95185ba461b86c63da7149ef34b","responsebytes":7109,"resultcount":10}
request_id=88d4b95185ba461b86c63da7149ef34b route=/v1/places status=200 duration_ms=6.6
{"backend_ms":5.754,"genid":"5eb4e43d9456b96a68ee44ffb7a58fe9137ed16bf40a670cf513c34564e44249","normalize_ms":0.303,"outcome":"success","request_id":"aa7c08149b634d64aa3280c538f1d916","responsebytes":5594,"resultcount":10}
request_id=aa7c08149b634d64aa3280c538f1d916 route=/v1/places status=200 duration_ms=6.9
{"backend_ms":3.986,"genid":"5eb4e43d9456b96a68ee44ffb7a58fe9137ed16bf40a670cf513c34564e44249","normalize_ms":0.107,"outcome":"success","request_id":"90aa91aca1964b3981cd7f3e9e099a16","responsebytes":1128,"resultcount":2}
request_id=90aa91aca1964b3981cd7f3e9e099a16 route=/v1/places status=200 duration_ms=4.8
{"backend_ms":14.383,"genid":"5eb4e43d9456b96a68ee44ffb7a58fe9137ed16bf40a670cf513c34564e44249","normalize_ms":0.313,"outcome":"success","request_id":"3162fbee093d4c62ae678963b988ab35","responsebytes":5544,"resultcount":10}
request_id=3162fbee093d4c62ae678963b988ab35 route=/v1/places status=200 duration_ms=15.7
{"backend_ms":4.532,"genid":"5eb4e43d9456b96a68ee44ffb7a58fe9137ed16bf40a670cf513c34564e44249","normalize_ms":0.303,"outcome":"success","request_id":"62dfed61feb64cbfb41883bd0ad91ae5","responsebytes":5485,"resultcount":10}
request_id=62dfed61feb64cbfb41883bd0ad91ae5 route=/v1/places status=200 duration_ms=5.7
{"backend_ms":10.917,"genid":"5eb4e43d9456b96a68ee44ffb7a58fe9137ed16bf40a670cf513c34564e44249","normalize_ms":0.328,"outcome":"success","request_id":"f625c280036e4cfaa72b1bd5531db646","responsebytes":5932,"resultcount":10}
request_id=f625c280036e4cfaa72b1bd5531db646 route=/v1/places status=200 duration_ms=12.2
{"backend_ms":5.03,"genid":"5eb4e43d9456b96a68ee44ffb7a58fe9137ed16bf40a670cf513c34564e44249","normalize_ms":0.305,"outcome":"success","request_id":"440a61e723804fc89ce558b5ed096006","responsebytes":5940,"resultcount":10}
request_id=440a61e723804fc89ce558b5ed096006 route=/v1/places status=200 duration_ms=6.2
{"backend_ms":5.69,"genid":"5eb4e43d9456b96a68ee44ffb7a58fe9137ed16bf40a670cf513c34564e44249","normalize_ms":0.347,"outcome":"success","request_id":"5bd3cfb3860444c79ded9eb7c4d1c88d","responsebytes":5616,"resultcount":10}
request_id=5bd3cfb3860444c79ded9eb7c4d1c88d route=/v1/places status=200 duration_ms=7.0
{"backend_ms":31.397,"genid":"5eb4e43d9456b96a68ee44ffb7a58fe9137ed16bf40a670cf513c34564e44249","normalize_ms":0.353,"outcome":"success","request_id":"bcc6863b91b245b7a160edb26ec1d924","responsebytes":6032,"resultcount":10}
request_id=bcc6863b91b245b7a160edb26ec1d924 route=/v1/places status=200 duration_ms=32.7
{"backend_ms":7.041,"genid":"5eb4e43d9456b96a68ee44ffb7a58fe9137ed16bf40a670cf513c34564e44249","normalize_ms":0.33,"outcome":"success","request_id":"bcb9714867f845328dba5cdc81d393ed","responsebytes":5691,"resultcount":10}
request_id=bcb9714867f845328dba5cdc81d393ed route=/v1/places status=200 duration_ms=8.3
{"backend_ms":4.1,"genid":"5eb4e43d9456b96a68ee44ffb7a58fe9137ed16bf40a670cf513c34564e44249","normalize_ms":0.307,"outcome":"success","request_id":"6049826ccff34eebb9d5527c2feb4534","responsebytes":5578,"resultcount":10}
request_id=6049826ccff34eebb9d5527c2feb4534 route=/v1/places status=200 duration_ms=5.4
{"backend_ms":6.905,"genid":"5eb4e43d9456b96a68ee44ffb7a58fe9137ed16bf40a670cf513c34564e44249","normalize_ms":0.358,"outcome":"success","request_id":"3c6028c4bbd64becbf55da18e732641a","responsebytes":5412,"resultcount":10}
request_id=3c6028c4bbd64becbf55da18e732641a route=/v1/places status=200 duration_ms=8.3
{"backend_ms":5.572,"genid":"5eb4e43d9456b96a68ee44ffb7a58fe9137ed16bf40a670cf513c34564e44249","normalize_ms":0.356,"outcome":"success","request_id":"5692700be3ca4e17b57025fd391591a6","responsebytes":6542,"resultcount":10}
request_id=5692700be3ca4e17b57025fd391591a6 route=/v1/places status=200 duration_ms=7.0
{"backend_ms":40.935,"genid":"5eb4e43d9456b96a68ee44ffb7a58fe9137ed16bf40a670cf513c34564e44249","normalize_ms":0.417,"outcome":"success","request_id":"8b722aa5d71d46ca9125c21149a4bca0","responsebytes":6341,"resultcount":10}
request_id=8b722aa5d71d46ca9125c21149a4bca0 route=/v1/places status=200 duration_ms=42.6
{"backend_ms":5.11,"genid":"5eb4e43d9456b96a68ee44ffb7a58fe9137ed16bf40a670cf513c34564e44249","normalize_ms":0.336,"outcome":"success","request_id":"9f33c79aba7c44e7b8cfcd943700f1b9","responsebytes":5664,"resultcount":10}
request_id=9f33c79aba7c44e7b8cfcd943700f1b9 route=/v1/places status=200 duration_ms=6.4
{"backend_ms":71.122,"genid":"5eb4e43d9456b96a68ee44ffb7a58fe9137ed16bf40a670cf513c34564e44249","normalize_ms":0.434,"outcome":"success","request_id":"a423516b96f64629940a5c4adad684c1","responsebytes":6418,"resultcount":10}
request_id=a423516b96f64629940a5c4adad684c1 route=/v1/places status=200 duration_ms=72.6
{"backend_ms":4.21,"genid":"5eb4e43d9456b96a68ee44ffb7a58fe9137ed16bf40a670cf513c34564e44249","normalize_ms":0.328,"outcome":"success","request_id":"15a18140a325426bac3f96d5131860b1","responsebytes":5272,"resultcount":10}
request_id=15a18140a325426bac3f96d5131860b1 route=/v1/places status=200 duration_ms=5.5
{"backend_ms":7.475,"genid":"5eb4e43d9456b96a68ee44ffb7a58fe9137ed16bf40a670cf513c34564e44249","normalize_ms":0.393,"outcome":"success","request_id":"b997d8fd2a6b470e93781cea220ae4b8","responsebytes":5227,"resultcount":10}
request_id=b997d8fd2a6b470e93781cea220ae4b8 route=/v1/places status=200 duration_ms=9.1
{"backend_ms":9.423,"genid":"5eb4e43d9456b96a68ee44ffb7a58fe9137ed16bf40a670cf513c34564e44249","normalize_ms":0.357,"outcome":"success","request_id":"d2cfa26364f24731bc80d4bb2c2addf0","responsebytes":5246,"resultcount":10}
request_id=d2cfa26364f24731bc80d4bb2c2addf0 route=/v1/places status=200 duration_ms=10.9
{"backend_ms":4.923,"genid":"5eb4e43d9456b96a68ee44ffb7a58fe9137ed16bf40a670cf513c34564e44249","normalize_ms":0.363,"outcome":"success","request_id":"9ce4972677ae4d968e5c397188b3262a","responsebytes":6047,"resultcount":10}
request_id=9ce4972677ae4d968e5c397188b3262a route=/v1/places status=200 duration_ms=6.4
{"backend_ms":6.049,"genid":"5eb4e43d9456b96a68ee44ffb7a58fe9137ed16bf40a670cf513c34564e44249","normalize_ms":0.353,"outcome":"success","request_id":"6287f23c1138473f82949dcc353d8789","responsebytes":5789,"resultcount":10}
request_id=6287f23c1138473f82949dcc353d8789 route=/v1/places status=200 duration_ms=7.6
{"backend_ms":5.189,"genid":"5eb4e43d9456b96a68ee44ffb7a58fe9137ed16bf40a670cf513c34564e44249","normalize_ms":0.365,"outcome":"success","request_id":"9c538b3bf4bb4e6791e86a5b1fe6f3fc","responsebytes":5901,"resultcount":10}
request_id=9c538b3bf4bb4e6791e86a5b1fe6f3fc route=/v1/places status=200 duration_ms=6.7
{"backend_ms":4.406,"genid":"5eb4e43d9456b96a68ee44ffb7a58fe9137ed16bf40a670cf513c34564e44249","normalize_ms":0.361,"outcome":"success","request_id":"34aba41783c44ce7ba779e50d6901ae3","responsebytes":5813,"resultcount":10}
request_id=34aba41783c44ce7ba779e50d6901ae3 route=/v1/places status=200 duration_ms=5.9
{"backend_ms":28.256,"genid":"5eb4e43d9456b96a68ee44ffb7a58fe9137ed16bf40a670cf513c34564e44249","normalize_ms":6.042,"outcome":"success","request_id":"569819d7cd454b30ac66340440c45b1a","responsebytes":361,"resultcount":1}
request_id=569819d7cd454b30ac66340440c45b1a route=/v1/places status=200 duration_ms=35.4
{"backend_ms":19.115,"genid":"5eb4e43d9456b96a68ee44ffb7a58fe9137ed16bf40a670cf513c34564e44249","normalize_ms":0.192,"outcome":"success","request_id":"e82a195cd5754197b09fcefe1a28e3db","responsebytes":381,"resultcount":1}
request_id=e82a195cd5754197b09fcefe1a28e3db route=/v1/places status=200 duration_ms=20.1
{"backend_ms":51.398,"genid":"5eb4e43d9456b96a68ee44ffb7a58fe9137ed16bf40a670cf513c34564e44249","normalize_ms":1.264,"outcome":"success","request_id":"78b0cf5765f74b6e8202fbc2dbad49f9","responsebytes":783,"resultcount":2}
request_id=78b0cf5765f74b6e8202fbc2dbad49f9 route=/v1/places status=200 duration_ms=53.6
{"backend_ms":17.035,"genid":"5eb4e43d9456b96a68ee44ffb7a58fe9137ed16bf40a670cf513c34564e44249","normalize_ms":0.285,"outcome":"success","request_id":"55d0fe855db542b6a897b14b2724f71c","responsebytes":829,"resultcount":2}
request_id=55d0fe855db542b6a897b14b2724f71c route=/v1/places status=200 duration_ms=18.2
{"backend_ms":17.727,"genid":"5eb4e43d9456b96a68ee44ffb7a58fe9137ed16bf40a670cf513c34564e44249","normalize_ms":2.204,"outcome":"success","request_id":"a55f4e51b4af4eb9b30ab282677c0306","responsebytes":735,"resultcount":2}
request_id=a55f4e51b4af4eb9b30ab282677c0306 route=/v1/places status=200 duration_ms=20.8
{"backend_ms":35.322,"genid":"5eb4e43d9456b96a68ee44ffb7a58fe9137ed16bf40a670cf513c34564e44249","normalize_ms":3.38,"outcome":"success","request_id":"20c19fcab2ab4bdf8ec35f415b3734b9","responsebytes":994,"resultcount":3}
request_id=20c19fcab2ab4bdf8ec35f415b3734b9 route=/v1/places status=200 duration_ms=39.6
{"backend_ms":16.981,"genid":"5eb4e43d9456b96a68ee44ffb7a58fe9137ed16bf40a670cf513c34564e44249","normalize_ms":1.503,"outcome":"success","request_id":"aa95d80c9a72453b8617b00b98424d54","responsebytes":1349,"resultcount":4}
request_id=aa95d80c9a72453b8617b00b98424d54 route=/v1/places status=200 duration_ms=19.4
{"backend_ms":14.815,"genid":"5eb4e43d9456b96a68ee44ffb7a58fe9137ed16bf40a670cf513c34564e44249","normalize_ms":1.535,"outcome":"success","request_id":"0890f274529f48bd905494d709b24c65","responsebytes":368,"resultcount":1}
request_id=0890f274529f48bd905494d709b24c65 route=/v1/places status=200 duration_ms=17.1
{"backend_ms":14.691,"genid":"5eb4e43d9456b96a68ee44ffb7a58fe9137ed16bf40a670cf513c34564e44249","normalize_ms":1.218,"outcome":"success","request_id":"d52f7eaa0d4042aeb3b0a37819b824c1","responsebytes":371,"resultcount":1}
request_id=d52f7eaa0d4042aeb3b0a37819b824c1 route=/v1/places status=200 duration_ms=16.7
{"backend_ms":14.38,"genid":"5eb4e43d9456b96a68ee44ffb7a58fe9137ed16bf40a670cf513c34564e44249","normalize_ms":2.35,"outcome":"success","request_id":"77094c2cc0fc4391b2a388f18afbc7db","responsebytes":1015,"resultcount":3}
request_id=77094c2cc0fc4391b2a388f18afbc7db route=/v1/places status=200 duration_ms=17.6
{"backend_ms":21.976,"genid":"5eb4e43d9456b96a68ee44ffb7a58fe9137ed16bf40a670cf513c34564e44249","normalize_ms":1.354,"outcome":"success","request_id":"3269ce315f764a229e02c500c11cf50c","responsebytes":352,"resultcount":1}
request_id=3269ce315f764a229e02c500c11cf50c route=/v1/places status=200 duration_ms=24.1
{"backend_ms":43.142,"genid":"5eb4e43d9456b96a68ee44ffb7a58fe9137ed16bf40a670cf513c34564e44249","normalize_ms":7.635,"outcome":"success","request_id":"7b171d3a041248adac92e7f1bbe412cc","responsebytes":2641,"resultcount":8}
request_id=7b171d3a041248adac92e7f1bbe412cc route=/v1/places status=200 duration_ms=52.1
{"backend_ms":14.548,"genid":"5eb4e43d9456b96a68ee44ffb7a58fe9137ed16bf40a670cf513c34564e44249","normalize_ms":0.866,"outcome":"success","request_id":"0aa25403d5a441e18af378de1da97875","responsebytes":358,"resultcount":1}
request_id=0aa25403d5a441e18af378de1da97875 route=/v1/places status=200 duration_ms=16.2
{"backend_ms":41.969,"genid":"5eb4e43d9456b96a68ee44ffb7a58fe9137ed16bf40a670cf513c34564e44249","normalize_ms":1.02,"outcome":"success","request_id":"f1f82e3c4ca84312a1fdea6f85ef1925","responsebytes":501,"resultcount":1}
request_id=f1f82e3c4ca84312a1fdea6f85ef1925 route=/v1/places status=200 duration_ms=43.8
{"backend_ms":12.104,"genid":"5eb4e43d9456b96a68ee44ffb7a58fe9137ed16bf40a670cf513c34564e44249","normalize_ms":0.186,"outcome":"success","request_id":"d053b56099cf415e8cfbb4f1590c2bf8","responsebytes":377,"resultcount":1}
request_id=d053b56099cf415e8cfbb4f1590c2bf8 route=/v1/places status=200 duration_ms=13.1
{"backend_ms":4.07,"genid":"5eb4e43d9456b96a68ee44ffb7a58fe9137ed16bf40a670cf513c34564e44249","normalize_ms":0.331,"outcome":"success","request_id":"dd38a948780f4b52ae47232aa08aec7b","responsebytes":5718,"resultcount":10}
request_id=dd38a948780f4b52ae47232aa08aec7b route=/v1/places status=200 duration_ms=5.4
{"backend_ms":11.837,"genid":"5eb4e43d9456b96a68ee44ffb7a58fe9137ed16bf40a670cf513c34564e44249","normalize_ms":0.321,"outcome":"success","request_id":"4038d933e83248da85724eb1b28f731c","responsebytes":6080,"resultcount":10}
request_id=4038d933e83248da85724eb1b28f731c route=/v1/places status=200 duration_ms=13.1
{"backend_ms":4.06,"genid":"5eb4e43d9456b96a68ee44ffb7a58fe9137ed16bf40a670cf513c34564e44249","normalize_ms":0.357,"outcome":"success","request_id":"5d541ec1dcd94af897ce36d0f0eab261","responsebytes":5800,"resultcount":10}
request_id=5d541ec1dcd94af897ce36d0f0eab261 route=/v1/places status=200 duration_ms=5.5
{"backend_ms":6.462,"genid":"5eb4e43d9456b96a68ee44ffb7a58fe9137ed16bf40a670cf513c34564e44249","normalize_ms":0.327,"outcome":"success","request_id":"8fa1ad6e15e44a56b893599dc95d9059","responsebytes":5655,"resultcount":10}
request_id=8fa1ad6e15e44a56b893599dc95d9059 route=/v1/places status=200 duration_ms=7.8
{"backend_ms":3.521,"genid":"5eb4e43d9456b96a68ee44ffb7a58fe9137ed16bf40a670cf513c34564e44249","normalize_ms":0.329,"outcome":"success","request_id":"c619086470af4666947d9b43bd33fe23","responsebytes":5099,"resultcount":10}
request_id=c619086470af4666947d9b43bd33fe23 route=/v1/places status=200 duration_ms=4.8
{"backend_ms":4.065,"genid":"5eb4e43d9456b96a68ee44ffb7a58fe9137ed16bf40a670cf513c34564e44249","normalize_ms":0.526,"outcome":"success","request_id":"40bf2ce2404a403ea2426ba43659b553","responsebytes":5528,"resultcount":10}
request_id=40bf2ce2404a403ea2426ba43659b553 route=/v1/places status=200 duration_ms=5.4
{"backend_ms":3.793,"genid":"5eb4e43d9456b96a68ee44ffb7a58fe9137ed16bf40a670cf513c34564e44249","normalize_ms":0.323,"outcome":"success","request_id":"816431b507f942138f3e5a5d3f5382df","responsebytes":6210,"resultcount":10}
request_id=816431b507f942138f3e5a5d3f5382df route=/v1/places status=200 duration_ms=5.0
{"backend_ms":3.584,"genid":"5eb4e43d9456b96a68ee44ffb7a58fe9137ed16bf40a670cf513c34564e44249","normalize_ms":0.317,"outcome":"success","request_id":"8b5705f7b9c745d5b76a259c8ca330a9","responsebytes":5790,"resultcount":10}
request_id=8b5705f7b9c745d5b76a259c8ca330a9 route=/v1/places status=200 duration_ms=4.8
{"backend_ms":6.113,"genid":"5eb4e43d9456b96a68ee44ffb7a58fe9137ed16bf40a670cf513c34564e44249","normalize_ms":0.368,"outcome":"success","request_id":"b7d9736a2e38460ba0c5cc70c72e4589","responsebytes":7506,"resultcount":10}
request_id=b7d9736a2e38460ba0c5cc70c72e4589 route=/v1/places status=200 duration_ms=7.4
{"backend_ms":82.86,"genid":"5eb4e43d9456b96a68ee44ffb7a58fe9137ed16bf40a670cf513c34564e44249","normalize_ms":0.345,"outcome":"success","request_id":"cf6cfbdcf30e489f835fbeedcc06088f","responsebytes":7488,"resultcount":10}
request_id=cf6cfbdcf30e489f835fbeedcc06088f route=/v1/places status=200 duration_ms=84.2
{"genid":"5eb4e43d9456b96a68ee44ffb7a58fe9137ed16bf40a670cf513c34564e44249","outcome":"success","request_id":"9de30c707e8f4042a22a3f05828e847e","resultcount":3,"search_ms":6.871}
{"backend_ms":14.236,"genid":"5eb4e43d9456b96a68ee44ffb7a58fe9137ed16bf40a670cf513c34564e44249","normalize_ms":0.465,"outcome":"success","request_id":"9de30c707e8f4042a22a3f05828e847e","responsebytes":5489,"resultcount":10}
{"backend_ms":25.346,"genid":"5eb4e43d9456b96a68ee44ffb7a58fe9137ed16bf40a670cf513c34564e44249","normalize_ms":0.025,"outcome":"validempty","request_id":"9de30c707e8f4042a22a3f05828e847e","responsebytes":42,"resultcount":0}
request_id=9de30c707e8f4042a22a3f05828e847e route=/v1/places status=200 duration_ms=26.5
{"genid":"5eb4e43d9456b96a68ee44ffb7a58fe9137ed16bf40a670cf513c34564e44249","outcome":"success","request_id":"ff69b3a69a964b9aa8194a2b2b011040","resultcount":10,"search_ms":1.022}
{"backend_ms":4.482,"genid":"5eb4e43d9456b96a68ee44ffb7a58fe9137ed16bf40a670cf513c34564e44249","normalize_ms":0.353,"outcome":"success","request_id":"ff69b3a69a964b9aa8194a2b2b011040","responsebytes":5516,"resultcount":10}
{"backend_ms":30.68,"genid":"5eb4e43d9456b96a68ee44ffb7a58fe9137ed16bf40a670cf513c34564e44249","normalize_ms":1.237,"outcome":"success","request_id":"ff69b3a69a964b9aa8194a2b2b011040","responsebytes":482,"resultcount":1}
request_id=ff69b3a69a964b9aa8194a2b2b011040 route=/v1/places status=200 duration_ms=33.1
{"genid":"5eb4e43d9456b96a68ee44ffb7a58fe9137ed16bf40a670cf513c34564e44249","outcome":"validempty","request_id":"8264615f141946eba5748c69f57767ae","resultcount":0,"search_ms":0.95}
{"backend_ms":4.493,"genid":"5eb4e43d9456b96a68ee44ffb7a58fe9137ed16bf40a670cf513c34564e44249","normalize_ms":0.329,"outcome":"success","request_id":"8264615f141946eba5748c69f57767ae","responsebytes":5798,"resultcount":10}
{"backend_ms":25.869,"genid":"5eb4e43d9456b96a68ee44ffb7a58fe9137ed16bf40a670cf513c34564e44249","normalize_ms":5.507,"outcome":"success","request_id":"8264615f141946eba5748c69f57767ae","responsebytes":1866,"resultcount":4}
request_id=8264615f141946eba5748c69f57767ae route=/v1/places status=200 duration_ms=32.5
{"genid":"5eb4e43d9456b96a68ee44ffb7a58fe9137ed16bf40a670cf513c34564e44249","outcome":"success","request_id":"b6ae9218a08042d3b1f5a4f868a4572f","resultcount":10,"search_ms":10.716}
{"backend_ms":11.632,"genid":"5eb4e43d9456b96a68ee44ffb7a58fe9137ed16bf40a670cf513c34564e44249","normalize_ms":0.352,"outcome":"success","request_id":"b6ae9218a08042d3b1f5a4f868a4572f","responsebytes":6667,"resultcount":10}
{"backend_ms":20.593,"genid":"5eb4e43d9456b96a68ee44ffb7a58fe9137ed16bf40a670cf513c34564e44249","normalize_ms":4.945,"outcome":"success","request_id":"b6ae9218a08042d3b1f5a4f868a4572f","responsebytes":3460,"resultcount":8}
request_id=b6ae9218a08042d3b1f5a4f868a4572f route=/v1/places status=200 duration_ms=26.7
{"genid":"5eb4e43d9456b96a68ee44ffb7a58fe9137ed16bf40a670cf513c34564e44249","outcome":"success","request_id":"01a15778a5ff47a18aea9e39a63557a7","resultcount":10,"search_ms":4.81}
{"backend_ms":9.727,"genid":"5eb4e43d9456b96a68ee44ffb7a58fe9137ed16bf40a670cf513c34564e44249","normalize_ms":0.347,"outcome":"success","request_id":"01a15778a5ff47a18aea9e39a63557a7","responsebytes":5646,"resultcount":10}
{"backend_ms":20.187,"genid":"5eb4e43d9456b96a68ee44ffb7a58fe9137ed16bf40a670cf513c34564e44249","normalize_ms":1.251,"outcome":"success","request_id":"01a15778a5ff47a18aea9e39a63557a7","responsebytes":454,"resultcount":1}
request_id=01a15778a5ff47a18aea9e39a63557a7 route=/v1/places status=200 duration_ms=22.6
{"genid":"5eb4e43d9456b96a68ee44ffb7a58fe9137ed16bf40a670cf513c34564e44249","outcome":"success","request_id":"824300d79c584bf9b5c22424b5c2a7c3","resultcount":10,"search_ms":9.023}
{"backend_ms":11.699,"genid":"5eb4e43d9456b96a68ee44ffb7a58fe9137ed16bf40a670cf513c34564e44249","normalize_ms":0.354,"outcome":"success","request_id":"824300d79c584bf9b5c22424b5c2a7c3","responsebytes":5689,"resultcount":10}
{"backend_ms":26.983,"genid":"5eb4e43d9456b96a68ee44ffb7a58fe9137ed16bf40a670cf513c34564e44249","normalize_ms":2.729,"outcome":"success","request_id":"824300d79c584bf9b5c22424b5c2a7c3","responsebytes":1074,"resultcount":3}
request_id=824300d79c584bf9b5c22424b5c2a7c3 route=/v1/places status=200 duration_ms=30.9
{"genid":"5eb4e43d9456b96a68ee44ffb7a58fe9137ed16bf40a670cf513c34564e44249","outcome":"success","request_id":"5769c9babf374951837ae3a4fc202a8a","resultcount":10,"search_ms":8.927}
{"backend_ms":11.172,"genid":"5eb4e43d9456b96a68ee44ffb7a58fe9137ed16bf40a670cf513c34564e44249","normalize_ms":0.478,"outcome":"success","request_id":"5769c9babf374951837ae3a4fc202a8a","responsebytes":5834,"resultcount":10}
{"backend_ms":21.696,"genid":"5eb4e43d9456b96a68ee44ffb7a58fe9137ed16bf40a670cf513c34564e44249","normalize_ms":4.989,"outcome":"success","request_id":"5769c9babf374951837ae3a4fc202a8a","responsebytes":2218,"resultcount":5}
request_id=5769c9babf374951837ae3a4fc202a8a route=/v1/places status=200 duration_ms=28.1
{"genid":"5eb4e43d9456b96a68ee44ffb7a58fe9137ed16bf40a670cf513c34564e44249","outcome":"validempty","request_id":"f24f318245294c4ebff7ca528fb670fa","resultcount":0,"search_ms":4.655}
{"backend_ms":5.532,"genid":"5eb4e43d9456b96a68ee44ffb7a58fe9137ed16bf40a670cf513c34564e44249","normalize_ms":0.352,"outcome":"success","request_id":"f24f318245294c4ebff7ca528fb670fa","responsebytes":5869,"resultcount":10}
{"backend_ms":32.761,"genid":"5eb4e43d9456b96a68ee44ffb7a58fe9137ed16bf40a670cf513c34564e44249","normalize_ms":0.02,"outcome":"validempty","request_id":"f24f318245294c4ebff7ca528fb670fa","responsebytes":42,"resultcount":0}
request_id=f24f318245294c4ebff7ca528fb670fa route=/v1/places status=200 duration_ms=34.1
{"backend_ms":6.134,"genid":"5eb4e43d9456b96a68ee44ffb7a58fe9137ed16bf40a670cf513c34564e44249","normalize_ms":0.46,"outcome":"success","request_id":"0c308dc7fac44e998714da9a68f13e5b","responsebytes":5766,"resultcount":10}
{"genid":"5eb4e43d9456b96a68ee44ffb7a58fe9137ed16bf40a670cf513c34564e44249","outcome":"success","request_id":"0c308dc7fac44e998714da9a68f13e5b","resultcount":10,"search_ms":20.953}
{"backend_ms":39.256,"genid":"5eb4e43d9456b96a68ee44ffb7a58fe9137ed16bf40a670cf513c34564e44249","normalize_ms":5.214,"outcome":"success","request_id":"0c308dc7fac44e998714da9a68f13e5b","responsebytes":3345,"resultcount":6}
request_id=0c308dc7fac44e998714da9a68f13e5b route=/v1/places status=200 duration_ms=45.8
{"backend_ms":5.765,"genid":"5eb4e43d9456b96a68ee44ffb7a58fe9137ed16bf40a670cf513c34564e44249","normalize_ms":0.349,"outcome":"success","request_id":"4b29663f6de94a5bbfd585171f03a859","responsebytes":5789,"resultcount":10}
{"genid":"5eb4e43d9456b96a68ee44ffb7a58fe9137ed16bf40a670cf513c34564e44249","outcome":"validempty","request_id":"4b29663f6de94a5bbfd585171f03a859","resultcount":0,"search_ms":8.608}
{"backend_ms":30.991,"genid":"5eb4e43d9456b96a68ee44ffb7a58fe9137ed16bf40a670cf513c34564e44249","normalize_ms":7.142,"outcome":"success","request_id":"4b29663f6de94a5bbfd585171f03a859","responsebytes":2708,"resultcount":6}
request_id=4b29663f6de94a5bbfd585171f03a859 route=/v1/places status=200 duration_ms=39.4
{"genid":"5eb4e43d9456b96a68ee44ffb7a58fe9137ed16bf40a670cf513c34564e44249","outcome":"success","request_id":"bdbc9ea3a10942a8b78867b91e933d40","resultcount":10,"search_ms":8.367}
{"backend_ms":11.768,"genid":"5eb4e43d9456b96a68ee44ffb7a58fe9137ed16bf40a670cf513c34564e44249","normalize_ms":0.409,"outcome":"success","request_id":"bdbc9ea3a10942a8b78867b91e933d40","responsebytes":6320,"resultcount":10}
{"backend_ms":27.258,"genid":"5eb4e43d9456b96a68ee44ffb7a58fe9137ed16bf40a670cf513c34564e44249","normalize_ms":5.755,"outcome":"success","request_id":"bdbc9ea3a10942a8b78867b91e933d40","responsebytes":1826,"resultcount":5}
request_id=bdbc9ea3a10942a8b78867b91e933d40 route=/v1/places status=200 duration_ms=34.3
{"genid":"5eb4e43d9456b96a68ee44ffb7a58fe9137ed16bf40a670cf513c34564e44249","outcome":"success","request_id":"f2d46bb2df654167a7677219c986e175","resultcount":10,"search_ms":6.574}
{"backend_ms":10.023,"genid":"5eb4e43d9456b96a68ee44ffb7a58fe9137ed16bf40a670cf513c34564e44249","normalize_ms":0.349,"outcome":"success","request_id":"f2d46bb2df654167a7677219c986e175","responsebytes":6019,"resultcount":10}
{"backend_ms":43.422,"genid":"5eb4e43d9456b96a68ee44ffb7a58fe9137ed16bf40a670cf513c34564e44249","normalize_ms":2.22,"outcome":"success","request_id":"f2d46bb2df654167a7677219c986e175","responsebytes":1998,"resultcount":5}
request_id=f2d46bb2df654167a7677219c986e175 route=/v1/places status=200 duration_ms=46.9
{"genid":"5eb4e43d9456b96a68ee44ffb7a58fe9137ed16bf40a670cf513c34564e44249","outcome":"success","request_id":"936b1596c2c44d2cb3eefa872cd3907b","resultcount":10,"search_ms":7.977}
{"backend_ms":11.367,"genid":"5eb4e43d9456b96a68ee44ffb7a58fe9137ed16bf40a670cf513c34564e44249","normalize_ms":0.359,"outcome":"success","request_id":"936b1596c2c44d2cb3eefa872cd3907b","responsebytes":5859,"resultcount":10}
{"backend_ms":26.507,"genid":"5eb4e43d9456b96a68ee44ffb7a58fe9137ed16bf40a670cf513c34564e44249","normalize_ms":0.022,"outcome":"validempty","request_id":"936b1596c2c44d2cb3eefa872cd3907b","responsebytes":42,"resultcount":0}
request_id=936b1596c2c44d2cb3eefa872cd3907b route=/v1/places status=200 duration_ms=27.8
{"genid":"5eb4e43d9456b96a68ee44ffb7a58fe9137ed16bf40a670cf513c34564e44249","outcome":"success","request_id":"caff96343a6a465794c85063534c1c9a","resultcount":10,"search_ms":10.139}
{"backend_ms":11.298,"genid":"5eb4e43d9456b96a68ee44ffb7a58fe9137ed16bf40a670cf513c34564e44249","normalize_ms":0.372,"outcome":"success","request_id":"caff96343a6a465794c85063534c1c9a","responsebytes":5806,"resultcount":10}
{"backend_ms":15.013,"genid":"5eb4e43d9456b96a68ee44ffb7a58fe9137ed16bf40a670cf513c34564e44249","normalize_ms":1.326,"outcome":"success","request_id":"caff96343a6a465794c85063534c1c9a","responsebytes":446,"resultcount":1}
request_id=caff96343a6a465794c85063534c1c9a route=/v1/places status=200 duration_ms=17.5
{"genid":"5eb4e43d9456b96a68ee44ffb7a58fe9137ed16bf40a670cf513c34564e44249","outcome":"success","request_id":"ab68c3fb591f4d34a875ccbf248f868c","resultcount":10,"search_ms":9.824}
{"backend_ms":14.128,"genid":"5eb4e43d9456b96a68ee44ffb7a58fe9137ed16bf40a670cf513c34564e44249","normalize_ms":0.389,"outcome":"success","request_id":"ab68c3fb591f4d34a875ccbf248f868c","responsebytes":5834,"resultcount":10}
{"backend_ms":28.958,"genid":"5eb4e43d9456b96a68ee44ffb7a58fe9137ed16bf40a670cf513c34564e44249","normalize_ms":0.521,"outcome":"success","request_id":"ab68c3fb591f4d34a875ccbf248f868c","responsebytes":2218,"resultcount":5}
request_id=ab68c3fb591f4d34a875ccbf248f868c route=/v1/places status=200 duration_ms=30.9
{"genid":"5eb4e43d9456b96a68ee44ffb7a58fe9137ed16bf40a670cf513c34564e44249","outcome":"success","request_id":"cee738d06ad340598da1409dc278ae86","resultcount":10,"search_ms":9.579}
{"backend_ms":10.899,"genid":"5eb4e43d9456b96a68ee44ffb7a58fe9137ed16bf40a670cf513c34564e44249","normalize_ms":0.76,"outcome":"success","request_id":"cee738d06ad340598da1409dc278ae86","responsebytes":5827,"resultcount":10}
{"backend_ms":18.322,"genid":"5eb4e43d9456b96a68ee44ffb7a58fe9137ed16bf40a670cf513c34564e44249","normalize_ms":1.678,"outcome":"success","request_id":"cee738d06ad340598da1409dc278ae86","responsebytes":486,"resultcount":1}
request_id=cee738d06ad340598da1409dc278ae86 route=/v1/places status=200 duration_ms=21.4
{"genid":"5eb4e43d9456b96a68ee44ffb7a58fe9137ed16bf40a670cf513c34564e44249","outcome":"validempty","request_id":"8ac78dd14a2046dea12c90b68d74ec7e","resultcount":0,"search_ms":1.703}
{"backend_ms":8.441,"genid":"5eb4e43d9456b96a68ee44ffb7a58fe9137ed16bf40a670cf513c34564e44249","normalize_ms":0.564,"outcome":"success","request_id":"8ac78dd14a2046dea12c90b68d74ec7e","responsebytes":5819,"resultcount":10}
{"backend_ms":25.342,"genid":"5eb4e43d9456b96a68ee44ffb7a58fe9137ed16bf40a670cf513c34564e44249","normalize_ms":0.029,"outcome":"validempty","request_id":"8ac78dd14a2046dea12c90b68d74ec7e","responsebytes":42,"resultcount":0}
request_id=8ac78dd14a2046dea12c90b68d74ec7e route=/v1/places status=200 duration_ms=27.0
{"genid":"5eb4e43d9456b96a68ee44ffb7a58fe9137ed16bf40a670cf513c34564e44249","outcome":"success","request_id":"af364d1f6d184336b7070c470bdd5c11","resultcount":10,"search_ms":17.538}
{"backend_ms":19.953,"genid":"5eb4e43d9456b96a68ee44ffb7a58fe9137ed16bf40a670cf513c34564e44249","normalize_ms":0.39,"outcome":"success","request_id":"af364d1f6d184336b7070c470bdd5c11","responsebytes":5528,"resultcount":10}
{"backend_ms":23.341,"genid":"5eb4e43d9456b96a68ee44ffb7a58fe9137ed16bf40a670cf513c34564e44249","normalize_ms":1.03,"outcome":"success","request_id":"af364d1f6d184336b7070c470bdd5c11","responsebytes":453,"resultcount":1}
request_id=af364d1f6d184336b7070c470bdd5c11 route=/v1/places status=200 duration_ms=25.6
{"genid":"5eb4e43d9456b96a68ee44ffb7a58fe9137ed16bf40a670cf513c34564e44249","outcome":"success","request_id":"03ba8be3298a455b89ed6c1175c4597d","resultcount":10,"search_ms":2.659}
{"backend_ms":5.056,"genid":"5eb4e43d9456b96a68ee44ffb7a58fe9137ed16bf40a670cf513c34564e44249","normalize_ms":0.38,"outcome":"success","request_id":"03ba8be3298a455b89ed6c1175c4597d","responsebytes":5465,"resultcount":10}
{"backend_ms":23.073,"genid":"5eb4e43d9456b96a68ee44ffb7a58fe9137ed16bf40a670cf513c34564e44249","normalize_ms":4.977,"outcome":"success","request_id":"03ba8be3298a455b89ed6c1175c4597d","responsebytes":1210,"resultcount":3}
request_id=03ba8be3298a455b89ed6c1175c4597d route=/v1/places status=200 duration_ms=29.4
{"backend_ms":15.818,"genid":"5eb4e43d9456b96a68ee44ffb7a58fe9137ed16bf40a670cf513c34564e44249","normalize_ms":0.392,"outcome":"success","request_id":"4d4d65dc20114825bd2b8c84decbec7b","responsebytes":5697,"resultcount":10}
{"genid":"5eb4e43d9456b96a68ee44ffb7a58fe9137ed16bf40a670cf513c34564e44249","outcome":"success","request_id":"4d4d65dc20114825bd2b8c84decbec7b","resultcount":10,"search_ms":27.116}
{"backend_ms":83.882,"genid":"5eb4e43d9456b96a68ee44ffb7a58fe9137ed16bf40a670cf513c34564e44249","normalize_ms":0.025,"outcome":"validempty","request_id":"4d4d65dc20114825bd2b8c84decbec7b","responsebytes":42,"resultcount":0}
request_id=4d4d65dc20114825bd2b8c84decbec7b route=/v1/places status=200 duration_ms=85.6
{"backend_ms":15.555,"genid":"5eb4e43d9456b96a68ee44ffb7a58fe9137ed16bf40a670cf513c34564e44249","normalize_ms":0.423,"outcome":"success","request_id":"5d284488a68446559720dece2c2deff9","responsebytes":5697,"resultcount":10}
{"genid":"5eb4e43d9456b96a68ee44ffb7a58fe9137ed16bf40a670cf513c34564e44249","outcome":"success","request_id":"5d284488a68446559720dece2c2deff9","resultcount":10,"search_ms":31.835}
{"backend_ms":35.112,"genid":"5eb4e43d9456b96a68ee44ffb7a58fe9137ed16bf40a670cf513c34564e44249","normalize_ms":0.027,"outcome":"validempty","request_id":"5d284488a68446559720dece2c2deff9","responsebytes":42,"resultcount":0}
request_id=5d284488a68446559720dece2c2deff9 route=/v1/places status=200 duration_ms=36.6
{"genid":"5eb4e43d9456b96a68ee44ffb7a58fe9137ed16bf40a670cf513c34564e44249","outcome":"success","request_id":"ebe938f509c84b4c9d85f21d09a80580","resultcount":10,"search_ms":15.805}
{"backend_ms":17.744,"genid":"5eb4e43d9456b96a68ee44ffb7a58fe9137ed16bf40a670cf513c34564e44249","normalize_ms":0.687,"outcome":"success","request_id":"ebe938f509c84b4c9d85f21d09a80580","responsebytes":5786,"resultcount":10}
{"backend_ms":96.807,"genid":"5eb4e43d9456b96a68ee44ffb7a58fe9137ed16bf40a670cf513c34564e44249","normalize_ms":5.25,"outcome":"success","request_id":"ebe938f509c84b4c9d85f21d09a80580","responsebytes":2030,"resultcount":4}
request_id=ebe938f509c84b4c9d85f21d09a80580 route=/v1/places status=200 duration_ms=103.7
{"genid":"5eb4e43d9456b96a68ee44ffb7a58fe9137ed16bf40a670cf513c34564e44249","outcome":"success","request_id":"f66bb5809a7a40f79e2aedda28fc12f0","resultcount":10,"search_ms":13.997}
{"backend_ms":15.139,"genid":"5eb4e43d9456b96a68ee44ffb7a58fe9137ed16bf40a670cf513c34564e44249","normalize_ms":0.391,"outcome":"success","request_id":"f66bb5809a7a40f79e2aedda28fc12f0","responsebytes":5786,"resultcount":10}
{"backend_ms":30.866,"genid":"5eb4e43d9456b96a68ee44ffb7a58fe9137ed16bf40a670cf513c34564e44249","normalize_ms":2.07,"outcome":"success","request_id":"f66bb5809a7a40f79e2aedda28fc12f0","responsebytes":919,"resultcount":2}
request_id=f66bb5809a7a40f79e2aedda28fc12f0 route=/v1/places status=200 duration_ms=34.3
{"genid":"5eb4e43d9456b96a68ee44ffb7a58fe9137ed16bf40a670cf513c34564e44249","outcome":"success","request_id":"5a9c7f05158f46989e0c772dea74775d","resultcount":6,"search_ms":0.94}
{"backend_ms":6.432,"genid":"5eb4e43d9456b96a68ee44ffb7a58fe9137ed16bf40a670cf513c34564e44249","normalize_ms":0.48,"outcome":"success","request_id":"5a9c7f05158f46989e0c772dea74775d","responsebytes":5420,"resultcount":10}
{"backend_ms":23.886,"genid":"5eb4e43d9456b96a68ee44ffb7a58fe9137ed16bf40a670cf513c34564e44249","normalize_ms":8.331,"outcome":"success","request_id":"5a9c7f05158f46989e0c772dea74775d","responsebytes":2679,"resultcount":7}
request_id=5a9c7f05158f46989e0c772dea74775d route=/v1/places status=200 duration_ms=34.1
{"genid":"5eb4e43d9456b96a68ee44ffb7a58fe9137ed16bf40a670cf513c34564e44249","outcome":"success","request_id":"6c916c33ea624e05a0ad16649cb54938","resultcount":10,"search_ms":3.872}
{"backend_ms":8.54,"genid":"5eb4e43d9456b96a68ee44ffb7a58fe9137ed16bf40a670cf513c34564e44249","normalize_ms":0.411,"outcome":"success","request_id":"6c916c33ea624e05a0ad16649cb54938","responsebytes":5478,"resultcount":10}
{"backend_ms":27.19,"genid":"5eb4e43d9456b96a68ee44ffb7a58fe9137ed16bf40a670cf513c34564e44249","normalize_ms":6.455,"outcome":"success","request_id":"6c916c33ea624e05a0ad16649cb54938","responsebytes":2645,"resultcount":6}
request_id=6c916c33ea624e05a0ad16649cb54938 route=/v1/places status=200 duration_ms=35.0
{"backend_ms":18.278,"genid":"5eb4e43d9456b96a68ee44ffb7a58fe9137ed16bf40a670cf513c34564e44249","normalize_ms":0.36,"outcome":"success","request_id":"e5a09ea47ba14aa2af754879140c2364","responsebytes":5893,"resultcount":10}
request_id=e5a09ea47ba14aa2af754879140c2364 route=/v1/places status=200 duration_ms=19.7
{"backend_ms":28.18,"genid":"5eb4e43d9456b96a68ee44ffb7a58fe9137ed16bf40a670cf513c34564e44249","normalize_ms":0.43,"outcome":"success","request_id":"f3f4911ca5f6478997afeaa1e842aad4","responsebytes":5940,"resultcount":10}
request_id=f3f4911ca5f6478997afeaa1e842aad4 route=/v1/places status=200 duration_ms=29.9
{"backend_ms":12.284,"genid":"5eb4e43d9456b96a68ee44ffb7a58fe9137ed16bf40a670cf513c34564e44249","normalize_ms":0.344,"outcome":"success","request_id":"13ac98793c3c47e2bc5a29bee27bee5c","responsebytes":5532,"resultcount":10}
request_id=13ac98793c3c47e2bc5a29bee27bee5c route=/v1/places status=200 duration_ms=13.7
{"backend_ms":12.139,"genid":"5eb4e43d9456b96a68ee44ffb7a58fe9137ed16bf40a670cf513c34564e44249","normalize_ms":0.36,"outcome":"success","request_id":"e1dae6ff9a6545b188f5f6850649f88b","responsebytes":6508,"resultcount":10}
request_id=e1dae6ff9a6545b188f5f6850649f88b route=/v1/places status=200 duration_ms=13.6
{"backend_ms":3.841,"genid":"5eb4e43d9456b96a68ee44ffb7a58fe9137ed16bf40a670cf513c34564e44249","normalize_ms":0.335,"outcome":"success","request_id":"5433592b0ffe4017a28884676afa56e7","responsebytes":5757,"resultcount":10}
request_id=5433592b0ffe4017a28884676afa56e7 route=/v1/places status=200 duration_ms=5.2
{"backend_ms":4.914,"genid":"5eb4e43d9456b96a68ee44ffb7a58fe9137ed16bf40a670cf513c34564e44249","normalize_ms":0.356,"outcome":"success","request_id":"8f8fb88d264b405abf552b5797671fee","responsebytes":6771,"resultcount":10}
request_id=8f8fb88d264b405abf552b5797671fee route=/v1/places status=200 duration_ms=6.4
{"backend_ms":3.569,"genid":"5eb4e43d9456b96a68ee44ffb7a58fe9137ed16bf40a670cf513c34564e44249","normalize_ms":0.323,"outcome":"success","request_id":"745d034d4c82410780677c863ad9ebbb","responsebytes":6387,"resultcount":10}
request_id=745d034d4c82410780677c863ad9ebbb route=/v1/places status=200 duration_ms=4.8
{"backend_ms":3.745,"genid":"5eb4e43d9456b96a68ee44ffb7a58fe9137ed16bf40a670cf513c34564e44249","normalize_ms":0.226,"outcome":"success","request_id":"21e4e7ebdb5f412dbe35970798fe03d2","responsebytes":3306,"resultcount":5}
request_id=21e4e7ebdb5f412dbe35970798fe03d2 route=/v1/places status=200 duration_ms=4.8
{"backend_ms":11.256,"genid":"5eb4e43d9456b96a68ee44ffb7a58fe9137ed16bf40a670cf513c34564e44249","normalize_ms":0.335,"outcome":"success","request_id":"c95123c382e0471ba7137106e689588e","responsebytes":5792,"resultcount":10}
request_id=c95123c382e0471ba7137106e689588e route=/v1/places status=200 duration_ms=12.7
{"backend_ms":59.668,"genid":"5eb4e43d9456b96a68ee44ffb7a58fe9137ed16bf40a670cf513c34564e44249","normalize_ms":0.348,"outcome":"success","request_id":"9872ca4baf8448e687f2440aaec42a10","responsebytes":5979,"resultcount":10}
request_id=9872ca4baf8448e687f2440aaec42a10 route=/v1/places status=200 duration_ms=61.3
{"backend_ms":3.822,"genid":"5eb4e43d9456b96a68ee44ffb7a58fe9137ed16bf40a670cf513c34564e44249","normalize_ms":0.349,"outcome":"success","request_id":"d9094af5883046da9bea1a6bc7715f8c","responsebytes":5809,"resultcount":10}
request_id=d9094af5883046da9bea1a6bc7715f8c route=/v1/places status=200 duration_ms=5.2
{"backend_ms":13.192,"genid":"5eb4e43d9456b96a68ee44ffb7a58fe9137ed16bf40a670cf513c34564e44249","normalize_ms":0.345,"outcome":"success","request_id":"de3925c275544596aae1e116884fdd80","responsebytes":6140,"resultcount":10}
request_id=de3925c275544596aae1e116884fdd80 route=/v1/places status=200 duration_ms=14.5
{"backend_ms":12.314,"genid":"5eb4e43d9456b96a68ee44ffb7a58fe9137ed16bf40a670cf513c34564e44249","normalize_ms":0.311,"outcome":"success","request_id":"5ca69f4f1ac14cb09d07bfece91aa641","responsebytes":6001,"resultcount":10}
request_id=5ca69f4f1ac14cb09d07bfece91aa641 route=/v1/places status=200 duration_ms=13.7
{"backend_ms":4.368,"genid":"5eb4e43d9456b96a68ee44ffb7a58fe9137ed16bf40a670cf513c34564e44249","normalize_ms":0.325,"outcome":"success","request_id":"1abe3d10f7c446b792f2e4465670fc13","responsebytes":5999,"resultcount":10}
request_id=1abe3d10f7c446b792f2e4465670fc13 route=/v1/places status=200 duration_ms=5.7
{"backend_ms":4.175,"genid":"5eb4e43d9456b96a68ee44ffb7a58fe9137ed16bf40a670cf513c34564e44249","normalize_ms":0.348,"outcome":"success","request_id":"594ca95bb7f646e186b4e535611e145c","responsebytes":5984,"resultcount":10}
request_id=594ca95bb7f646e186b4e535611e145c route=/v1/places status=200 duration_ms=5.5
{"backend_ms":5.804,"genid":"5eb4e43d9456b96a68ee44ffb7a58fe9137ed16bf40a670cf513c34564e44249","normalize_ms":0.337,"outcome":"success","request_id":"6de14ef128834fa396bc4fe6ec119bfe","responsebytes":4622,"resultcount":10}
request_id=6de14ef128834fa396bc4fe6ec119bfe route=/v1/places status=200 duration_ms=7.2
{"backend_ms":2.938,"genid":"5eb4e43d9456b96a68ee44ffb7a58fe9137ed16bf40a670cf513c34564e44249","normalize_ms":0.311,"outcome":"success","request_id":"8dfa34ff4c3e4f10a7f556a3e7e947c7","responsebytes":5786,"resultcount":10}
request_id=8dfa34ff4c3e4f10a7f556a3e7e947c7 route=/v1/places status=200 duration_ms=4.1
{"backend_ms":3.586,"genid":"5eb4e43d9456b96a68ee44ffb7a58fe9137ed16bf40a670cf513c34564e44249","normalize_ms":0.306,"outcome":"success","request_id":"1ae0cc26f914475f883bb006003ad827","responsebytes":4764,"resultcount":10}
request_id=1ae0cc26f914475f883bb006003ad827 route=/v1/places status=200 duration_ms=4.8
{"backend_ms":11.596,"genid":"5eb4e43d9456b96a68ee44ffb7a58fe9137ed16bf40a670cf513c34564e44249","normalize_ms":0.338,"outcome":"success","request_id":"822c88f16b7a42ad8abc330e6e692157","responsebytes":6062,"resultcount":10}
request_id=822c88f16b7a42ad8abc330e6e692157 route=/v1/places status=200 duration_ms=13.0
{"backend_ms":46.56,"genid":"5eb4e43d9456b96a68ee44ffb7a58fe9137ed16bf40a670cf513c34564e44249","normalize_ms":0.339,"outcome":"success","request_id":"a98e55bdff8541aeba47d290984f6436","responsebytes":6327,"resultcount":10}
request_id=a98e55bdff8541aeba47d290984f6436 route=/v1/places status=200 duration_ms=47.9
{"backend_ms":48.171,"genid":"5eb4e43d9456b96a68ee44ffb7a58fe9137ed16bf40a670cf513c34564e44249","normalize_ms":0.337,"outcome":"success","request_id":"5f49c453e2204ac3ae268778972fd121","responsebytes":6801,"resultcount":10}
request_id=5f49c453e2204ac3ae268778972fd121 route=/v1/places status=200 duration_ms=49.5
{"backend_ms":4.136,"genid":"5eb4e43d9456b96a68ee44ffb7a58fe9137ed16bf40a670cf513c34564e44249","normalize_ms":0.348,"outcome":"success","request_id":"e150c503cfec41aba0139af4fb4586d9","responsebytes":5641,"resultcount":10}
request_id=e150c503cfec41aba0139af4fb4586d9 route=/v1/places status=200 duration_ms=5.5
{"backend_ms":3.381,"genid":"5eb4e43d9456b96a68ee44ffb7a58fe9137ed16bf40a670cf513c34564e44249","normalize_ms":0.305,"outcome":"success","request_id":"c016608a7a8849279329ce375f33dc4c","responsebytes":6246,"resultcount":10}
request_id=c016608a7a8849279329ce375f33dc4c route=/v1/places status=200 duration_ms=4.6
{"backend_ms":3.301,"genid":"5eb4e43d9456b96a68ee44ffb7a58fe9137ed16bf40a670cf513c34564e44249","normalize_ms":0.291,"outcome":"success","request_id":"db13c3eb152b4ddca3a9595b5311d1f4","responsebytes":5795,"resultcount":10}
request_id=db13c3eb152b4ddca3a9595b5311d1f4 route=/v1/places status=200 duration_ms=4.4
{"backend_ms":3.561,"genid":"5eb4e43d9456b96a68ee44ffb7a58fe9137ed16bf40a670cf513c34564e44249","normalize_ms":0.298,"outcome":"success","request_id":"e91dd93b37204a60bd62c2956544fe85","responsebytes":6291,"resultcount":10}
request_id=e91dd93b37204a60bd62c2956544fe85 route=/v1/places status=200 duration_ms=4.7
{"backend_ms":3.547,"genid":"5eb4e43d9456b96a68ee44ffb7a58fe9137ed16bf40a670cf513c34564e44249","normalize_ms":0.333,"outcome":"success","request_id":"dd1ce03f149c448e89d1ad4865f9ec99","responsebytes":5913,"resultcount":10}
request_id=dd1ce03f149c448e89d1ad4865f9ec99 route=/v1/places status=200 duration_ms=4.7
{"backend_ms":24.078,"genid":"5eb4e43d9456b96a68ee44ffb7a58fe9137ed16bf40a670cf513c34564e44249","normalize_ms":0.342,"outcome":"success","request_id":"07b8e68824364dff8688f39f1d4ab8d4","responsebytes":5955,"resultcount":10}
request_id=07b8e68824364dff8688f39f1d4ab8d4 route=/v1/places status=200 duration_ms=25.4
{"backend_ms":12.297,"genid":"5eb4e43d9456b96a68ee44ffb7a58fe9137ed16bf40a670cf513c34564e44249","normalize_ms":0.32,"outcome":"success","request_id":"5eb83ea3eaaf40d281029b5f499df589","responsebytes":5887,"resultcount":10}
request_id=5eb83ea3eaaf40d281029b5f499df589 route=/v1/places status=200 duration_ms=13.6
{"backend_ms":2.995,"genid":"5eb4e43d9456b96a68ee44ffb7a58fe9137ed16bf40a670cf513c34564e44249","normalize_ms":0.293,"outcome":"success","request_id":"0e4429f1bf4d45c3905d98a028913ec7","responsebytes":5782,"resultcount":10}
request_id=0e4429f1bf4d45c3905d98a028913ec7 route=/v1/places status=200 duration_ms=4.1
{"backend_ms":28.116,"genid":"5eb4e43d9456b96a68ee44ffb7a58fe9137ed16bf40a670cf513c34564e44249","normalize_ms":0.303,"outcome":"success","request_id":"98ec283d48f0499eab77020f66998d77","responsebytes":6513,"resultcount":10}
request_id=98ec283d48f0499eab77020f66998d77 route=/v1/places status=200 duration_ms=29.3
{"backend_ms":3.988,"genid":"5eb4e43d9456b96a68ee44ffb7a58fe9137ed16bf40a670cf513c34564e44249","normalize_ms":0.292,"outcome":"success","request_id":"31be076254ae44418b0ad2788349f902","responsebytes":5116,"resultcount":10}
request_id=31be076254ae44418b0ad2788349f902 route=/v1/places status=200 duration_ms=5.2
{"backend_ms":10.265,"genid":"5eb4e43d9456b96a68ee44ffb7a58fe9137ed16bf40a670cf513c34564e44249","normalize_ms":0.294,"outcome":"success","request_id":"e3889f83af87458b8c6c5d2f31205943","responsebytes":5871,"resultcount":10}
request_id=e3889f83af87458b8c6c5d2f31205943 route=/v1/places status=200 duration_ms=11.4
{"backend_ms":6.94,"genid":"5eb4e43d9456b96a68ee44ffb7a58fe9137ed16bf40a670cf513c34564e44249","normalize_ms":0.318,"outcome":"success","request_id":"fc1ff306d78c4196ba4198fdb7b69bcf","responsebytes":5766,"resultcount":10}
request_id=fc1ff306d78c4196ba4198fdb7b69bcf route=/v1/places status=200 duration_ms=8.1
{"backend_ms":10.474,"genid":"5eb4e43d9456b96a68ee44ffb7a58fe9137ed16bf40a670cf513c34564e44249","normalize_ms":0.323,"outcome":"success","request_id":"f3f61ad85b494b2380d22e04a230d2a4","responsebytes":6052,"resultcount":10}
request_id=f3f61ad85b494b2380d22e04a230d2a4 route=/v1/places status=200 duration_ms=11.7
{"backend_ms":3.747,"genid":"5eb4e43d9456b96a68ee44ffb7a58fe9137ed16bf40a670cf513c34564e44249","normalize_ms":0.29,"outcome":"success","request_id":"6b106bc5d8914b08865d371461292516","responsebytes":5959,"resultcount":10}
request_id=6b106bc5d8914b08865d371461292516 route=/v1/places status=200 duration_ms=5.0
{"backend_ms":13.584,"genid":"5eb4e43d9456b96a68ee44ffb7a58fe9137ed16bf40a670cf513c34564e44249","normalize_ms":0.333,"outcome":"success","request_id":"871c9bd7dc1e4c52b58aaf18dbb2f697","responsebytes":4949,"resultcount":10}
request_id=871c9bd7dc1e4c52b58aaf18dbb2f697 route=/v1/places status=200 duration_ms=14.8
{"backend_ms":67.633,"genid":"5eb4e43d9456b96a68ee44ffb7a58fe9137ed16bf40a670cf513c34564e44249","normalize_ms":0.307,"outcome":"success","request_id":"f82abea236c14eb08a6ce06bd6735ec2","responsebytes":5598,"resultcount":10}
request_id=f82abea236c14eb08a6ce06bd6735ec2 route=/v1/places status=200 duration_ms=69.0
{"backend_ms":14.052,"genid":"5eb4e43d9456b96a68ee44ffb7a58fe9137ed16bf40a670cf513c34564e44249","normalize_ms":0.307,"outcome":"success","request_id":"112572ae49dd413d8fabb587c0568191","responsebytes":5769,"resultcount":10}
request_id=112572ae49dd413d8fabb587c0568191 route=/v1/places status=200 duration_ms=15.3
{"backend_ms":10.205,"genid":"5eb4e43d9456b96a68ee44ffb7a58fe9137ed16bf40a670cf513c34564e44249","normalize_ms":0.37,"outcome":"success","request_id":"a6fb439f53c64cf2a059109185b2dc7c","responsebytes":5791,"resultcount":10}
request_id=a6fb439f53c64cf2a059109185b2dc7c route=/v1/places status=200 duration_ms=11.5
{"backend_ms":13.634,"genid":"5eb4e43d9456b96a68ee44ffb7a58fe9137ed16bf40a670cf513c34564e44249","normalize_ms":0.31,"outcome":"success","request_id":"2352e7d7a98046b786e6cbc6220226ff","responsebytes":6426,"resultcount":10}
request_id=2352e7d7a98046b786e6cbc6220226ff route=/v1/places status=200 duration_ms=14.9
{"backend_ms":57.524,"genid":"5eb4e43d9456b96a68ee44ffb7a58fe9137ed16bf40a670cf513c34564e44249","normalize_ms":0.33,"outcome":"success","request_id":"c09f0029290c49d883b5e57b9a7170c8","responsebytes":6413,"resultcount":10}
request_id=c09f0029290c49d883b5e57b9a7170c8 route=/v1/places status=200 duration_ms=59.1
{"backend_ms":23.694,"genid":"5eb4e43d9456b96a68ee44ffb7a58fe9137ed16bf40a670cf513c34564e44249","normalize_ms":0.309,"outcome":"success","request_id":"1d8c5ad206964518bddafb38efb99571","responsebytes":6135,"resultcount":10}
request_id=1d8c5ad206964518bddafb38efb99571 route=/v1/places status=200 duration_ms=25.0
{"backend_ms":3.625,"genid":"5eb4e43d9456b96a68ee44ffb7a58fe9137ed16bf40a670cf513c34564e44249","normalize_ms":0.123,"outcome":"success","request_id":"76f4b253589549b08326a84ab189d3cc","responsebytes":1165,"resultcount":2}
request_id=76f4b253589549b08326a84ab189d3cc route=/v1/places status=200 duration_ms=4.5
{"backend_ms":3.299,"genid":"5eb4e43d9456b96a68ee44ffb7a58fe9137ed16bf40a670cf513c34564e44249","normalize_ms":0.296,"outcome":"success","request_id":"0334f4d1f8924194bb930724e0bdd5e2","responsebytes":5597,"resultcount":10}
request_id=0334f4d1f8924194bb930724e0bdd5e2 route=/v1/places status=200 duration_ms=4.6
{"backend_ms":3.391,"genid":"5eb4e43d9456b96a68ee44ffb7a58fe9137ed16bf40a670cf513c34564e44249","normalize_ms":0.245,"outcome":"success","request_id":"b57b13cd0d704fc7a1b07f8bdc2d0da5","responsebytes":4049,"resultcount":8}
request_id=b57b13cd0d704fc7a1b07f8bdc2d0da5 route=/v1/places status=200 duration_ms=4.3
{"backend_ms":3.014,"genid":"5eb4e43d9456b96a68ee44ffb7a58fe9137ed16bf40a670cf513c34564e44249","normalize_ms":0.279,"outcome":"success","request_id":"21b6083f88754439931b92af86728716","responsebytes":4458,"resultcount":10}
request_id=21b6083f88754439931b92af86728716 route=/v1/places status=200 duration_ms=4.1
{"backend_ms":4.691,"genid":"5eb4e43d9456b96a68ee44ffb7a58fe9137ed16bf40a670cf513c34564e44249","normalize_ms":0.306,"outcome":"success","request_id":"bd644bceb72a441483eb0696fe94755c","responsebytes":5915,"resultcount":10}
request_id=bd644bceb72a441483eb0696fe94755c route=/v1/places status=200 duration_ms=5.8
{"backend_ms":7.977,"genid":"5eb4e43d9456b96a68ee44ffb7a58fe9137ed16bf40a670cf513c34564e44249","normalize_ms":0.312,"outcome":"success","request_id":"3d4f3808d8b94f27b338c6f4ea5da230","responsebytes":5018,"resultcount":10}
request_id=3d4f3808d8b94f27b338c6f4ea5da230 route=/v1/places status=200 duration_ms=9.2
{"backend_ms":3.233,"genid":"5eb4e43d9456b96a68ee44ffb7a58fe9137ed16bf40a670cf513c34564e44249","normalize_ms":0.336,"outcome":"success","request_id":"27ebc808810b4e7995ecf36df44fa7dc","responsebytes":5742,"resultcount":10}
request_id=27ebc808810b4e7995ecf36df44fa7dc route=/v1/places status=200 duration_ms=4.4
{"backend_ms":3.647,"genid":"5eb4e43d9456b96a68ee44ffb7a58fe9137ed16bf40a670cf513c34564e44249","normalize_ms":0.271,"outcome":"success","request_id":"7d033ea240e843188355c29ca7d804ff","responsebytes":5834,"resultcount":10}
request_id=7d033ea240e843188355c29ca7d804ff route=/v1/places status=200 duration_ms=4.9
{"backend_ms":4.393,"genid":"5eb4e43d9456b96a68ee44ffb7a58fe9137ed16bf40a670cf513c34564e44249","normalize_ms":0.292,"outcome":"success","request_id":"578770989f7f4ed99ad82359230f1dec","responsebytes":5770,"resultcount":10}
request_id=578770989f7f4ed99ad82359230f1dec route=/v1/places status=200 duration_ms=5.5
{"backend_ms":2.963,"genid":"5eb4e43d9456b96a68ee44ffb7a58fe9137ed16bf40a670cf513c34564e44249","normalize_ms":0.072,"outcome":"success","request_id":"7c0e9bcffa0f4eaea3c44de934570647","responsebytes":558,"resultcount":1}
request_id=7c0e9bcffa0f4eaea3c44de934570647 route=/v1/places status=200 duration_ms=3.7
{"backend_ms":6.783,"genid":"5eb4e43d9456b96a68ee44ffb7a58fe9137ed16bf40a670cf513c34564e44249","normalize_ms":0.297,"outcome":"success","request_id":"a6c2d094f80240fdb3dc5a00cb0775c2","responsebytes":6230,"resultcount":10}
request_id=a6c2d094f80240fdb3dc5a00cb0775c2 route=/v1/places status=200 duration_ms=7.9
{"backend_ms":3.352,"genid":"5eb4e43d9456b96a68ee44ffb7a58fe9137ed16bf40a670cf513c34564e44249","normalize_ms":0.279,"outcome":"success","request_id":"c2ac84389e054ad1be0afc799e1d627b","responsebytes":5361,"resultcount":10}
request_id=c2ac84389e054ad1be0afc799e1d627b route=/v1/places status=200 duration_ms=4.4
{"backend_ms":2.811,"genid":"5eb4e43d9456b96a68ee44ffb7a58fe9137ed16bf40a670cf513c34564e44249","normalize_ms":0.268,"outcome":"success","request_id":"100313ed53054f708f4a25654fec1a01","responsebytes":4450,"resultcount":8}
request_id=100313ed53054f708f4a25654fec1a01 route=/v1/places status=200 duration_ms=3.8
{"backend_ms":3.799,"genid":"5eb4e43d9456b96a68ee44ffb7a58fe9137ed16bf40a670cf513c34564e44249","normalize_ms":0.302,"outcome":"success","request_id":"b137e1cedf924d699e1aff6be6726c71","responsebytes":5285,"resultcount":10}
request_id=b137e1cedf924d699e1aff6be6726c71 route=/v1/places status=200 duration_ms=4.8
{"backend_ms":2.987,"genid":"5eb4e43d9456b96a68ee44ffb7a58fe9137ed16bf40a670cf513c34564e44249","normalize_ms":0.279,"outcome":"success","request_id":"a46a7856841740bc8fce8274ff0f2921","responsebytes":5668,"resultcount":10}
request_id=a46a7856841740bc8fce8274ff0f2921 route=/v1/places status=200 duration_ms=4.1
{"backend_ms":3.474,"genid":"5eb4e43d9456b96a68ee44ffb7a58fe9137ed16bf40a670cf513c34564e44249","normalize_ms":0.278,"outcome":"success","request_id":"edac08b682d54f4e8d5f14846a03cc0c","responsebytes":5590,"resultcount":10}
request_id=edac08b682d54f4e8d5f14846a03cc0c route=/v1/places status=200 duration_ms=4.6
{"backend_ms":16.54,"genid":"5eb4e43d9456b96a68ee44ffb7a58fe9137ed16bf40a670cf513c34564e44249","normalize_ms":0.31,"outcome":"success","request_id":"9f39408abdad4dc7a2b5173e381cdbd4","responsebytes":5991,"resultcount":10}
request_id=9f39408abdad4dc7a2b5173e381cdbd4 route=/v1/places status=200 duration_ms=17.8
{"backend_ms":25.983,"genid":"5eb4e43d9456b96a68ee44ffb7a58fe9137ed16bf40a670cf513c34564e44249","normalize_ms":0.396,"outcome":"success","request_id":"589384efacad4f68847cf5a961aaea82","responsebytes":6583,"resultcount":10}
request_id=589384efacad4f68847cf5a961aaea82 route=/v1/places status=200 duration_ms=27.5
{"backend_ms":4.108,"genid":"5eb4e43d9456b96a68ee44ffb7a58fe9137ed16bf40a670cf513c34564e44249","normalize_ms":0.389,"outcome":"success","request_id":"32f365a8bb214b72a37ec6a03d98186d","responsebytes":5734,"resultcount":10}
request_id=32f365a8bb214b72a37ec6a03d98186d route=/v1/places status=200 duration_ms=5.5
{"backend_ms":3.347,"genid":"5eb4e43d9456b96a68ee44ffb7a58fe9137ed16bf40a670cf513c34564e44249","normalize_ms":0.171,"outcome":"success","request_id":"68d76ad3f991464081a232afc69c3c6c","responsebytes":2273,"resultcount":4}
request_id=68d76ad3f991464081a232afc69c3c6c route=/v1/places status=200 duration_ms=4.5
{"backend_ms":3.359,"genid":"5eb4e43d9456b96a68ee44ffb7a58fe9137ed16bf40a670cf513c34564e44249","normalize_ms":0.283,"outcome":"success","request_id":"d4573b4f4f274e868433f64740fd1da9","responsebytes":5523,"resultcount":10}
request_id=d4573b4f4f274e868433f64740fd1da9 route=/v1/places status=200 duration_ms=4.5
{"backend_ms":3.193,"genid":"5eb4e43d9456b96a68ee44ffb7a58fe9137ed16bf40a670cf513c34564e44249","normalize_ms":0.314,"outcome":"success","request_id":"c6082ea41eb7472296ffb587c6e79222","responsebytes":5662,"resultcount":10}
request_id=c6082ea41eb7472296ffb587c6e79222 route=/v1/places status=200 duration_ms=4.3
{"backend_ms":3.689,"genid":"5eb4e43d9456b96a68ee44ffb7a58fe9137ed16bf40a670cf513c34564e44249","normalize_ms":0.277,"outcome":"success","request_id":"e93f2f3a15b34e729dea13cfa1b9d9f7","responsebytes":5517,"resultcount":10}
request_id=e93f2f3a15b34e729dea13cfa1b9d9f7 route=/v1/places status=200 duration_ms=4.9
{"backend_ms":2.78,"genid":"5eb4e43d9456b96a68ee44ffb7a58fe9137ed16bf40a670cf513c34564e44249","normalize_ms":0.069,"outcome":"success","request_id":"3354854943004b95b87db398d85a575b","responsebytes":722,"resultcount":1}
request_id=3354854943004b95b87db398d85a575b route=/v1/places status=200 duration_ms=3.4
{"backend_ms":3.855,"genid":"5eb4e43d9456b96a68ee44ffb7a58fe9137ed16bf40a670cf513c34564e44249","normalize_ms":0.335,"outcome":"success","request_id":"4cf57480bd994c728afb7444ec8bc42e","responsebytes":5814,"resultcount":10}
request_id=4cf57480bd994c728afb7444ec8bc42e route=/v1/places status=200 duration_ms=5.2
{"backend_ms":3.463,"genid":"5eb4e43d9456b96a68ee44ffb7a58fe9137ed16bf40a670cf513c34564e44249","normalize_ms":0.31,"outcome":"success","request_id":"31f5e6d812dc4749a37ac5be3c6219cc","responsebytes":5555,"resultcount":10}
request_id=31f5e6d812dc4749a37ac5be3c6219cc route=/v1/places status=200 duration_ms=4.6
{"backend_ms":10.527,"genid":"5eb4e43d9456b96a68ee44ffb7a58fe9137ed16bf40a670cf513c34564e44249","normalize_ms":0.334,"outcome":"success","request_id":"2928a12ea51741f4a24d070678964389","responsebytes":6241,"resultcount":10}
request_id=2928a12ea51741f4a24d070678964389 route=/v1/places status=200 duration_ms=11.8
{"backend_ms":3.628,"genid":"5eb4e43d9456b96a68ee44ffb7a58fe9137ed16bf40a670cf513c34564e44249","normalize_ms":0.306,"outcome":"success","request_id":"52906fa8519b4d23815d83a53f03cfba","responsebytes":4166,"resultcount":10}
request_id=52906fa8519b4d23815d83a53f03cfba route=/v1/places status=200 duration_ms=4.9
{"backend_ms":6.13,"genid":"5eb4e43d9456b96a68ee44ffb7a58fe9137ed16bf40a670cf513c34564e44249","normalize_ms":0.341,"outcome":"success","request_id":"693d00e3695449e1b8abdb75c48726d9","responsebytes":5959,"resultcount":10}
request_id=693d00e3695449e1b8abdb75c48726d9 route=/v1/places status=200 duration_ms=7.4
{"backend_ms":8.562,"genid":"5eb4e43d9456b96a68ee44ffb7a58fe9137ed16bf40a670cf513c34564e44249","normalize_ms":0.363,"outcome":"success","request_id":"b9f226610e47466c956dd08bc1d879b0","responsebytes":6197,"resultcount":10}
request_id=b9f226610e47466c956dd08bc1d879b0 route=/v1/places status=200 duration_ms=10.0
{"backend_ms":10.176,"genid":"5eb4e43d9456b96a68ee44ffb7a58fe9137ed16bf40a670cf513c34564e44249","normalize_ms":0.319,"outcome":"success","request_id":"29d79053ed8c4d3d9a726f0acabd05ae","responsebytes":5761,"resultcount":10}
request_id=29d79053ed8c4d3d9a726f0acabd05ae route=/v1/places status=200 duration_ms=11.5
{"backend_ms":3.146,"genid":"5eb4e43d9456b96a68ee44ffb7a58fe9137ed16bf40a670cf513c34564e44249","normalize_ms":0.305,"outcome":"success","request_id":"b0e258293fd549ccac47c676a3707cad","responsebytes":5341,"resultcount":10}
request_id=b0e258293fd549ccac47c676a3707cad route=/v1/places status=200 duration_ms=4.2
{"genid":"5eb4e43d9456b96a68ee44ffb7a58fe9137ed16bf40a670cf513c34564e44249","outcome":"success","request_id":"839aebebc76c4b43984e4cc640699db1","resultcount":3,"search_ms":4.5}
request_id=839aebebc76c4b43984e4cc640699db1 route=/v1/places status=200 duration_ms=5.3
{"genid":"5eb4e43d9456b96a68ee44ffb7a58fe9137ed16bf40a670cf513c34564e44249","outcome":"success","request_id":"7d0d9d6b9242426a96ce1baa3b5a287e","resultcount":1,"search_ms":5.464}
request_id=7d0d9d6b9242426a96ce1baa3b5a287e route=/v1/places status=200 duration_ms=6.4
{"backend_ms":15.286,"genid":"5eb4e43d9456b96a68ee44ffb7a58fe9137ed16bf40a670cf513c34564e44249","normalize_ms":7.097,"outcome":"success","request_id":"b6101b97148440939deec8a663fb06a0","responsebytes":927,"resultcount":2}
request_id=b6101b97148440939deec8a663fb06a0 route=/v1/places status=200 duration_ms=23.4
{"backend_ms":13.802,"genid":"5eb4e43d9456b96a68ee44ffb7a58fe9137ed16bf40a670cf513c34564e44249","normalize_ms":2.638,"outcome":"success","request_id":"34773698e7164757b313fccb02f82f2d","responsebytes":878,"resultcount":2}
request_id=34773698e7164757b313fccb02f82f2d route=/v1/places status=200 duration_ms=17.5
{"backend_ms":15.172,"genid":"5eb4e43d9456b96a68ee44ffb7a58fe9137ed16bf40a670cf513c34564e44249","normalize_ms":5.4,"outcome":"success","request_id":"8eff7128139945b387fccf414d4c9ab9","responsebytes":2420,"resultcount":7}
request_id=8eff7128139945b387fccf414d4c9ab9 route=/v1/places status=200 duration_ms=21.7
{"backend_ms":13.986,"genid":"5eb4e43d9456b96a68ee44ffb7a58fe9137ed16bf40a670cf513c34564e44249","normalize_ms":2.704,"outcome":"success","request_id":"0301d72e0acb45348f18ebd45ccee3f6","responsebytes":1000,"resultcount":3}
request_id=0301d72e0acb45348f18ebd45ccee3f6 route=/v1/places status=200 duration_ms=17.7
{"backend_ms":12.97,"genid":"5eb4e43d9456b96a68ee44ffb7a58fe9137ed16bf40a670cf513c34564e44249","normalize_ms":0.886,"outcome":"success","request_id":"cc2b713601fc411b86001e66d18f60c7","responsebytes":516,"resultcount":1}
request_id=cc2b713601fc411b86001e66d18f60c7 route=/v1/places status=200 duration_ms=14.8
{"backend_ms":11.823,"genid":"5eb4e43d9456b96a68ee44ffb7a58fe9137ed16bf40a670cf513c34564e44249","normalize_ms":1.022,"outcome":"success","request_id":"e09a96855ff04c5e90cc87292ef43ea3","responsebytes":384,"resultcount":1}
request_id=e09a96855ff04c5e90cc87292ef43ea3 route=/v1/places status=200 duration_ms=13.7
{"backend_ms":11.264,"genid":"5eb4e43d9456b96a68ee44ffb7a58fe9137ed16bf40a670cf513c34564e44249","normalize_ms":1.281,"outcome":"success","request_id":"dcd8dd5468d54113870cdedd4380b33f","responsebytes":462,"resultcount":1}
request_id=dcd8dd5468d54113870cdedd4380b33f route=/v1/places status=200 duration_ms=13.3
{"genid":"5eb4e43d9456b96a68ee44ffb7a58fe9137ed16bf40a670cf513c34564e44249","outcome":"success","request_id":"77c39e2f9a164107b3fd9fc8aae251a8","resultcount":10,"search_ms":9.518}
{"backend_ms":12.67,"genid":"5eb4e43d9456b96a68ee44ffb7a58fe9137ed16bf40a670cf513c34564e44249","normalize_ms":0.521,"outcome":"success","request_id":"77c39e2f9a164107b3fd9fc8aae251a8","responsebytes":1826,"resultcount":5}
{"backend_ms":13.101,"genid":"5eb4e43d9456b96a68ee44ffb7a58fe9137ed16bf40a670cf513c34564e44249","normalize_ms":0.332,"outcome":"success","request_id":"77c39e2f9a164107b3fd9fc8aae251a8","responsebytes":6320,"resultcount":10}
request_id=77c39e2f9a164107b3fd9fc8aae251a8 route=/v1/places status=200 duration_ms=15.8
{"backend_ms":37.842,"genid":"5eb4e43d9456b96a68ee44ffb7a58fe9137ed16bf40a670cf513c34564e44249","normalize_ms":0.288,"outcome":"success","request_id":"755be50123c4485ebecbfae80aca5d7d","responsebytes":501,"resultcount":1}
request_id=755be50123c4485ebecbfae80aca5d7d route=/v1/places status=200 duration_ms=39.0
{"backend_ms":3.838,"genid":"5eb4e43d9456b96a68ee44ffb7a58fe9137ed16bf40a670cf513c34564e44249","normalize_ms":0.358,"outcome":"success","request_id":"654c2be213a74248adcb7eba4b1f6350","responsebytes":6929,"resultcount":10}
request_id=654c2be213a74248adcb7eba4b1f6350 route=/v1/places status=200 duration_ms=5.3
{"backend_ms":12.765,"genid":"5eb4e43d9456b96a68ee44ffb7a58fe9137ed16bf40a670cf513c34564e44249","normalize_ms":0.249,"outcome":"success","request_id":"0f7e340bd9ce4afc9c0e86d46b5619c7","responsebytes":829,"resultcount":2}
request_id=0f7e340bd9ce4afc9c0e86d46b5619c7 route=/v1/places status=200 duration_ms=13.8
{"backend_ms":3.275,"genid":"5eb4e43d9456b96a68ee44ffb7a58fe9137ed16bf40a670cf513c34564e44249","normalize_ms":0.339,"outcome":"success","request_id":"ede5be91d7ad4dbd82e5ee969838c5f4","responsebytes":5285,"resultcount":10}
request_id=ede5be91d7ad4dbd82e5ee969838c5f4 route=/v1/places status=200 duration_ms=4.4
{"genid":"5eb4e43d9456b96a68ee44ffb7a58fe9137ed16bf40a670cf513c34564e44249","outcome":"success","request_id":"0d77afb0d6b24cfbb2c7818d344bd4e1","resultcount":3,"search_ms":2.427}
request_id=0d77afb0d6b24cfbb2c7818d344bd4e1 route=/v1/places status=200 duration_ms=3.4
{"genid":"5eb4e43d9456b96a68ee44ffb7a58fe9137ed16bf40a670cf513c34564e44249","outcome":"success","request_id":"f074dcea9cdc47da8f50e84d0d3e7fb8","resultcount":10,"search_ms":10.197}
{"backend_ms":11.181,"genid":"5eb4e43d9456b96a68ee44ffb7a58fe9137ed16bf40a670cf513c34564e44249","normalize_ms":0.347,"outcome":"success","request_id":"f074dcea9cdc47da8f50e84d0d3e7fb8","responsebytes":5786,"resultcount":10}
{"backend_ms":14.716,"genid":"5eb4e43d9456b96a68ee44ffb7a58fe9137ed16bf40a670cf513c34564e44249","normalize_ms":0.244,"outcome":"success","request_id":"f074dcea9cdc47da8f50e84d0d3e7fb8","responsebytes":919,"resultcount":2}
request_id=f074dcea9cdc47da8f50e84d0d3e7fb8 route=/v1/places status=200 duration_ms=16.1
{"backend_ms":3.808,"genid":"5eb4e43d9456b96a68ee44ffb7a58fe9137ed16bf40a670cf513c34564e44249","normalize_ms":0.332,"outcome":"success","request_id":"f4396423502040679eb0f8250263bf2a","responsebytes":5790,"resultcount":10}
request_id=f4396423502040679eb0f8250263bf2a route=/v1/places status=200 duration_ms=5.1
{"genid":"5eb4e43d9456b96a68ee44ffb7a58fe9137ed16bf40a670cf513c34564e44249","outcome":"success","request_id":"479bc5a5c2474473878846b25d119a9c","resultcount":10,"search_ms":7.221}
{"backend_ms":9.968,"genid":"5eb4e43d9456b96a68ee44ffb7a58fe9137ed16bf40a670cf513c34564e44249","normalize_ms":0.332,"outcome":"success","request_id":"479bc5a5c2474473878846b25d119a9c","responsebytes":6019,"resultcount":10}
{"backend_ms":28.659,"genid":"5eb4e43d9456b96a68ee44ffb7a58fe9137ed16bf40a670cf513c34564e44249","normalize_ms":0.861,"outcome":"success","request_id":"479bc5a5c2474473878846b25d119a9c","responsebytes":1998,"resultcount":5}
request_id=479bc5a5c2474473878846b25d119a9c route=/v1/places status=200 duration_ms=30.8
{"backend_ms":10.688,"genid":"5eb4e43d9456b96a68ee44ffb7a58fe9137ed16bf40a670cf513c34564e44249","normalize_ms":0.18,"outcome":"success","request_id":"e2b227086e2b4e7b90e497eb5e1123a9","responsebytes":371,"resultcount":1}
request_id=e2b227086e2b4e7b90e497eb5e1123a9 route=/v1/places status=200 duration_ms=11.7
{"backend_ms":4.515,"genid":"5eb4e43d9456b96a68ee44ffb7a58fe9137ed16bf40a670cf513c34564e44249","normalize_ms":0.363,"outcome":"success","request_id":"9a56bd386a4c40639e66efbf5b8c93e8","responsebytes":5786,"resultcount":10}
request_id=9a56bd386a4c40639e66efbf5b8c93e8 route=/v1/places status=200 duration_ms=5.8
{"genid":"5eb4e43d9456b96a68ee44ffb7a58fe9137ed16bf40a670cf513c34564e44249","outcome":"success","request_id":"0ebf20169ad34f8e913c0a671592ca84","resultcount":2,"search_ms":4.844}
request_id=0ebf20169ad34f8e913c0a671592ca84 route=/v1/places status=200 duration_ms=5.8
{"genid":"5eb4e43d9456b96a68ee44ffb7a58fe9137ed16bf40a670cf513c34564e44249","outcome":"validempty","request_id":"f2272e82e71e4f8eb9efa9004ccc2876","resultcount":0,"search_ms":1.388}
{"backend_ms":4.703,"genid":"5eb4e43d9456b96a68ee44ffb7a58fe9137ed16bf40a670cf513c34564e44249","normalize_ms":0.338,"outcome":"success","request_id":"f2272e82e71e4f8eb9efa9004ccc2876","responsebytes":5819,"resultcount":10}
{"backend_ms":16.006,"genid":"5eb4e43d9456b96a68ee44ffb7a58fe9137ed16bf40a670cf513c34564e44249","normalize_ms":0.023,"outcome":"validempty","request_id":"f2272e82e71e4f8eb9efa9004ccc2876","responsebytes":42,"resultcount":0}
request_id=f2272e82e71e4f8eb9efa9004ccc2876 route=/v1/places status=200 duration_ms=17.2
{"backend_ms":4.086,"genid":"5eb4e43d9456b96a68ee44ffb7a58fe9137ed16bf40a670cf513c34564e44249","normalize_ms":0.37,"outcome":"success","request_id":"47cb9207066e49fc95490fcb2733ed50","responsebytes":5734,"resultcount":10}
request_id=47cb9207066e49fc95490fcb2733ed50 route=/v1/places status=200 duration_ms=5.5
{"backend_ms":11.551,"genid":"5eb4e43d9456b96a68ee44ffb7a58fe9137ed16bf40a670cf513c34564e44249","normalize_ms":0.355,"outcome":"success","request_id":"0ec2476dad544404a2a5f02c9a24b466","responsebytes":5697,"resultcount":10}
{"genid":"5eb4e43d9456b96a68ee44ffb7a58fe9137ed16bf40a670cf513c34564e44249","outcome":"success","request_id":"0ec2476dad544404a2a5f02c9a24b466","resultcount":10,"search_ms":22.142}
{"backend_ms":24.415,"genid":"5eb4e43d9456b96a68ee44ffb7a58fe9137ed16bf40a670cf513c34564e44249","normalize_ms":0.022,"outcome":"validempty","request_id":"0ec2476dad544404a2a5f02c9a24b466","responsebytes":42,"resultcount":0}
request_id=0ec2476dad544404a2a5f02c9a24b466 route=/v1/places status=200 duration_ms=25.8
{"backend_ms":5.877,"genid":"5eb4e43d9456b96a68ee44ffb7a58fe9137ed16bf40a670cf513c34564e44249","normalize_ms":0.156,"outcome":"success","request_id":"b254f5e0bbea49908bb188f99a6c93e7","responsebytes":1128,"resultcount":2}
request_id=b254f5e0bbea49908bb188f99a6c93e7 route=/v1/places status=200 duration_ms=7.0
{"backend_ms":7.081,"genid":"5eb4e43d9456b96a68ee44ffb7a58fe9137ed16bf40a670cf513c34564e44249","normalize_ms":0.39,"outcome":"success","request_id":"b4162279cd5146959dd42a000bffdcc9","responsebytes":5883,"resultcount":10}
request_id=b4162279cd5146959dd42a000bffdcc9 route=/v1/places status=200 duration_ms=8.7
{"backend_ms":5.384,"genid":"5eb4e43d9456b96a68ee44ffb7a58fe9137ed16bf40a670cf513c34564e44249","normalize_ms":0.358,"outcome":"success","request_id":"63df8555c33443188ebe1621fefa1b4a","responsebytes":5594,"resultcount":10}
request_id=63df8555c33443188ebe1621fefa1b4a route=/v1/places status=200 duration_ms=6.8
{"backend_ms":4.348,"genid":"5eb4e43d9456b96a68ee44ffb7a58fe9137ed16bf40a670cf513c34564e44249","normalize_ms":0.367,"outcome":"success","request_id":"87bf65946a3f42fca49c49c8a8d521b7","responsebytes":5742,"resultcount":10}
request_id=87bf65946a3f42fca49c49c8a8d521b7 route=/v1/places status=200 duration_ms=5.9
{"backend_ms":6.008,"genid":"5eb4e43d9456b96a68ee44ffb7a58fe9137ed16bf40a670cf513c34564e44249","normalize_ms":0.673,"outcome":"success","request_id":"8be18230e68d4e89b61c714cd5a6e73f","responsebytes":6771,"resultcount":10}
request_id=8be18230e68d4e89b61c714cd5a6e73f route=/v1/places status=200 duration_ms=7.9
{"genid":"5eb4e43d9456b96a68ee44ffb7a58fe9137ed16bf40a670cf513c34564e44249","outcome":"success","request_id":"0d515d816ea847be9172b5097166128c","resultcount":10,"search_ms":13.368}
request_id=0d515d816ea847be9172b5097166128c route=/v1/places status=200 duration_ms=14.9
{"backend_ms":12.216,"genid":"5eb4e43d9456b96a68ee44ffb7a58fe9137ed16bf40a670cf513c34564e44249","normalize_ms":0.216,"outcome":"success","request_id":"e2f264831bf14a52bf7f436d630b6c0b","responsebytes":516,"resultcount":1}
request_id=e2f264831bf14a52bf7f436d630b6c0b route=/v1/places status=200 duration_ms=13.3
{"backend_ms":11.233,"genid":"5eb4e43d9456b96a68ee44ffb7a58fe9137ed16bf40a670cf513c34564e44249","normalize_ms":0.278,"outcome":"success","request_id":"3045ece53cbc4158af064c744da12cd4","responsebytes":878,"resultcount":2}
request_id=3045ece53cbc4158af064c744da12cd4 route=/v1/places status=200 duration_ms=12.3
{"backend_ms":3.929,"genid":"5eb4e43d9456b96a68ee44ffb7a58fe9137ed16bf40a670cf513c34564e44249","normalize_ms":0.341,"outcome":"success","request_id":"b2391a16935b41a9bae366cb35da9462","responsebytes":6291,"resultcount":10}
request_id=b2391a16935b41a9bae366cb35da9462 route=/v1/places status=200 duration_ms=5.2
{"genid":"5eb4e43d9456b96a68ee44ffb7a58fe9137ed16bf40a670cf513c34564e44249","outcome":"success","request_id":"68ecded0f39e4ca792964698bb2cbbd6","resultcount":2,"search_ms":5.628}
request_id=68ecded0f39e4ca792964698bb2cbbd6 route=/v1/places status=200 duration_ms=6.5
{"backend_ms":3.6,"genid":"5eb4e43d9456b96a68ee44ffb7a58fe9137ed16bf40a670cf513c34564e44249","normalize_ms":0.334,"outcome":"success","request_id":"d992105a619c409289da2becbe9cdbaf","responsebytes":6246,"resultcount":10}
request_id=d992105a619c409289da2becbe9cdbaf route=/v1/places status=200 duration_ms=4.8
{"backend_ms":3.596,"genid":"5eb4e43d9456b96a68ee44ffb7a58fe9137ed16bf40a670cf513c34564e44249","normalize_ms":0.407,"outcome":"success","request_id":"b542a9f6f6144f3183e61e8eade43f56","responsebytes":5099,"resultcount":10}
request_id=b542a9f6f6144f3183e61e8eade43f56 route=/v1/places status=200 duration_ms=5.0
{"backend_ms":11.103,"genid":"5eb4e43d9456b96a68ee44ffb7a58fe9137ed16bf40a670cf513c34564e44249","normalize_ms":0.334,"outcome":"success","request_id":"a21d3aee763b4c148da0f3bbf059490f","responsebytes":6140,"resultcount":10}
request_id=a21d3aee763b4c148da0f3bbf059490f route=/v1/places status=200 duration_ms=12.4
{"backend_ms":3.778,"genid":"5eb4e43d9456b96a68ee44ffb7a58fe9137ed16bf40a670cf513c34564e44249","normalize_ms":0.334,"outcome":"success","request_id":"f1354ec68c224263b60de3d287620921","responsebytes":5361,"resultcount":10}
request_id=f1354ec68c224263b60de3d287620921 route=/v1/places status=200 duration_ms=5.0
{"backend_ms":3.744,"genid":"5eb4e43d9456b96a68ee44ffb7a58fe9137ed16bf40a670cf513c34564e44249","normalize_ms":0.354,"outcome":"success","request_id":"a28c7b9468de4211b58d5b6a168c6da5","responsebytes":5814,"resultcount":10}
request_id=a28c7b9468de4211b58d5b6a168c6da5 route=/v1/places status=200 duration_ms=5.0
{"backend_ms":10.43,"genid":"5eb4e43d9456b96a68ee44ffb7a58fe9137ed16bf40a670cf513c34564e44249","normalize_ms":0.198,"outcome":"success","request_id":"d120f002df6a4ba08375d3ef8c088418","responsebytes":462,"resultcount":1}
request_id=d120f002df6a4ba08375d3ef8c088418 route=/v1/places status=200 duration_ms=11.4
{"backend_ms":11.565,"genid":"5eb4e43d9456b96a68ee44ffb7a58fe9137ed16bf40a670cf513c34564e44249","normalize_ms":0.18,"outcome":"success","request_id":"871317e57d86406993c9d9f2d5f314fa","responsebytes":377,"resultcount":1}
request_id=871317e57d86406993c9d9f2d5f314fa route=/v1/places status=200 duration_ms=12.8
{"backend_ms":17.182,"genid":"5eb4e43d9456b96a68ee44ffb7a58fe9137ed16bf40a670cf513c34564e44249","normalize_ms":0.207,"outcome":"success","request_id":"771424bbbef94083bc5db119782246c0","responsebytes":368,"resultcount":1}
request_id=771424bbbef94083bc5db119782246c0 route=/v1/places status=200 duration_ms=18.3
{"backend_ms":4.965,"genid":"5eb4e43d9456b96a68ee44ffb7a58fe9137ed16bf40a670cf513c34564e44249","normalize_ms":0.336,"outcome":"success","request_id":"533aa5b170214323b2fc751774ec3b0f","responsebytes":5789,"resultcount":10}
{"genid":"5eb4e43d9456b96a68ee44ffb7a58fe9137ed16bf40a670cf513c34564e44249","outcome":"validempty","request_id":"533aa5b170214323b2fc751774ec3b0f","resultcount":0,"search_ms":7.324}
{"backend_ms":22.707,"genid":"5eb4e43d9456b96a68ee44ffb7a58fe9137ed16bf40a670cf513c34564e44249","normalize_ms":0.512,"outcome":"success","request_id":"533aa5b170214323b2fc751774ec3b0f","responsebytes":2708,"resultcount":6}
request_id=533aa5b170214323b2fc751774ec3b0f route=/v1/places status=200 duration_ms=24.4
{"backend_ms":58.995,"genid":"5eb4e43d9456b96a68ee44ffb7a58fe9137ed16bf40a670cf513c34564e44249","normalize_ms":0.335,"outcome":"success","request_id":"ab7c6901ac2544228df8370b89b154e4","responsebytes":7488,"resultcount":10}
request_id=ab7c6901ac2544228df8370b89b154e4 route=/v1/places status=200 duration_ms=60.4
{"backend_ms":9.689,"genid":"5eb4e43d9456b96a68ee44ffb7a58fe9137ed16bf40a670cf513c34564e44249","normalize_ms":0.243,"outcome":"success","request_id":"8f6e0cb8266a4b8385c17fd58f9be1c9","responsebytes":927,"resultcount":2}
request_id=8f6e0cb8266a4b8385c17fd58f9be1c9 route=/v1/places status=200 duration_ms=10.7
{"backend_ms":9.995,"genid":"5eb4e43d9456b96a68ee44ffb7a58fe9137ed16bf40a670cf513c34564e44249","normalize_ms":0.255,"outcome":"success","request_id":"d5303039ed384353bb3329856a55eb21","responsebytes":735,"resultcount":2}
request_id=d5303039ed384353bb3329856a55eb21 route=/v1/places status=200 duration_ms=11.1
{"backend_ms":3.185,"genid":"5eb4e43d9456b96a68ee44ffb7a58fe9137ed16bf40a670cf513c34564e44249","normalize_ms":0.303,"outcome":"success","request_id":"ee3962162f7e4c6884431fa13d3590f7","responsebytes":5668,"resultcount":10}
request_id=ee3962162f7e4c6884431fa13d3590f7 route=/v1/places status=200 duration_ms=4.7
{"backend_ms":4.183,"genid":"5eb4e43d9456b96a68ee44ffb7a58fe9137ed16bf40a670cf513c34564e44249","normalize_ms":0.298,"outcome":"success","request_id":"676b6677792e4585bb3ad7931adea47c","responsebytes":5485,"resultcount":10}
request_id=676b6677792e4585bb3ad7931adea47c route=/v1/places status=200 duration_ms=5.4
{"backend_ms":3.997,"genid":"5eb4e43d9456b96a68ee44ffb7a58fe9137ed16bf40a670cf513c34564e44249","normalize_ms":0.348,"outcome":"success","request_id":"6a3634c26cf44e2c99c6b45bc478e405","responsebytes":4996,"resultcount":10}
request_id=6a3634c26cf44e2c99c6b45bc478e405 route=/v1/places status=200 duration_ms=5.2
{"backend_ms":58.563,"genid":"5eb4e43d9456b96a68ee44ffb7a58fe9137ed16bf40a670cf513c34564e44249","normalize_ms":0.354,"outcome":"success","request_id":"22b41b05d0fc417899c8848b24d3b6ea","responsebytes":6413,"resultcount":10}
request_id=22b41b05d0fc417899c8848b24d3b6ea route=/v1/places status=200 duration_ms=60.0
{"backend_ms":22.447,"genid":"5eb4e43d9456b96a68ee44ffb7a58fe9137ed16bf40a670cf513c34564e44249","normalize_ms":0.327,"outcome":"success","request_id":"a7a70248d531456bbec59224be7a0113","responsebytes":5940,"resultcount":10}
request_id=a7a70248d531456bbec59224be7a0113 route=/v1/places status=200 duration_ms=23.8
{"backend_ms":3.968,"genid":"5eb4e43d9456b96a68ee44ffb7a58fe9137ed16bf40a670cf513c34564e44249","normalize_ms":0.335,"outcome":"success","request_id":"161b7ef3873c45b391eef6d550e958bc","responsebytes":5913,"resultcount":10}
request_id=161b7ef3873c45b391eef6d550e958bc route=/v1/places status=200 duration_ms=5.2
{"backend_ms":10.371,"genid":"5eb4e43d9456b96a68ee44ffb7a58fe9137ed16bf40a670cf513c34564e44249","normalize_ms":0.311,"outcome":"success","request_id":"18abdc942fb64c238f18855a7ecc8a58","responsebytes":5792,"resultcount":10}
request_id=18abdc942fb64c238f18855a7ecc8a58 route=/v1/places status=200 duration_ms=11.7
{"backend_ms":2.873,"genid":"5eb4e43d9456b96a68ee44ffb7a58fe9137ed16bf40a670cf513c34564e44249","normalize_ms":0.091,"outcome":"success","request_id":"0f869998a8584121816069969d441a7e","responsebytes":558,"resultcount":1}
request_id=0f869998a8584121816069969d441a7e route=/v1/places status=200 duration_ms=3.6
{"backend_ms":10.848,"genid":"5eb4e43d9456b96a68ee44ffb7a58fe9137ed16bf40a670cf513c34564e44249","normalize_ms":0.303,"outcome":"success","request_id":"5b17f4d4c3ac4d1e8d6395c9c69666c1","responsebytes":6080,"resultcount":10}
request_id=5b17f4d4c3ac4d1e8d6395c9c69666c1 route=/v1/places status=200 duration_ms=12.2
{"backend_ms":5.444,"genid":"5eb4e43d9456b96a68ee44ffb7a58fe9137ed16bf40a670cf513c34564e44249","normalize_ms":0.325,"outcome":"success","request_id":"7becba275ae041b8867e98dacfbb6f97","responsebytes":5018,"resultcount":10}
request_id=7becba275ae041b8867e98dacfbb6f97 route=/v1/places status=200 duration_ms=6.6
{"genid":"5eb4e43d9456b96a68ee44ffb7a58fe9137ed16bf40a670cf513c34564e44249","outcome":"success","request_id":"8020520fa7b74d0dbc151acccf881163","resultcount":5,"search_ms":4.226}
request_id=8020520fa7b74d0dbc151acccf881163 route=/v1/places status=200 duration_ms=5.0
{"backend_ms":5.687,"genid":"5eb4e43d9456b96a68ee44ffb7a58fe9137ed16bf40a670cf513c34564e44249","normalize_ms":0.573,"outcome":"success","request_id":"85aa6a991c6f420fb80b28bf59eb0156","responsebytes":7506,"resultcount":10}
request_id=85aa6a991c6f420fb80b28bf59eb0156 route=/v1/places status=200 duration_ms=7.1
{"backend_ms":2.628,"genid":"5eb4e43d9456b96a68ee44ffb7a58fe9137ed16bf40a670cf513c34564e44249","normalize_ms":0.24,"outcome":"success","request_id":"b404ac3caa314ebea96e7c838cc69c6d","responsebytes":4049,"resultcount":8}
request_id=b404ac3caa314ebea96e7c838cc69c6d route=/v1/places status=200 duration_ms=3.6
{"backend_ms":7.966,"genid":"5eb4e43d9456b96a68ee44ffb7a58fe9137ed16bf40a670cf513c34564e44249","normalize_ms":0.333,"outcome":"success","request_id":"f08f0326f4ec49fbb1dfbe3afaa44d6f","responsebytes":6197,"resultcount":10}
request_id=f08f0326f4ec49fbb1dfbe3afaa44d6f route=/v1/places status=200 duration_ms=9.2
{"genid":"5eb4e43d9456b96a68ee44ffb7a58fe9137ed16bf40a670cf513c34564e44249","outcome":"success","request_id":"670021986aed438890a4f28405a5fcfd","resultcount":10,"search_ms":2.881}
{"backend_ms":6.619,"genid":"5eb4e43d9456b96a68ee44ffb7a58fe9137ed16bf40a670cf513c34564e44249","normalize_ms":0.347,"outcome":"success","request_id":"670021986aed438890a4f28405a5fcfd","responsebytes":5478,"resultcount":10}
{"backend_ms":18.373,"genid":"5eb4e43d9456b96a68ee44ffb7a58fe9137ed16bf40a670cf513c34564e44249","normalize_ms":0.467,"outcome":"success","request_id":"670021986aed438890a4f28405a5fcfd","responsebytes":2645,"resultcount":6}
request_id=670021986aed438890a4f28405a5fcfd route=/v1/places status=200 duration_ms=20.0
{"backend_ms":4.549,"genid":"5eb4e43d9456b96a68ee44ffb7a58fe9137ed16bf40a670cf513c34564e44249","normalize_ms":0.347,"outcome":"success","request_id":"c782632701b349e1820a43fcdad704e6","responsebytes":6542,"resultcount":10}
request_id=c782632701b349e1820a43fcdad704e6 route=/v1/places status=200 duration_ms=5.9
{"backend_ms":10.636,"genid":"5eb4e43d9456b96a68ee44ffb7a58fe9137ed16bf40a670cf513c34564e44249","normalize_ms":0.185,"outcome":"success","request_id":"4ebb9999db3543e3a5e07740f06a1b39","responsebytes":352,"resultcount":1}
request_id=4ebb9999db3543e3a5e07740f06a1b39 route=/v1/places status=200 duration_ms=11.6
{"backend_ms":3.954,"genid":"5eb4e43d9456b96a68ee44ffb7a58fe9137ed16bf40a670cf513c34564e44249","normalize_ms":0.332,"outcome":"success","request_id":"1877e66280a54223a5df4fe0832b3e6a","responsebytes":4764,"resultcount":10}
request_id=1877e66280a54223a5df4fe0832b3e6a route=/v1/places status=200 duration_ms=5.2
{"genid":"5eb4e43d9456b96a68ee44ffb7a58fe9137ed16bf40a670cf513c34564e44249","outcome":"success","request_id":"f2a7a6532e53471eb859abb2a76f3f85","resultcount":10,"search_ms":0.894}
{"backend_ms":3.824,"genid":"5eb4e43d9456b96a68ee44ffb7a58fe9137ed16bf40a670cf513c34564e44249","normalize_ms":0.467,"outcome":"success","request_id":"f2a7a6532e53471eb859abb2a76f3f85","responsebytes":5516,"resultcount":10}
{"backend_ms":19.592,"genid":"5eb4e43d9456b96a68ee44ffb7a58fe9137ed16bf40a670cf513c34564e44249","normalize_ms":0.183,"outcome":"success","request_id":"f2a7a6532e53471eb859abb2a76f3f85","responsebytes":482,"resultcount":1}
request_id=f2a7a6532e53471eb859abb2a76f3f85 route=/v1/places status=200 duration_ms=21.0
{"genid":"5eb4e43d9456b96a68ee44ffb7a58fe9137ed16bf40a670cf513c34564e44249","outcome":"success","request_id":"072e5d4b454846f589926ed7d27b03ff","resultcount":10,"search_ms":13.917}
{"backend_ms":16.018,"genid":"5eb4e43d9456b96a68ee44ffb7a58fe9137ed16bf40a670cf513c34564e44249","normalize_ms":0.17,"outcome":"success","request_id":"072e5d4b454846f589926ed7d27b03ff","responsebytes":453,"resultcount":1}
{"backend_ms":16.157,"genid":"5eb4e43d9456b96a68ee44ffb7a58fe9137ed16bf40a670cf513c34564e44249","normalize_ms":0.446,"outcome":"success","request_id":"072e5d4b454846f589926ed7d27b03ff","responsebytes":5528,"resultcount":10}
request_id=072e5d4b454846f589926ed7d27b03ff route=/v1/places status=200 duration_ms=19.0
{"backend_ms":7.82,"genid":"5eb4e43d9456b96a68ee44ffb7a58fe9137ed16bf40a670cf513c34564e44249","normalize_ms":0.317,"outcome":"success","request_id":"a7aaf3c5bd8849d384448ee95001eb0b","responsebytes":5766,"resultcount":10}
request_id=a7aaf3c5bd8849d384448ee95001eb0b route=/v1/places status=200 duration_ms=9.1
{"backend_ms":11.74,"genid":"5eb4e43d9456b96a68ee44ffb7a58fe9137ed16bf40a670cf513c34564e44249","normalize_ms":0.317,"outcome":"success","request_id":"8e69b2d01b624ad5bf27b41fc2f33104","responsebytes":5544,"resultcount":10}
request_id=8e69b2d01b624ad5bf27b41fc2f33104 route=/v1/places status=200 duration_ms=13.1
{"backend_ms":3.437,"genid":"5eb4e43d9456b96a68ee44ffb7a58fe9137ed16bf40a670cf513c34564e44249","normalize_ms":0.322,"outcome":"success","request_id":"3b7511550eb04a0ba3b671912c7b6233","responsebytes":5597,"resultcount":10}
request_id=3b7511550eb04a0ba3b671912c7b6233 route=/v1/places status=200 duration_ms=4.6
{"backend_ms":14.751,"genid":"5eb4e43d9456b96a68ee44ffb7a58fe9137ed16bf40a670cf513c34564e44249","normalize_ms":0.306,"outcome":"success","request_id":"ee11847fda3b4b8a91f07ed107c76463","responsebytes":1000,"resultcount":3}
request_id=ee11847fda3b4b8a91f07ed107c76463 route=/v1/places status=200 duration_ms=15.8
{"genid":"5eb4e43d9456b96a68ee44ffb7a58fe9137ed16bf40a670cf513c34564e44249","outcome":"success","request_id":"4cf91bbfcd3643ceb535e2df0e7dbb0b","resultcount":6,"search_ms":1.14}
{"backend_ms":3.797,"genid":"5eb4e43d9456b96a68ee44ffb7a58fe9137ed16bf40a670cf513c34564e44249","normalize_ms":0.34,"outcome":"success","request_id":"4cf91bbfcd3643ceb535e2df0e7dbb0b","responsebytes":5420,"resultcount":10}
{"backend_ms":14.222,"genid":"5eb4e43d9456b96a68ee44ffb7a58fe9137ed16bf40a670cf513c34564e44249","normalize_ms":0.548,"outcome":"success","request_id":"4cf91bbfcd3643ceb535e2df0e7dbb0b","responsebytes":2679,"resultcount":7}
request_id=4cf91bbfcd3643ceb535e2df0e7dbb0b route=/v1/places status=200 duration_ms=15.9
{"backend_ms":4.307,"genid":"5eb4e43d9456b96a68ee44ffb7a58fe9137ed16bf40a670cf513c34564e44249","normalize_ms":0.263,"outcome":"success","request_id":"bf1e4d41986c4299a5d9721d0aebe7a9","responsebytes":4450,"resultcount":8}
request_id=bf1e4d41986c4299a5d9721d0aebe7a9 route=/v1/places status=200 duration_ms=5.4
{"genid":"5eb4e43d9456b96a68ee44ffb7a58fe9137ed16bf40a670cf513c34564e44249","outcome":"success","request_id":"98f047dd6f4c4ff2b0ddaf083789869e","resultcount":10,"search_ms":3.5}
request_id=98f047dd6f4c4ff2b0ddaf083789869e route=/v1/places status=200 duration_ms=4.7
{"genid":"5eb4e43d9456b96a68ee44ffb7a58fe9137ed16bf40a670cf513c34564e44249","outcome":"success","request_id":"ef9f083bc7bd4871ae383474ca9aac4f","resultcount":3,"search_ms":6.548}
request_id=ef9f083bc7bd4871ae383474ca9aac4f route=/v1/places status=200 duration_ms=7.5
{"backend_ms":5.006,"genid":"5eb4e43d9456b96a68ee44ffb7a58fe9137ed16bf40a670cf513c34564e44249","normalize_ms":0.366,"outcome":"success","request_id":"c45c5370b0a44cfebd7e489b4ad5013b","responsebytes":5227,"resultcount":10}
request_id=c45c5370b0a44cfebd7e489b4ad5013b route=/v1/places status=200 duration_ms=6.4
{"backend_ms":4.005,"genid":"5eb4e43d9456b96a68ee44ffb7a58fe9137ed16bf40a670cf513c34564e44249","normalize_ms":0.349,"outcome":"success","request_id":"d5ac905fa50841c9a8d35594661d0e91","responsebytes":5116,"resultcount":10}
request_id=d5ac905fa50841c9a8d35594661d0e91 route=/v1/places status=200 duration_ms=5.4
{"backend_ms":3.836,"genid":"5eb4e43d9456b96a68ee44ffb7a58fe9137ed16bf40a670cf513c34564e44249","normalize_ms":0.389,"outcome":"success","request_id":"c22a24fdf7ab4d8aa32e92b6aed3937a","responsebytes":5789,"resultcount":10}
request_id=c22a24fdf7ab4d8aa32e92b6aed3937a route=/v1/places status=200 duration_ms=5.4
{"backend_ms":3.237,"genid":"5eb4e43d9456b96a68ee44ffb7a58fe9137ed16bf40a670cf513c34564e44249","normalize_ms":0.085,"outcome":"success","request_id":"a7b6160fb2964b90be98c9265dde6dac","responsebytes":722,"resultcount":1}
request_id=a7b6160fb2964b90be98c9265dde6dac route=/v1/places status=200 duration_ms=4.0
{"backend_ms":45.505,"genid":"5eb4e43d9456b96a68ee44ffb7a58fe9137ed16bf40a670cf513c34564e44249","normalize_ms":0.343,"outcome":"success","request_id":"bc2d7412486445c0af2fed8515f2fbf2","responsebytes":6801,"resultcount":10}
request_id=bc2d7412486445c0af2fed8515f2fbf2 route=/v1/places status=200 duration_ms=46.9
{"backend_ms":13.746,"genid":"5eb4e43d9456b96a68ee44ffb7a58fe9137ed16bf40a670cf513c34564e44249","normalize_ms":0.321,"outcome":"success","request_id":"780c767afafa495fadb37dc24dcc8c76","responsebytes":5769,"resultcount":10}
request_id=780c767afafa495fadb37dc24dcc8c76 route=/v1/places status=200 duration_ms=15.0
{"backend_ms":5.058,"genid":"5eb4e43d9456b96a68ee44ffb7a58fe9137ed16bf40a670cf513c34564e44249","normalize_ms":0.351,"outcome":"success","request_id":"437099406b6a4f348b74a47faa38557c","responsebytes":4622,"resultcount":10}
request_id=437099406b6a4f348b74a47faa38557c route=/v1/places status=200 duration_ms=6.6
{"genid":"5eb4e43d9456b96a68ee44ffb7a58fe9137ed16bf40a670cf513c34564e44249","outcome":"success","request_id":"c39ce4f024674cd68be7b8fa8924d61d","resultcount":10,"search_ms":6.718}
{"backend_ms":7.423,"genid":"5eb4e43d9456b96a68ee44ffb7a58fe9137ed16bf40a670cf513c34564e44249","normalize_ms":0.482,"outcome":"success","request_id":"c39ce4f024674cd68be7b8fa8924d61d","responsebytes":5827,"resultcount":10}
{"backend_ms":10.178,"genid":"5eb4e43d9456b96a68ee44ffb7a58fe9137ed16bf40a670cf513c34564e44249","normalize_ms":0.161,"outcome":"success","request_id":"c39ce4f024674cd68be7b8fa8924d61d","responsebytes":486,"resultcount":1}
request_id=c39ce4f024674cd68be7b8fa8924d61d route=/v1/places status=200 duration_ms=11.3
{"backend_ms":3.443,"genid":"5eb4e43d9456b96a68ee44ffb7a58fe9137ed16bf40a670cf513c34564e44249","normalize_ms":0.303,"outcome":"success","request_id":"d3c70682c8d549bdbc274222033a518b","responsebytes":5901,"resultcount":10}
request_id=d3c70682c8d549bdbc274222033a518b route=/v1/places status=200 duration_ms=4.6
{"backend_ms":6.742,"genid":"5eb4e43d9456b96a68ee44ffb7a58fe9137ed16bf40a670cf513c34564e44249","normalize_ms":0.351,"outcome":"success","request_id":"33fb6647aeca4f2d897de0994bbbcd93","responsebytes":5489,"resultcount":10}
{"genid":"5eb4e43d9456b96a68ee44ffb7a58fe9137ed16bf40a670cf513c34564e44249","outcome":"success","request_id":"33fb6647aeca4f2d897de0994bbbcd93","resultcount":3,"search_ms":8.029}
{"backend_ms":17.737,"genid":"5eb4e43d9456b96a68ee44ffb7a58fe9137ed16bf40a670cf513c34564e44249","normalize_ms":0.019,"outcome":"validempty","request_id":"33fb6647aeca4f2d897de0994bbbcd93","responsebytes":42,"resultcount":0}
request_id=33fb6647aeca4f2d897de0994bbbcd93 route=/v1/places status=200 duration_ms=18.8
{"backend_ms":4.114,"genid":"5eb4e43d9456b96a68ee44ffb7a58fe9137ed16bf40a670cf513c34564e44249","normalize_ms":0.34,"outcome":"success","request_id":"a531527bc8ca461bb92f68059fc592f4","responsebytes":5813,"resultcount":10}
request_id=a531527bc8ca461bb92f68059fc592f4 route=/v1/places status=200 duration_ms=5.4
{"backend_ms":4.405,"genid":"5eb4e43d9456b96a68ee44ffb7a58fe9137ed16bf40a670cf513c34564e44249","normalize_ms":0.309,"outcome":"success","request_id":"e2e39f6e986a4c08bae771b6186379b4","responsebytes":5915,"resultcount":10}
request_id=e2e39f6e986a4c08bae771b6186379b4 route=/v1/places status=200 duration_ms=5.6
{"genid":"5eb4e43d9456b96a68ee44ffb7a58fe9137ed16bf40a670cf513c34564e44249","outcome":"success","request_id":"366ec4ec3c9d45fe9c76cf5ac06b9406","resultcount":10,"search_ms":7.714}
{"backend_ms":10.307,"genid":"5eb4e43d9456b96a68ee44ffb7a58fe9137ed16bf40a670cf513c34564e44249","normalize_ms":0.331,"outcome":"success","request_id":"366ec4ec3c9d45fe9c76cf5ac06b9406","responsebytes":5689,"resultcount":10}
{"backend_ms":17.987,"genid":"5eb4e43d9456b96a68ee44ffb7a58fe9137ed16bf40a670cf513c34564e44249","normalize_ms":0.328,"outcome":"success","request_id":"366ec4ec3c9d45fe9c76cf5ac06b9406","responsebytes":1074,"resultcount":3}
request_id=366ec4ec3c9d45fe9c76cf5ac06b9406 route=/v1/places status=200 duration_ms=19.3
{"backend_ms":3.359,"genid":"5eb4e43d9456b96a68ee44ffb7a58fe9137ed16bf40a670cf513c34564e44249","normalize_ms":0.313,"outcome":"success","request_id":"f7f909b2eb904da7ace441393804ba8b","responsebytes":5718,"resultcount":10}
request_id=f7f909b2eb904da7ace441393804ba8b route=/v1/places status=200 duration_ms=4.6
{"backend_ms":4.223,"genid":"5eb4e43d9456b96a68ee44ffb7a58fe9137ed16bf40a670cf513c34564e44249","normalize_ms":0.361,"outcome":"success","request_id":"a7a22f79f32342b38d21be29a50550ba","responsebytes":7109,"resultcount":10}
request_id=a7a22f79f32342b38d21be29a50550ba route=/v1/places status=200 duration_ms=5.4
{"genid":"5eb4e43d9456b96a68ee44ffb7a58fe9137ed16bf40a670cf513c34564e44249","outcome":"success","request_id":"963f8c7dde484b9694927297dfe804b8","resultcount":10,"search_ms":7.063}
{"backend_ms":9.415,"genid":"5eb4e43d9456b96a68ee44ffb7a58fe9137ed16bf40a670cf513c34564e44249","normalize_ms":0.307,"outcome":"success","request_id":"963f8c7dde484b9694927297dfe804b8","responsebytes":5859,"resultcount":10}
{"backend_ms":19.004,"genid":"5eb4e43d9456b96a68ee44ffb7a58fe9137ed16bf40a670cf513c34564e44249","normalize_ms":0.021,"outcome":"validempty","request_id":"963f8c7dde484b9694927297dfe804b8","responsebytes":42,"resultcount":0}
request_id=963f8c7dde484b9694927297dfe804b8 route=/v1/places status=200 duration_ms=20.2
{"backend_ms":4.004,"genid":"5eb4e43d9456b96a68ee44ffb7a58fe9137ed16bf40a670cf513c34564e44249","normalize_ms":0.347,"outcome":"success","request_id":"12d7b7f8e8274cf5a45db88d0299c67d","responsebytes":5770,"resultcount":10}
request_id=12d7b7f8e8274cf5a45db88d0299c67d route=/v1/places status=200 duration_ms=5.3
{"backend_ms":4.059,"genid":"5eb4e43d9456b96a68ee44ffb7a58fe9137ed16bf40a670cf513c34564e44249","normalize_ms":0.327,"outcome":"success","request_id":"4d0baea7df144a2e9ba6d582c5085110","responsebytes":5984,"resultcount":10}
request_id=4d0baea7df144a2e9ba6d582c5085110 route=/v1/places status=200 duration_ms=5.3
{"backend_ms":23.019,"genid":"5eb4e43d9456b96a68ee44ffb7a58fe9137ed16bf40a670cf513c34564e44249","normalize_ms":0.323,"outcome":"success","request_id":"a80ddb7431834da385bfbcf8090a15da","responsebytes":6135,"resultcount":10}
request_id=a80ddb7431834da385bfbcf8090a15da route=/v1/places status=200 duration_ms=24.4
{"genid":"5eb4e43d9456b96a68ee44ffb7a58fe9137ed16bf40a670cf513c34564e44249","outcome":"validempty","request_id":"9032e477c47a4dc9afaddf86406179a3","resultcount":0,"search_ms":1.238}
{"backend_ms":4.058,"genid":"5eb4e43d9456b96a68ee44ffb7a58fe9137ed16bf40a670cf513c34564e44249","normalize_ms":0.317,"outcome":"success","request_id":"9032e477c47a4dc9afaddf86406179a3","responsebytes":5798,"resultcount":10}
{"backend_ms":13.498,"genid":"5eb4e43d9456b96a68ee44ffb7a58fe9137ed16bf40a670cf513c34564e44249","normalize_ms":0.364,"outcome":"success","request_id":"9032e477c47a4dc9afaddf86406179a3","responsebytes":1866,"resultcount":4}
request_id=9032e477c47a4dc9afaddf86406179a3 route=/v1/places status=200 duration_ms=15.0
{"genid":"5eb4e43d9456b96a68ee44ffb7a58fe9137ed16bf40a670cf513c34564e44249","outcome":"success","request_id":"33a2e1bd401d4b55a04c53d9893d37af","resultcount":4,"search_ms":5.685}
request_id=33a2e1bd401d4b55a04c53d9893d37af route=/v1/places status=200 duration_ms=6.6
{"backend_ms":9.586,"genid":"5eb4e43d9456b96a68ee44ffb7a58fe9137ed16bf40a670cf513c34564e44249","normalize_ms":0.312,"outcome":"success","request_id":"5acbd4983e6544a6ac318de5def3ed64","responsebytes":5791,"resultcount":10}
request_id=5acbd4983e6544a6ac318de5def3ed64 route=/v1/places status=200 duration_ms=10.8
{"backend_ms":11.19,"genid":"5eb4e43d9456b96a68ee44ffb7a58fe9137ed16bf40a670cf513c34564e44249","normalize_ms":0.727,"outcome":"success","request_id":"dad01b85fbce43aab7268d9b0c4f9472","responsebytes":5697,"resultcount":10}
{"genid":"5eb4e43d9456b96a68ee44ffb7a58fe9137ed16bf40a670cf513c34564e44249","outcome":"success","request_id":"dad01b85fbce43aab7268d9b0c4f9472","resultcount":10,"search_ms":21.646}
{"backend_ms":23.236,"genid":"5eb4e43d9456b96a68ee44ffb7a58fe9137ed16bf40a670cf513c34564e44249","normalize_ms":0.017,"outcome":"validempty","request_id":"dad01b85fbce43aab7268d9b0c4f9472","responsebytes":42,"resultcount":0}
request_id=dad01b85fbce43aab7268d9b0c4f9472 route=/v1/places status=200 duration_ms=24.3
{"genid":"5eb4e43d9456b96a68ee44ffb7a58fe9137ed16bf40a670cf513c34564e44249","outcome":"success","request_id":"04b5b0f45f4e490bb522b643713ee46b","resultcount":10,"search_ms":1.814}
request_id=04b5b0f45f4e490bb522b643713ee46b route=/v1/places status=200 duration_ms=2.8
{"backend_ms":5.4,"genid":"5eb4e43d9456b96a68ee44ffb7a58fe9137ed16bf40a670cf513c34564e44249","normalize_ms":0.318,"outcome":"success","request_id":"b0e4ab7648fd497b8506b6639d5b1fc0","responsebytes":5959,"resultcount":10}
request_id=b0e4ab7648fd497b8506b6639d5b1fc0 route=/v1/places status=200 duration_ms=6.6
{"backend_ms":33.881,"genid":"5eb4e43d9456b96a68ee44ffb7a58fe9137ed16bf40a670cf513c34564e44249","normalize_ms":0.266,"outcome":"success","request_id":"6bcd6e94d4144c1b8fe3783bc338fdb0","responsebytes":783,"resultcount":2}
request_id=6bcd6e94d4144c1b8fe3783bc338fdb0 route=/v1/places status=200 duration_ms=34.9
{"backend_ms":9.897,"genid":"5eb4e43d9456b96a68ee44ffb7a58fe9137ed16bf40a670cf513c34564e44249","normalize_ms":0.194,"outcome":"success","request_id":"77364c42d8fb4a87a29f7f7755152ecf","responsebytes":361,"resultcount":1}
request_id=77364c42d8fb4a87a29f7f7755152ecf route=/v1/places status=200 duration_ms=10.9
{"backend_ms":4.818,"genid":"5eb4e43d9456b96a68ee44ffb7a58fe9137ed16bf40a670cf513c34564e44249","normalize_ms":0.375,"outcome":"success","request_id":"e48670bba39744968c0aa51823099868","responsebytes":5616,"resultcount":10}
request_id=e48670bba39744968c0aa51823099868 route=/v1/places status=200 duration_ms=6.2
{"backend_ms":4.656,"genid":"5eb4e43d9456b96a68ee44ffb7a58fe9137ed16bf40a670cf513c34564e44249","normalize_ms":0.333,"outcome":"success","request_id":"68571a3020044863a79f12e943969784","responsebytes":5523,"resultcount":10}
request_id=68571a3020044863a79f12e943969784 route=/v1/places status=200 duration_ms=6.0
{"backend_ms":6.16,"genid":"5eb4e43d9456b96a68ee44ffb7a58fe9137ed16bf40a670cf513c34564e44249","normalize_ms":0.332,"outcome":"success","request_id":"18aa9fb9ac494bb4bf17e89607416580","responsebytes":5691,"resultcount":10}
request_id=18aa9fb9ac494bb4bf17e89607416580 route=/v1/places status=200 duration_ms=7.5
{"backend_ms":9.511,"genid":"5eb4e43d9456b96a68ee44ffb7a58fe9137ed16bf40a670cf513c34564e44249","normalize_ms":0.334,"outcome":"success","request_id":"b4c9d3def21a47c7bce09b7f5ad9fbd8","responsebytes":5532,"resultcount":10}
request_id=b4c9d3def21a47c7bce09b7f5ad9fbd8 route=/v1/places status=200 duration_ms=10.8
{"backend_ms":6.368,"genid":"5eb4e43d9456b96a68ee44ffb7a58fe9137ed16bf40a670cf513c34564e44249","normalize_ms":0.37,"outcome":"success","request_id":"c4836493daeb48f18d51b8dba42beb54","responsebytes":6230,"resultcount":10}
request_id=c4836493daeb48f18d51b8dba42beb54 route=/v1/places status=200 duration_ms=7.7
{"backend_ms":3.222,"genid":"5eb4e43d9456b96a68ee44ffb7a58fe9137ed16bf40a670cf513c34564e44249","normalize_ms":0.302,"outcome":"success","request_id":"88e71e5836e84f1992689038d9a00c70","responsebytes":5795,"resultcount":10}
request_id=88e71e5836e84f1992689038d9a00c70 route=/v1/places status=200 duration_ms=4.4
{"genid":"5eb4e43d9456b96a68ee44ffb7a58fe9137ed16bf40a670cf513c34564e44249","outcome":"success","request_id":"9325edca39814bdfb0e98bed55c6c8de","resultcount":10,"search_ms":8.958}
{"backend_ms":10.128,"genid":"5eb4e43d9456b96a68ee44ffb7a58fe9137ed16bf40a670cf513c34564e44249","normalize_ms":0.316,"outcome":"success","request_id":"9325edca39814bdfb0e98bed55c6c8de","responsebytes":5806,"resultcount":10}
{"backend_ms":12.416,"genid":"5eb4e43d9456b96a68ee44ffb7a58fe9137ed16bf40a670cf513c34564e44249","normalize_ms":0.141,"outcome":"success","request_id":"9325edca39814bdfb0e98bed55c6c8de","responsebytes":446,"resultcount":1}
request_id=9325edca39814bdfb0e98bed55c6c8de route=/v1/places status=200 duration_ms=13.5
{"backend_ms":9.613,"genid":"5eb4e43d9456b96a68ee44ffb7a58fe9137ed16bf40a670cf513c34564e44249","normalize_ms":0.309,"outcome":"success","request_id":"dd5b99302f184363a27c461fa06ecf0b","responsebytes":6241,"resultcount":10}
request_id=dd5b99302f184363a27c461fa06ecf0b route=/v1/places status=200 duration_ms=10.9
{"backend_ms":5.262,"genid":"5eb4e43d9456b96a68ee44ffb7a58fe9137ed16bf40a670cf513c34564e44249","normalize_ms":0.304,"outcome":"success","request_id":"17a6c37c20af4294981e34dd819ab21e","responsebytes":5412,"resultcount":10}
request_id=17a6c37c20af4294981e34dd819ab21e route=/v1/places status=200 duration_ms=6.5
{"backend_ms":3.027,"genid":"5eb4e43d9456b96a68ee44ffb7a58fe9137ed16bf40a670cf513c34564e44249","normalize_ms":0.111,"outcome":"success","request_id":"64c218a5e38b4c4bbef1495f0e1300ee","responsebytes":1165,"resultcount":2}
request_id=64c218a5e38b4c4bbef1495f0e1300ee route=/v1/places status=200 duration_ms=3.8
{"backend_ms":10.298,"genid":"5eb4e43d9456b96a68ee44ffb7a58fe9137ed16bf40a670cf513c34564e44249","normalize_ms":0.546,"outcome":"success","request_id":"973a497a165d448588a75ab4312119be","responsebytes":2420,"resultcount":7}
request_id=973a497a165d448588a75ab4312119be route=/v1/places status=200 duration_ms=11.8
{"genid":"5eb4e43d9456b96a68ee44ffb7a58fe9137ed16bf40a670cf513c34564e44249","outcome":"success","request_id":"db54cb94d36040aa936c78d51a1aaa20","resultcount":10,"search_ms":8.865}
{"backend_ms":11.162,"genid":"5eb4e43d9456b96a68ee44ffb7a58fe9137ed16bf40a670cf513c34564e44249","normalize_ms":0.35,"outcome":"success","request_id":"db54cb94d36040aa936c78d51a1aaa20","responsebytes":5834,"resultcount":10}
{"backend_ms":13.809,"genid":"5eb4e43d9456b96a68ee44ffb7a58fe9137ed16bf40a670cf513c34564e44249","normalize_ms":0.547,"outcome":"success","request_id":"db54cb94d36040aa936c78d51a1aaa20","responsebytes":2218,"resultcount":5}
request_id=db54cb94d36040aa936c78d51a1aaa20 route=/v1/places status=200 duration_ms=15.5
{"backend_ms":30.119,"genid":"5eb4e43d9456b96a68ee44ffb7a58fe9137ed16bf40a670cf513c34564e44249","normalize_ms":0.596,"outcome":"success","request_id":"3c8c7a2157f3427da6dd1c16f81e2d35","responsebytes":2641,"resultcount":8}
request_id=3c8c7a2157f3427da6dd1c16f81e2d35 route=/v1/places status=200 duration_ms=31.7
{"backend_ms":32.539,"genid":"5eb4e43d9456b96a68ee44ffb7a58fe9137ed16bf40a670cf513c34564e44249","normalize_ms":0.338,"outcome":"success","request_id":"1bdab3ca1a5c460d847a5dde78e4c3d1","responsebytes":6341,"resultcount":10}
request_id=1bdab3ca1a5c460d847a5dde78e4c3d1 route=/v1/places status=200 duration_ms=34.1
{"backend_ms":26.018,"genid":"5eb4e43d9456b96a68ee44ffb7a58fe9137ed16bf40a670cf513c34564e44249","normalize_ms":0.314,"outcome":"success","request_id":"170f998652a14db6a626aaf5bdfeab6d","responsebytes":6032,"resultcount":10}
request_id=170f998652a14db6a626aaf5bdfeab6d route=/v1/places status=200 duration_ms=27.3
{"backend_ms":3.515,"genid":"5eb4e43d9456b96a68ee44ffb7a58fe9137ed16bf40a670cf513c34564e44249","normalize_ms":0.319,"outcome":"success","request_id":"7637f8c7919246dd880fee5d743cb51f","responsebytes":5757,"resultcount":10}
request_id=7637f8c7919246dd880fee5d743cb51f route=/v1/places status=200 duration_ms=4.7
{"backend_ms":11.87,"genid":"5eb4e43d9456b96a68ee44ffb7a58fe9137ed16bf40a670cf513c34564e44249","normalize_ms":0.339,"outcome":"success","request_id":"062174930475446792778d019e1ff659","responsebytes":1015,"resultcount":3}
request_id=062174930475446792778d019e1ff659 route=/v1/places status=200 duration_ms=13.3
{"backend_ms":3.459,"genid":"5eb4e43d9456b96a68ee44ffb7a58fe9137ed16bf40a670cf513c34564e44249","normalize_ms":0.297,"outcome":"success","request_id":"7edfc952cacf4049bd7109b21c0aad95","responsebytes":5341,"resultcount":10}
request_id=7edfc952cacf4049bd7109b21c0aad95 route=/v1/places status=200 duration_ms=4.6
{"backend_ms":23.623,"genid":"5eb4e43d9456b96a68ee44ffb7a58fe9137ed16bf40a670cf513c34564e44249","normalize_ms":0.298,"outcome":"success","request_id":"13a1f506767b438e991f90e45d2e2b9c","responsebytes":994,"resultcount":3}
request_id=13a1f506767b438e991f90e45d2e2b9c route=/v1/places status=200 duration_ms=24.8
{"backend_ms":10.039,"genid":"5eb4e43d9456b96a68ee44ffb7a58fe9137ed16bf40a670cf513c34564e44249","normalize_ms":0.352,"outcome":"success","request_id":"e574b95500e9423e838b836759f4f2c0","responsebytes":5932,"resultcount":10}
request_id=e574b95500e9423e838b836759f4f2c0 route=/v1/places status=200 duration_ms=11.4
{"genid":"5eb4e43d9456b96a68ee44ffb7a58fe9137ed16bf40a670cf513c34564e44249","outcome":"success","request_id":"156c165e0b6b4f0aa928ec2f9eabb024","resultcount":10,"search_ms":4.585}
{"backend_ms":7.507,"genid":"5eb4e43d9456b96a68ee44ffb7a58fe9137ed16bf40a670cf513c34564e44249","normalize_ms":0.308,"outcome":"success","request_id":"156c165e0b6b4f0aa928ec2f9eabb024","responsebytes":5646,"resultcount":10}
{"backend_ms":16.499,"genid":"5eb4e43d9456b96a68ee44ffb7a58fe9137ed16bf40a670cf513c34564e44249","normalize_ms":0.189,"outcome":"success","request_id":"156c165e0b6b4f0aa928ec2f9eabb024","responsebytes":454,"resultcount":1}
request_id=156c165e0b6b4f0aa928ec2f9eabb024 route=/v1/places status=200 duration_ms=17.9
{"backend_ms":55.019,"genid":"5eb4e43d9456b96a68ee44ffb7a58fe9137ed16bf40a670cf513c34564e44249","normalize_ms":0.332,"outcome":"success","request_id":"fbcc43c45ae543eeb4ac4ceafc1c1409","responsebytes":5979,"resultcount":10}
request_id=fbcc43c45ae543eeb4ac4ceafc1c1409 route=/v1/places status=200 duration_ms=56.4
{"backend_ms":4.101,"genid":"5eb4e43d9456b96a68ee44ffb7a58fe9137ed16bf40a670cf513c34564e44249","normalize_ms":0.379,"outcome":"success","request_id":"baf287fc1aa047039e9c05735a3789d6","responsebytes":5959,"resultcount":10}
request_id=baf287fc1aa047039e9c05735a3789d6 route=/v1/places status=200 duration_ms=5.6
{"genid":"5eb4e43d9456b96a68ee44ffb7a58fe9137ed16bf40a670cf513c34564e44249","outcome":"success","request_id":"b61d87005c2c4b599c5576797ebbcc07","resultcount":4,"search_ms":8.923}
request_id=b61d87005c2c4b599c5576797ebbcc07 route=/v1/places status=200 duration_ms=9.9
{"backend_ms":9.541,"genid":"5eb4e43d9456b96a68ee44ffb7a58fe9137ed16bf40a670cf513c34564e44249","normalize_ms":0.299,"outcome":"success","request_id":"95b65437b7224bbd9eedad9c43e37d47","responsebytes":6052,"resultcount":10}
request_id=95b65437b7224bbd9eedad9c43e37d47 route=/v1/places status=200 duration_ms=10.7
{"backend_ms":46.564,"genid":"5eb4e43d9456b96a68ee44ffb7a58fe9137ed16bf40a670cf513c34564e44249","normalize_ms":0.317,"outcome":"success","request_id":"11757f99c30d47ae9afb16755b391648","responsebytes":6234,"resultcount":10}
request_id=11757f99c30d47ae9afb16755b391648 route=/v1/places status=200 duration_ms=47.8
{"backend_ms":3.417,"genid":"5eb4e43d9456b96a68ee44ffb7a58fe9137ed16bf40a670cf513c34564e44249","normalize_ms":0.289,"outcome":"success","request_id":"ead6883ee2304b7682bb1d30cafef0e3","responsebytes":5641,"resultcount":10}
request_id=ead6883ee2304b7682bb1d30cafef0e3 route=/v1/places status=200 duration_ms=4.6
{"backend_ms":4.249,"genid":"5eb4e43d9456b96a68ee44ffb7a58fe9137ed16bf40a670cf513c34564e44249","normalize_ms":0.316,"outcome":"success","request_id":"6c4ab4e80c864800b64f033765f87c8e","responsebytes":5940,"resultcount":10}
request_id=6c4ab4e80c864800b64f033765f87c8e route=/v1/places status=200 duration_ms=5.5
{"backend_ms":5.053,"genid":"5eb4e43d9456b96a68ee44ffb7a58fe9137ed16bf40a670cf513c34564e44249","normalize_ms":0.328,"outcome":"success","request_id":"823cdfda97eb4c05aa8dd043c8e4f797","responsebytes":5766,"resultcount":10}
{"genid":"5eb4e43d9456b96a68ee44ffb7a58fe9137ed16bf40a670cf513c34564e44249","outcome":"success","request_id":"823cdfda97eb4c05aa8dd043c8e4f797","resultcount":10,"search_ms":15.646}
{"backend_ms":29.389,"genid":"5eb4e43d9456b96a68ee44ffb7a58fe9137ed16bf40a670cf513c34564e44249","normalize_ms":0.515,"outcome":"success","request_id":"823cdfda97eb4c05aa8dd043c8e4f797","responsebytes":3345,"resultcount":6}
request_id=823cdfda97eb4c05aa8dd043c8e4f797 route=/v1/places status=200 duration_ms=31.0
{"backend_ms":3.453,"genid":"5eb4e43d9456b96a68ee44ffb7a58fe9137ed16bf40a670cf513c34564e44249","normalize_ms":0.324,"outcome":"success","request_id":"284e169f6c2f461ab50c733fb00a4521","responsebytes":5272,"resultcount":10}
request_id=284e169f6c2f461ab50c733fb00a4521 route=/v1/places status=200 duration_ms=4.6
{"backend_ms":6.129,"genid":"5eb4e43d9456b96a68ee44ffb7a58fe9137ed16bf40a670cf513c34564e44249","normalize_ms":0.374,"outcome":"success","request_id":"6917d054be584e8f84d893a14cf121fd","responsebytes":6171,"resultcount":10}
request_id=6917d054be584e8f84d893a14cf121fd route=/v1/places status=200 duration_ms=7.5
{"genid":"5eb4e43d9456b96a68ee44ffb7a58fe9137ed16bf40a670cf513c34564e44249","outcome":"success","request_id":"741516c180ca4e1b896f3c6c1f38b444","resultcount":10,"search_ms":2.663}
{"backend_ms":3.784,"genid":"5eb4e43d9456b96a68ee44ffb7a58fe9137ed16bf40a670cf513c34564e44249","normalize_ms":0.325,"outcome":"success","request_id":"741516c180ca4e1b896f3c6c1f38b444","responsebytes":5465,"resultcount":10}
{"backend_ms":17.401,"genid":"5eb4e43d9456b96a68ee44ffb7a58fe9137ed16bf40a670cf513c34564e44249","normalize_ms":0.376,"outcome":"success","request_id":"741516c180ca4e1b896f3c6c1f38b444","responsebytes":1210,"resultcount":3}
request_id=741516c180ca4e1b896f3c6c1f38b444 route=/v1/places status=200 duration_ms=19.0
{"backend_ms":11.224,"genid":"5eb4e43d9456b96a68ee44ffb7a58fe9137ed16bf40a670cf513c34564e44249","normalize_ms":0.351,"outcome":"success","request_id":"4f3453f55302468e9a04b81c54a12a02","responsebytes":6001,"resultcount":10}
request_id=4f3453f55302468e9a04b81c54a12a02 route=/v1/places status=200 duration_ms=12.7
{"backend_ms":3.55,"genid":"5eb4e43d9456b96a68ee44ffb7a58fe9137ed16bf40a670cf513c34564e44249","normalize_ms":0.332,"outcome":"success","request_id":"83b7fa8b2cb1461bb35691b57bbe08af","responsebytes":5664,"resultcount":10}
request_id=83b7fa8b2cb1461bb35691b57bbe08af route=/v1/places status=200 duration_ms=4.8
{"genid":"5eb4e43d9456b96a68ee44ffb7a58fe9137ed16bf40a670cf513c34564e44249","outcome":"success","request_id":"0df31e4796194bea9931f5dc7a91f430","resultcount":1,"search_ms":5.472}
request_id=0df31e4796194bea9931f5dc7a91f430 route=/v1/places status=200 duration_ms=6.3
{"genid":"5eb4e43d9456b96a68ee44ffb7a58fe9137ed16bf40a670cf513c34564e44249","outcome":"success","request_id":"7e11922e02334847b405974806ae94fa","resultcount":3,"search_ms":2.249}
request_id=7e11922e02334847b405974806ae94fa route=/v1/places status=200 duration_ms=3.1
{"backend_ms":4.596,"genid":"5eb4e43d9456b96a68ee44ffb7a58fe9137ed16bf40a670cf513c34564e44249","normalize_ms":0.319,"outcome":"success","request_id":"d4e3adc67c9a41cc8896fa5115e39d33","responsebytes":5555,"resultcount":10}
request_id=d4e3adc67c9a41cc8896fa5115e39d33 route=/v1/places status=200 duration_ms=5.8
{"backend_ms":3.675,"genid":"5eb4e43d9456b96a68ee44ffb7a58fe9137ed16bf40a670cf513c34564e44249","normalize_ms":0.333,"outcome":"success","request_id":"64bbb2a4bce64575bdf28042247c62e4","responsebytes":5800,"resultcount":10}
request_id=64bbb2a4bce64575bdf28042247c62e4 route=/v1/places status=200 duration_ms=4.9
{"backend_ms":23.919,"genid":"5eb4e43d9456b96a68ee44ffb7a58fe9137ed16bf40a670cf513c34564e44249","normalize_ms":0.359,"outcome":"success","request_id":"12d4086f7e1f4923ae778496a2c13570","responsebytes":5955,"resultcount":10}
request_id=12d4086f7e1f4923ae778496a2c13570 route=/v1/places status=200 duration_ms=25.4
{"genid":"5eb4e43d9456b96a68ee44ffb7a58fe9137ed16bf40a670cf513c34564e44249","outcome":"success","request_id":"1ced6462d6c740bbb91fd154ec5a55ff","resultcount":3,"search_ms":4.439}
request_id=1ced6462d6c740bbb91fd154ec5a55ff route=/v1/places status=200 duration_ms=5.4
{"backend_ms":18.012,"genid":"5eb4e43d9456b96a68ee44ffb7a58fe9137ed16bf40a670cf513c34564e44249","normalize_ms":0.34,"outcome":"success","request_id":"9d5022b88e604afba9d9ea45e12aabeb","responsebytes":5893,"resultcount":10}
request_id=9d5022b88e604afba9d9ea45e12aabeb route=/v1/places status=200 duration_ms=19.4
{"genid":"5eb4e43d9456b96a68ee44ffb7a58fe9137ed16bf40a670cf513c34564e44249","outcome":"success","request_id":"fbc0062ddc7240fe9cd6cbe06f50771f","resultcount":3,"search_ms":8.031}
request_id=fbc0062ddc7240fe9cd6cbe06f50771f route=/v1/places status=200 duration_ms=9.3
{"backend_ms":4.331,"genid":"5eb4e43d9456b96a68ee44ffb7a58fe9137ed16bf40a670cf513c34564e44249","normalize_ms":0.335,"outcome":"success","request_id":"c235b3daa6c34e25b8b071d45525c409","responsebytes":6047,"resultcount":10}
request_id=c235b3daa6c34e25b8b071d45525c409 route=/v1/places status=200 duration_ms=5.6
{"backend_ms":4.387,"genid":"5eb4e43d9456b96a68ee44ffb7a58fe9137ed16bf40a670cf513c34564e44249","normalize_ms":0.329,"outcome":"success","request_id":"12e997d306da4875afbfeed2cc45c5ee","responsebytes":5578,"resultcount":10}
request_id=12e997d306da4875afbfeed2cc45c5ee route=/v1/places status=200 duration_ms=5.8
{"backend_ms":3.828,"genid":"5eb4e43d9456b96a68ee44ffb7a58fe9137ed16bf40a670cf513c34564e44249","normalize_ms":0.302,"outcome":"success","request_id":"5222a2f61a1e47ed80db45021071d5f2","responsebytes":4166,"resultcount":10}
request_id=5222a2f61a1e47ed80db45021071d5f2 route=/v1/places status=200 duration_ms=5.2
{"backend_ms":10.333,"genid":"5eb4e43d9456b96a68ee44ffb7a58fe9137ed16bf40a670cf513c34564e44249","normalize_ms":0.318,"outcome":"success","request_id":"f0b7e6431909405f9e8659ced60bb4a7","responsebytes":4949,"resultcount":10}
request_id=f0b7e6431909405f9e8659ced60bb4a7 route=/v1/places status=200 duration_ms=11.6
{"backend_ms":3.249,"genid":"5eb4e43d9456b96a68ee44ffb7a58fe9137ed16bf40a670cf513c34564e44249","normalize_ms":0.316,"outcome":"success","request_id":"2908f44797454563863ed4c897271525","responsebytes":6387,"resultcount":10}
request_id=2908f44797454563863ed4c897271525 route=/v1/places status=200 duration_ms=4.3
{"backend_ms":16.028,"genid":"5eb4e43d9456b96a68ee44ffb7a58fe9137ed16bf40a670cf513c34564e44249","normalize_ms":0.31,"outcome":"success","request_id":"9301b0e0772943649e835c470c851596","responsebytes":5991,"resultcount":10}
request_id=9301b0e0772943649e835c470c851596 route=/v1/places status=200 duration_ms=17.4
{"backend_ms":5.037,"genid":"5eb4e43d9456b96a68ee44ffb7a58fe9137ed16bf40a670cf513c34564e44249","normalize_ms":0.327,"outcome":"success","request_id":"910cc11d265b4a8ea702165dbbb6a15f","responsebytes":5655,"resultcount":10}
request_id=910cc11d265b4a8ea702165dbbb6a15f route=/v1/places status=200 duration_ms=6.2
{"backend_ms":56.881,"genid":"5eb4e43d9456b96a68ee44ffb7a58fe9137ed16bf40a670cf513c34564e44249","normalize_ms":0.332,"outcome":"success","request_id":"d9df40ed522e4a118b4ee716e7d7c126","responsebytes":6418,"resultcount":10}
request_id=d9df40ed522e4a118b4ee716e7d7c126 route=/v1/places status=200 duration_ms=58.2
{"backend_ms":22.859,"genid":"5eb4e43d9456b96a68ee44ffb7a58fe9137ed16bf40a670cf513c34564e44249","normalize_ms":0.304,"outcome":"success","request_id":"2ebaa0e02da64566a9022b6ff4225583","responsebytes":6583,"resultcount":10}
request_id=2ebaa0e02da64566a9022b6ff4225583 route=/v1/places status=200 duration_ms=24.2
{"backend_ms":8.914,"genid":"5eb4e43d9456b96a68ee44ffb7a58fe9137ed16bf40a670cf513c34564e44249","normalize_ms":0.161,"outcome":"success","request_id":"9824e531bf224649ae49de602a06ffb5","responsebytes":381,"resultcount":1}
request_id=9824e531bf224649ae49de602a06ffb5 route=/v1/places status=200 duration_ms=9.8
{"backend_ms":5.613,"genid":"5eb4e43d9456b96a68ee44ffb7a58fe9137ed16bf40a670cf513c34564e44249","normalize_ms":0.314,"outcome":"success","request_id":"fb54d8962be04e73a33a6686d8a0a5cc","responsebytes":6257,"resultcount":10}
request_id=fb54d8962be04e73a33a6686d8a0a5cc route=/v1/places status=200 duration_ms=6.8
{"backend_ms":12.385,"genid":"5eb4e43d9456b96a68ee44ffb7a58fe9137ed16bf40a670cf513c34564e44249","normalize_ms":0.311,"outcome":"success","request_id":"5bb4706abd334f4daf2142b82929d253","responsebytes":6426,"resultcount":10}
request_id=5bb4706abd334f4daf2142b82929d253 route=/v1/places status=200 duration_ms=13.6
{"backend_ms":9.758,"genid":"5eb4e43d9456b96a68ee44ffb7a58fe9137ed16bf40a670cf513c34564e44249","normalize_ms":0.3,"outcome":"success","request_id":"60fe980e21c44b198d8ea1020f7e0c25","responsebytes":5871,"resultcount":10}
request_id=60fe980e21c44b198d8ea1020f7e0c25 route=/v1/places status=200 duration_ms=11.0
{"backend_ms":3.265,"genid":"5eb4e43d9456b96a68ee44ffb7a58fe9137ed16bf40a670cf513c34564e44249","normalize_ms":0.296,"outcome":"success","request_id":"17f1af254d7049ab8e8aba768fb487d1","responsebytes":5999,"resultcount":10}
request_id=17f1af254d7049ab8e8aba768fb487d1 route=/v1/places status=200 duration_ms=4.4
{"backend_ms":5.06,"genid":"5eb4e43d9456b96a68ee44ffb7a58fe9137ed16bf40a670cf513c34564e44249","normalize_ms":0.319,"outcome":"success","request_id":"4f2bf3027ca54ddcb856a5c9ae0b814c","responsebytes":6210,"resultcount":10}
request_id=4f2bf3027ca54ddcb856a5c9ae0b814c route=/v1/places status=200 duration_ms=6.3
{"backend_ms":27.992,"genid":"5eb4e43d9456b96a68ee44ffb7a58fe9137ed16bf40a670cf513c34564e44249","normalize_ms":0.318,"outcome":"success","request_id":"e12f94eff7f24f8c8a15675ee60b19f6","responsebytes":6513,"resultcount":10}
request_id=e12f94eff7f24f8c8a15675ee60b19f6 route=/v1/places status=200 duration_ms=29.4
{"genid":"5eb4e43d9456b96a68ee44ffb7a58fe9137ed16bf40a670cf513c34564e44249","outcome":"success","request_id":"b040f425cd644ce6b51a711dc91a703e","resultcount":10,"search_ms":30.557}
request_id=b040f425cd644ce6b51a711dc91a703e route=/v1/places status=200 duration_ms=32.0
{"backend_ms":8.762,"genid":"5eb4e43d9456b96a68ee44ffb7a58fe9137ed16bf40a670cf513c34564e44249","normalize_ms":0.196,"outcome":"success","request_id":"6da98f62b3334509aecfce0f89a5f52e","responsebytes":358,"resultcount":1}
request_id=6da98f62b3334509aecfce0f89a5f52e route=/v1/places status=200 duration_ms=9.7
{"genid":"5eb4e43d9456b96a68ee44ffb7a58fe9137ed16bf40a670cf513c34564e44249","outcome":"success","request_id":"e8d2992e4d5f4222b904565ea86f508a","resultcount":10,"search_ms":1.63}
request_id=e8d2992e4d5f4222b904565ea86f508a route=/v1/places status=200 duration_ms=2.7
{"backend_ms":7.995,"genid":"5eb4e43d9456b96a68ee44ffb7a58fe9137ed16bf40a670cf513c34564e44249","normalize_ms":0.193,"outcome":"success","request_id":"7735c286b6df427dad5ece903bd79e83","responsebytes":384,"resultcount":1}
request_id=7735c286b6df427dad5ece903bd79e83 route=/v1/places status=200 duration_ms=8.9
{"genid":"5eb4e43d9456b96a68ee44ffb7a58fe9137ed16bf40a670cf513c34564e44249","outcome":"success","request_id":"c83b766780af48b1a3e6e0d8c82f306c","resultcount":6,"search_ms":0.95}
request_id=c83b766780af48b1a3e6e0d8c82f306c route=/v1/places status=200 duration_ms=1.8
{"genid":"5eb4e43d9456b96a68ee44ffb7a58fe9137ed16bf40a670cf513c34564e44249","outcome":"validempty","request_id":"2f64f0c8b7fb463d9bb01ec99f5a0bc9","resultcount":0,"search_ms":4.582}
{"backend_ms":4.638,"genid":"5eb4e43d9456b96a68ee44ffb7a58fe9137ed16bf40a670cf513c34564e44249","normalize_ms":0.385,"outcome":"success","request_id":"2f64f0c8b7fb463d9bb01ec99f5a0bc9","responsebytes":5869,"resultcount":10}
{"backend_ms":19.246,"genid":"5eb4e43d9456b96a68ee44ffb7a58fe9137ed16bf40a670cf513c34564e44249","normalize_ms":0.02,"outcome":"validempty","request_id":"2f64f0c8b7fb463d9bb01ec99f5a0bc9","responsebytes":42,"resultcount":0}
request_id=2f64f0c8b7fb463d9bb01ec99f5a0bc9 route=/v1/places status=200 duration_ms=20.3
{"genid":"5eb4e43d9456b96a68ee44ffb7a58fe9137ed16bf40a670cf513c34564e44249","outcome":"success","request_id":"6589f21cb2044736b19a555a4c1b73d4","resultcount":10,"search_ms":10.473}
{"backend_ms":11.586,"genid":"5eb4e43d9456b96a68ee44ffb7a58fe9137ed16bf40a670cf513c34564e44249","normalize_ms":0.309,"outcome":"success","request_id":"6589f21cb2044736b19a555a4c1b73d4","responsebytes":5786,"resultcount":10}
{"backend_ms":13.66,"genid":"5eb4e43d9456b96a68ee44ffb7a58fe9137ed16bf40a670cf513c34564e44249","normalize_ms":0.362,"outcome":"success","request_id":"6589f21cb2044736b19a555a4c1b73d4","responsebytes":2030,"resultcount":4}
request_id=6589f21cb2044736b19a555a4c1b73d4 route=/v1/places status=200 duration_ms=15.2
{"genid":"5eb4e43d9456b96a68ee44ffb7a58fe9137ed16bf40a670cf513c34564e44249","outcome":"success","request_id":"52741b419c104ac8bc6adede826f6973","resultcount":10,"search_ms":4.718}
request_id=52741b419c104ac8bc6adede826f6973 route=/v1/places status=200 duration_ms=6.0
{"genid":"5eb4e43d9456b96a68ee44ffb7a58fe9137ed16bf40a670cf513c34564e44249","outcome":"success","request_id":"1a98da2f40b144928865fead5814ab54","resultcount":10,"search_ms":10.208}
{"backend_ms":12.179,"genid":"5eb4e43d9456b96a68ee44ffb7a58fe9137ed16bf40a670cf513c34564e44249","normalize_ms":0.405,"outcome":"success","request_id":"1a98da2f40b144928865fead5814ab54","responsebytes":2218,"resultcount":5}
{"backend_ms":12.301,"genid":"5eb4e43d9456b96a68ee44ffb7a58fe9137ed16bf40a670cf513c34564e44249","normalize_ms":0.306,"outcome":"success","request_id":"1a98da2f40b144928865fead5814ab54","responsebytes":5834,"resultcount":10}
request_id=1a98da2f40b144928865fead5814ab54 route=/v1/places status=200 duration_ms=14.8
{"backend_ms":69.116,"genid":"5eb4e43d9456b96a68ee44ffb7a58fe9137ed16bf40a670cf513c34564e44249","normalize_ms":0.307,"outcome":"success","request_id":"5017d679501c44eb81a4da4b36d9a624","responsebytes":5598,"resultcount":10}
request_id=5017d679501c44eb81a4da4b36d9a624 route=/v1/places status=200 duration_ms=70.4
{"backend_ms":3.532,"genid":"5eb4e43d9456b96a68ee44ffb7a58fe9137ed16bf40a670cf513c34564e44249","normalize_ms":0.288,"outcome":"success","request_id":"9f0c3958d20d4aebb2cfcae5ca1410e4","responsebytes":5590,"resultcount":10}
request_id=9f0c3958d20d4aebb2cfcae5ca1410e4 route=/v1/places status=200 duration_ms=4.7
{"backend_ms":5.28,"genid":"5eb4e43d9456b96a68ee44ffb7a58fe9137ed16bf40a670cf513c34564e44249","normalize_ms":0.417,"outcome":"success","request_id":"868ad22977be445288f3a213edc09df6","responsebytes":5246,"resultcount":10}
request_id=868ad22977be445288f3a213edc09df6 route=/v1/places status=200 duration_ms=6.8
{"backend_ms":10.583,"genid":"5eb4e43d9456b96a68ee44ffb7a58fe9137ed16bf40a670cf513c34564e44249","normalize_ms":0.319,"outcome":"success","request_id":"43f0991db7f941609426c83245f92ac8","responsebytes":6600,"resultcount":10}
request_id=43f0991db7f941609426c83245f92ac8 route=/v1/places status=200 duration_ms=11.9
{"backend_ms":10.259,"genid":"5eb4e43d9456b96a68ee44ffb7a58fe9137ed16bf40a670cf513c34564e44249","normalize_ms":0.314,"outcome":"success","request_id":"b85ac94e68704f0b88e6fc83161d7714","responsebytes":5887,"resultcount":10}
request_id=b85ac94e68704f0b88e6fc83161d7714 route=/v1/places status=200 duration_ms=11.6
{"genid":"5eb4e43d9456b96a68ee44ffb7a58fe9137ed16bf40a670cf513c34564e44249","outcome":"success","request_id":"27b072a3932d49d6b0d7665fb9b57ab1","resultcount":9,"search_ms":5.117}
request_id=27b072a3932d49d6b0d7665fb9b57ab1 route=/v1/places status=200 duration_ms=6.3
{"genid":"5eb4e43d9456b96a68ee44ffb7a58fe9137ed16bf40a670cf513c34564e44249","outcome":"success","request_id":"b98a23a4ca45405c8b1d8a1c1b2a4bfd","resultcount":5,"search_ms":4.997}
request_id=b98a23a4ca45405c8b1d8a1c1b2a4bfd route=/v1/places status=200 duration_ms=5.9
{"backend_ms":4.497,"genid":"5eb4e43d9456b96a68ee44ffb7a58fe9137ed16bf40a670cf513c34564e44249","normalize_ms":0.34,"outcome":"success","request_id":"fb41f02d09774858b17c856a165fc25e","responsebytes":5809,"resultcount":10}
request_id=fb41f02d09774858b17c856a165fc25e route=/v1/places status=200 duration_ms=5.7
{"backend_ms":3.552,"genid":"5eb4e43d9456b96a68ee44ffb7a58fe9137ed16bf40a670cf513c34564e44249","normalize_ms":0.295,"outcome":"success","request_id":"d688a53ad6574afebd6b2cc9930e51c4","responsebytes":5834,"resultcount":10}
request_id=d688a53ad6574afebd6b2cc9930e51c4 route=/v1/places status=200 duration_ms=4.7
{"backend_ms":39.42,"genid":"5eb4e43d9456b96a68ee44ffb7a58fe9137ed16bf40a670cf513c34564e44249","normalize_ms":0.326,"outcome":"success","request_id":"34aa76f4572b4d5ba0d57a2f0b15c64d","responsebytes":6327,"resultcount":10}
request_id=34aa76f4572b4d5ba0d57a2f0b15c64d route=/v1/places status=200 duration_ms=40.7
{"backend_ms":3.177,"genid":"5eb4e43d9456b96a68ee44ffb7a58fe9137ed16bf40a670cf513c34564e44249","normalize_ms":0.293,"outcome":"success","request_id":"7734fe334b434bcb9fcd95bf0f501cbd","responsebytes":5528,"resultcount":10}
request_id=7734fe334b434bcb9fcd95bf0f501cbd route=/v1/places status=200 duration_ms=4.3
{"backend_ms":3.058,"genid":"5eb4e43d9456b96a68ee44ffb7a58fe9137ed16bf40a670cf513c34564e44249","normalize_ms":0.274,"outcome":"success","request_id":"a41c119db1ef4e7cbd018a23d1972a29","responsebytes":4458,"resultcount":10}
request_id=a41c119db1ef4e7cbd018a23d1972a29 route=/v1/places status=200 duration_ms=4.1
{"genid":"5eb4e43d9456b96a68ee44ffb7a58fe9137ed16bf40a670cf513c34564e44249","outcome":"success","request_id":"40b026baf5014a9a91b84493df42b7e1","resultcount":5,"search_ms":5.232}
request_id=40b026baf5014a9a91b84493df42b7e1 route=/v1/places status=200 duration_ms=6.2
{"genid":"5eb4e43d9456b96a68ee44ffb7a58fe9137ed16bf40a670cf513c34564e44249","outcome":"success","request_id":"9dba100a9e3444af88061f9a62c3f5e2","resultcount":1,"search_ms":2.962}
request_id=9dba100a9e3444af88061f9a62c3f5e2 route=/v1/places status=200 duration_ms=3.6
{"backend_ms":3.604,"genid":"5eb4e43d9456b96a68ee44ffb7a58fe9137ed16bf40a670cf513c34564e44249","normalize_ms":0.189,"outcome":"success","request_id":"7222cc592dd845eeae50c606e17f0aa6","responsebytes":3306,"resultcount":5}
request_id=7222cc592dd845eeae50c606e17f0aa6 route=/v1/places status=200 duration_ms=4.4
{"backend_ms":3.384,"genid":"5eb4e43d9456b96a68ee44ffb7a58fe9137ed16bf40a670cf513c34564e44249","normalize_ms":0.295,"outcome":"success","request_id":"37ca1a79533c4d98ba6ed3544b832cbc","responsebytes":5517,"resultcount":10}
request_id=37ca1a79533c4d98ba6ed3544b832cbc route=/v1/places status=200 duration_ms=4.5
{"backend_ms":3.486,"genid":"5eb4e43d9456b96a68ee44ffb7a58fe9137ed16bf40a670cf513c34564e44249","normalize_ms":0.417,"outcome":"success","request_id":"aaeaf4f9b9624a108b1221d569c550ea","responsebytes":5782,"resultcount":10}
request_id=aaeaf4f9b9624a108b1221d569c550ea route=/v1/places status=200 duration_ms=4.8
{"backend_ms":3.134,"genid":"5eb4e43d9456b96a68ee44ffb7a58fe9137ed16bf40a670cf513c34564e44249","normalize_ms":0.3,"outcome":"success","request_id":"da04bd08776641b596873cda7605fbbf","responsebytes":5662,"resultcount":10}
request_id=da04bd08776641b596873cda7605fbbf route=/v1/places status=200 duration_ms=4.3
{"genid":"5eb4e43d9456b96a68ee44ffb7a58fe9137ed16bf40a670cf513c34564e44249","outcome":"success","request_id":"94d4f4f4cee34ee99c4ddd580b3813bf","resultcount":10,"search_ms":9.558}
{"backend_ms":10.631,"genid":"5eb4e43d9456b96a68ee44ffb7a58fe9137ed16bf40a670cf513c34564e44249","normalize_ms":0.347,"outcome":"success","request_id":"94d4f4f4cee34ee99c4ddd580b3813bf","responsebytes":6667,"resultcount":10}
{"backend_ms":12.731,"genid":"5eb4e43d9456b96a68ee44ffb7a58fe9137ed16bf40a670cf513c34564e44249","normalize_ms":0.555,"outcome":"success","request_id":"94d4f4f4cee34ee99c4ddd580b3813bf","responsebytes":3460,"resultcount":8}
request_id=94d4f4f4cee34ee99c4ddd580b3813bf route=/v1/places status=200 duration_ms=14.4
{"backend_ms":9.662,"genid":"5eb4e43d9456b96a68ee44ffb7a58fe9137ed16bf40a670cf513c34564e44249","normalize_ms":0.32,"outcome":"success","request_id":"27766b79a44b46609b23a52eb532d78a","responsebytes":5761,"resultcount":10}
request_id=27766b79a44b46609b23a52eb532d78a route=/v1/places status=200 duration_ms=10.9
{"backend_ms":9.138,"genid":"5eb4e43d9456b96a68ee44ffb7a58fe9137ed16bf40a670cf513c34564e44249","normalize_ms":0.36,"outcome":"success","request_id":"85de611ff39a4e0c8e591b69a22b1aa4","responsebytes":1349,"resultcount":4}
request_id=85de611ff39a4e0c8e591b69a22b1aa4 route=/v1/places status=200 duration_ms=10.4
{"backend_ms":3.127,"genid":"5eb4e43d9456b96a68ee44ffb7a58fe9137ed16bf40a670cf513c34564e44249","normalize_ms":0.161,"outcome":"success","request_id":"88893760a8c44a9bbeec88a83769f5eb","responsebytes":2273,"resultcount":4}
request_id=88893760a8c44a9bbeec88a83769f5eb route=/v1/places status=200 duration_ms=4.0
{"backend_ms":10.213,"genid":"5eb4e43d9456b96a68ee44ffb7a58fe9137ed16bf40a670cf513c34564e44249","normalize_ms":0.324,"outcome":"success","request_id":"f920465ae3184a71b054d241ae2094e9","responsebytes":6508,"resultcount":10}
request_id=f920465ae3184a71b054d241ae2094e9 route=/v1/places status=200 duration_ms=11.4
{"backend_ms":10.263,"genid":"5eb4e43d9456b96a68ee44ffb7a58fe9137ed16bf40a670cf513c34564e44249","normalize_ms":0.346,"outcome":"success","request_id":"7bc9534bc6aa4501beb54c022231314c","responsebytes":6062,"resultcount":10}
request_id=7bc9534bc6aa4501beb54c022231314c route=/v1/places status=200 duration_ms=11.6
{"genid":"5eb4e43d9456b96a68ee44ffb7a58fe9137ed16bf40a670cf513c34564e44249","outcome":"success","request_id":"30eb598c80584d2d8be50487c2eeaffb","resultcount":10,"search_ms":8.496}
{"backend_ms":10.624,"genid":"5eb4e43d9456b96a68ee44ffb7a58fe9137ed16bf40a670cf513c34564e44249","normalize_ms":0.39,"outcome":"success","request_id":"30eb598c80584d2d8be50487c2eeaffb","responsebytes":1826,"resultcount":5}
{"backend_ms":10.839,"genid":"5eb4e43d9456b96a68ee44ffb7a58fe9137ed16bf40a670cf513c34564e44249","normalize_ms":0.291,"outcome":"success","request_id":"30eb598c80584d2d8be50487c2eeaffb","responsebytes":6320,"resultcount":10}
request_id=30eb598c80584d2d8be50487c2eeaffb route=/v1/places status=200 duration_ms=13.0
{"backend_ms":27.123,"genid":"5eb4e43d9456b96a68ee44ffb7a58fe9137ed16bf40a670cf513c34564e44249","normalize_ms":0.18,"outcome":"success","request_id":"0be804bd9dd94ae9abbb2614e754cb3a","responsebytes":501,"resultcount":1}
request_id=0be804bd9dd94ae9abbb2614e754cb3a route=/v1/places status=200 duration_ms=28.0
{"backend_ms":3.522,"genid":"5eb4e43d9456b96a68ee44ffb7a58fe9137ed16bf40a670cf513c34564e44249","normalize_ms":0.318,"outcome":"success","request_id":"31cb879f9d3b411ba1c2199f56b8fb50","responsebytes":6929,"resultcount":10}
request_id=31cb879f9d3b411ba1c2199f56b8fb50 route=/v1/places status=200 duration_ms=4.8
{"backend_ms":9.389,"genid":"5eb4e43d9456b96a68ee44ffb7a58fe9137ed16bf40a670cf513c34564e44249","normalize_ms":0.362,"outcome":"success","request_id":"e811350f80c14d1190837bbfd281364d","responsebytes":829,"resultcount":2}
request_id=e811350f80c14d1190837bbfd281364d route=/v1/places status=200 duration_ms=10.5
{"backend_ms":3.479,"genid":"5eb4e43d9456b96a68ee44ffb7a58fe9137ed16bf40a670cf513c34564e44249","normalize_ms":0.32,"outcome":"success","request_id":"9b9cba1a3694479f996f9b8b3d1bcc47","responsebytes":5285,"resultcount":10}
request_id=9b9cba1a3694479f996f9b8b3d1bcc47 route=/v1/places status=200 duration_ms=4.6
{"genid":"5eb4e43d9456b96a68ee44ffb7a58fe9137ed16bf40a670cf513c34564e44249","outcome":"success","request_id":"eac85e602f5e43e2b7381c6d0e5b28da","resultcount":3,"search_ms":2.28}
request_id=eac85e602f5e43e2b7381c6d0e5b28da route=/v1/places status=200 duration_ms=3.1
{"backend_ms":5.382,"genid":"5eb4e43d9456b96a68ee44ffb7a58fe9137ed16bf40a670cf513c34564e44249","normalize_ms":0.325,"outcome":"success","request_id":"cfbb5af2eab5476ebd31b7021122b486","responsebytes":5786,"resultcount":10}
{"genid":"5eb4e43d9456b96a68ee44ffb7a58fe9137ed16bf40a670cf513c34564e44249","outcome":"success","request_id":"cfbb5af2eab5476ebd31b7021122b486","resultcount":10,"search_ms":11.175}
{"backend_ms":12.819,"genid":"5eb4e43d9456b96a68ee44ffb7a58fe9137ed16bf40a670cf513c34564e44249","normalize_ms":0.237,"outcome":"success","request_id":"cfbb5af2eab5476ebd31b7021122b486","responsebytes":919,"resultcount":2}
request_id=cfbb5af2eab5476ebd31b7021122b486 route=/v1/places status=200 duration_ms=14.1
{"backend_ms":3.792,"genid":"5eb4e43d9456b96a68ee44ffb7a58fe9137ed16bf40a670cf513c34564e44249","normalize_ms":0.329,"outcome":"success","request_id":"ebe679820dbf42d1952c8c64bffd2fbc","responsebytes":5790,"resultcount":10}
request_id=ebe679820dbf42d1952c8c64bffd2fbc route=/v1/places status=200 duration_ms=5.0
{"genid":"5eb4e43d9456b96a68ee44ffb7a58fe9137ed16bf40a670cf513c34564e44249","outcome":"success","request_id":"97d160e8b1704f4cac179429223619dd","resultcount":10,"search_ms":8.585}
{"backend_ms":11.078,"genid":"5eb4e43d9456b96a68ee44ffb7a58fe9137ed16bf40a670cf513c34564e44249","normalize_ms":0.336,"outcome":"success","request_id":"97d160e8b1704f4cac179429223619dd","responsebytes":6019,"resultcount":10}
{"backend_ms":18.21,"genid":"5eb4e43d9456b96a68ee44ffb7a58fe9137ed16bf40a670cf513c34564e44249","normalize_ms":0.495,"outcome":"success","request_id":"97d160e8b1704f4cac179429223619dd","responsebytes":1998,"resultcount":5}
request_id=97d160e8b1704f4cac179429223619dd route=/v1/places status=200 duration_ms=19.8
{"backend_ms":9.321,"genid":"5eb4e43d9456b96a68ee44ffb7a58fe9137ed16bf40a670cf513c34564e44249","normalize_ms":0.191,"outcome":"success","request_id":"776c724c98b0485c835dd99edea7bb56","responsebytes":371,"resultcount":1}
request_id=776c724c98b0485c835dd99edea7bb56 route=/v1/places status=200 duration_ms=10.3
{"backend_ms":3.417,"genid":"5eb4e43d9456b96a68ee44ffb7a58fe9137ed16bf40a670cf513c34564e44249","normalize_ms":0.365,"outcome":"success","request_id":"e988551de9d946d098eabe8bc323ec00","responsebytes":5786,"resultcount":10}
request_id=e988551de9d946d098eabe8bc323ec00 route=/v1/places status=200 duration_ms=4.7
{"genid":"5eb4e43d9456b96a68ee44ffb7a58fe9137ed16bf40a670cf513c34564e44249","outcome":"success","request_id":"514d342b46df4922ab0c71cd378aa00b","resultcount":2,"search_ms":4.915}
request_id=514d342b46df4922ab0c71cd378aa00b route=/v1/places status=200 duration_ms=5.9
{"genid":"5eb4e43d9456b96a68ee44ffb7a58fe9137ed16bf40a670cf513c34564e44249","outcome":"validempty","request_id":"440fe919553b4013b59fda2594354821","resultcount":0,"search_ms":1.472}
{"backend_ms":5.062,"genid":"5eb4e43d9456b96a68ee44ffb7a58fe9137ed16bf40a670cf513c34564e44249","normalize_ms":0.493,"outcome":"success","request_id":"440fe919553b4013b59fda2594354821","responsebytes":5819,"resultcount":10}
{"backend_ms":12.756,"genid":"5eb4e43d9456b96a68ee44ffb7a58fe9137ed16bf40a670cf513c34564e44249","normalize_ms":0.016,"outcome":"validempty","request_id":"440fe919553b4013b59fda2594354821","responsebytes":42,"resultcount":0}
request_id=440fe919553b4013b59fda2594354821 route=/v1/places status=200 duration_ms=13.8
{"backend_ms":3.695,"genid":"5eb4e43d9456b96a68ee44ffb7a58fe9137ed16bf40a670cf513c34564e44249","normalize_ms":0.326,"outcome":"success","request_id":"9748bd0fd2e746cf92dd35f0cf5b783a","responsebytes":5734,"resultcount":10}
request_id=9748bd0fd2e746cf92dd35f0cf5b783a route=/v1/places status=200 duration_ms=5.1
{"backend_ms":11.357,"genid":"5eb4e43d9456b96a68ee44ffb7a58fe9137ed16bf40a670cf513c34564e44249","normalize_ms":1.068,"outcome":"success","request_id":"acacd9a023c44e539609218179543fa1","responsebytes":5697,"resultcount":10}
{"backend_ms":18.44,"genid":"5eb4e43d9456b96a68ee44ffb7a58fe9137ed16bf40a670cf513c34564e44249","normalize_ms":0.017,"outcome":"validempty","request_id":"acacd9a023c44e539609218179543fa1","responsebytes":42,"resultcount":0}
{"genid":"5eb4e43d9456b96a68ee44ffb7a58fe9137ed16bf40a670cf513c34564e44249","outcome":"success","request_id":"acacd9a023c44e539609218179543fa1","resultcount":10,"search_ms":23.455}
request_id=acacd9a023c44e539609218179543fa1 route=/v1/places status=200 duration_ms=25.0
{"backend_ms":3.434,"genid":"5eb4e43d9456b96a68ee44ffb7a58fe9137ed16bf40a670cf513c34564e44249","normalize_ms":0.118,"outcome":"success","request_id":"1b251edf3458425dbc0227d544a51398","responsebytes":1128,"resultcount":2}
request_id=1b251edf3458425dbc0227d544a51398 route=/v1/places status=200 duration_ms=4.2
{"backend_ms":5.664,"genid":"5eb4e43d9456b96a68ee44ffb7a58fe9137ed16bf40a670cf513c34564e44249","normalize_ms":0.317,"outcome":"success","request_id":"6f61ebf5b22a4e04b1aa3778fd147a7f","responsebytes":5883,"resultcount":10}
request_id=6f61ebf5b22a4e04b1aa3778fd147a7f route=/v1/places status=200 duration_ms=6.9
{"backend_ms":4.218,"genid":"5eb4e43d9456b96a68ee44ffb7a58fe9137ed16bf40a670cf513c34564e44249","normalize_ms":0.334,"outcome":"success","request_id":"1c95bb7132ce49a9aa4118b97f01a2a7","responsebytes":5594,"resultcount":10}
request_id=1c95bb7132ce49a9aa4118b97f01a2a7 route=/v1/places status=200 duration_ms=5.5
{"backend_ms":3.67,"genid":"5eb4e43d9456b96a68ee44ffb7a58fe9137ed16bf40a670cf513c34564e44249","normalize_ms":0.339,"outcome":"success","request_id":"28f90558bfd042a288525a20d41b6448","responsebytes":5742,"resultcount":10}
request_id=28f90558bfd042a288525a20d41b6448 route=/v1/places status=200 duration_ms=4.9
{"backend_ms":3.371,"genid":"5eb4e43d9456b96a68ee44ffb7a58fe9137ed16bf40a670cf513c34564e44249","normalize_ms":0.313,"outcome":"success","request_id":"e08f40a30590469f9f6cde1f12340df1","responsebytes":6771,"resultcount":10}
request_id=e08f40a30590469f9f6cde1f12340df1 route=/v1/places status=200 duration_ms=4.5
{"genid":"5eb4e43d9456b96a68ee44ffb7a58fe9137ed16bf40a670cf513c34564e44249","outcome":"success","request_id":"6194248b80bc4987ae989af4deee4b51","resultcount":10,"search_ms":11.835}
request_id=6194248b80bc4987ae989af4deee4b51 route=/v1/places status=200 duration_ms=12.9
{"backend_ms":8.21,"genid":"5eb4e43d9456b96a68ee44ffb7a58fe9137ed16bf40a670cf513c34564e44249","normalize_ms":0.179,"outcome":"success","request_id":"539b333fee684747a60bb49657d7f6da","responsebytes":516,"resultcount":1}
request_id=539b333fee684747a60bb49657d7f6da route=/v1/places status=200 duration_ms=9.1
{"backend_ms":7.616,"genid":"5eb4e43d9456b96a68ee44ffb7a58fe9137ed16bf40a670cf513c34564e44249","normalize_ms":0.237,"outcome":"success","request_id":"3940761347664f55a6dfd5c68ed18300","responsebytes":878,"resultcount":2}
request_id=3940761347664f55a6dfd5c68ed18300 route=/v1/places status=200 duration_ms=8.6
{"backend_ms":4.046,"genid":"5eb4e43d9456b96a68ee44ffb7a58fe9137ed16bf40a670cf513c34564e44249","normalize_ms":0.333,"outcome":"success","request_id":"b6025481767d4132966fe625d05dbfba","responsebytes":6291,"resultcount":10}
request_id=b6025481767d4132966fe625d05dbfba route=/v1/places status=200 duration_ms=5.2
{"genid":"5eb4e43d9456b96a68ee44ffb7a58fe9137ed16bf40a670cf513c34564e44249","outcome":"success","request_id":"92d0301a8b5141b581a1fd3dfeaef261","resultcount":2,"search_ms":5.92}
request_id=92d0301a8b5141b581a1fd3dfeaef261 route=/v1/places status=200 duration_ms=6.8
{"backend_ms":4.008,"genid":"5eb4e43d9456b96a68ee44ffb7a58fe9137ed16bf40a670cf513c34564e44249","normalize_ms":0.317,"outcome":"success","request_id":"860c9f2d0341465b84845b15e3543f21","responsebytes":6246,"resultcount":10}
request_id=860c9f2d0341465b84845b15e3543f21 route=/v1/places status=200 duration_ms=5.3
{"backend_ms":3.503,"genid":"5eb4e43d9456b96a68ee44ffb7a58fe9137ed16bf40a670cf513c34564e44249","normalize_ms":0.302,"outcome":"success","request_id":"281d46d79905449191a9aad3858f3e29","responsebytes":5099,"resultcount":10}
request_id=281d46d79905449191a9aad3858f3e29 route=/v1/places status=200 duration_ms=4.7
{"backend_ms":11.53,"genid":"5eb4e43d9456b96a68ee44ffb7a58fe9137ed16bf40a670cf513c34564e44249","normalize_ms":0.346,"outcome":"success","request_id":"fe52e5a6c0754f55835e3db893457efa","responsebytes":6140,"resultcount":10}
request_id=fe52e5a6c0754f55835e3db893457efa route=/v1/places status=200 duration_ms=12.9
{"backend_ms":3.932,"genid":"5eb4e43d9456b96a68ee44ffb7a58fe9137ed16bf40a670cf513c34564e44249","normalize_ms":0.304,"outcome":"success","request_id":"2f54e5229bb1448f947558c0bc61858d","responsebytes":5361,"resultcount":10}
request_id=2f54e5229bb1448f947558c0bc61858d route=/v1/places status=200 duration_ms=5.2
{"backend_ms":4.816,"genid":"5eb4e43d9456b96a68ee44ffb7a58fe9137ed16bf40a670cf513c34564e44249","normalize_ms":0.61,"outcome":"success","request_id":"ecc6d379dfcd4aaead7015febd75f721","responsebytes":5814,"resultcount":10}
request_id=ecc6d379dfcd4aaead7015febd75f721 route=/v1/places status=200 duration_ms=6.6
{"backend_ms":8.989,"genid":"5eb4e43d9456b96a68ee44ffb7a58fe9137ed16bf40a670cf513c34564e44249","normalize_ms":0.185,"outcome":"success","request_id":"24cee74d93e24b519ec3bf8eee0472c1","responsebytes":462,"resultcount":1}
request_id=24cee74d93e24b519ec3bf8eee0472c1 route=/v1/places status=200 duration_ms=9.9
{"backend_ms":9.004,"genid":"5eb4e43d9456b96a68ee44ffb7a58fe9137ed16bf40a670cf513c34564e44249","normalize_ms":0.178,"outcome":"success","request_id":"4b9ec804df3b4492b69c4aa2159e3f8b","responsebytes":377,"resultcount":1}
request_id=4b9ec804df3b4492b69c4aa2159e3f8b route=/v1/places status=200 duration_ms=10.0
{"backend_ms":12.353,"genid":"5eb4e43d9456b96a68ee44ffb7a58fe9137ed16bf40a670cf513c34564e44249","normalize_ms":0.184,"outcome":"success","request_id":"34257f2511a84300a9117f30f64a613e","responsebytes":368,"resultcount":1}
request_id=34257f2511a84300a9117f30f64a613e route=/v1/places status=200 duration_ms=13.3
{"backend_ms":5.784,"genid":"5eb4e43d9456b96a68ee44ffb7a58fe9137ed16bf40a670cf513c34564e44249","normalize_ms":0.335,"outcome":"success","request_id":"c03742a439494aaa8915eff96704f90b","responsebytes":5789,"resultcount":10}
{"genid":"5eb4e43d9456b96a68ee44ffb7a58fe9137ed16bf40a670cf513c34564e44249","outcome":"validempty","request_id":"c03742a439494aaa8915eff96704f90b","resultcount":0,"search_ms":8.234}
{"backend_ms":24.75,"genid":"5eb4e43d9456b96a68ee44ffb7a58fe9137ed16bf40a670cf513c34564e44249","normalize_ms":0.505,"outcome":"success","request_id":"c03742a439494aaa8915eff96704f90b","responsebytes":2708,"resultcount":6}
request_id=c03742a439494aaa8915eff96704f90b route=/v1/places status=200 duration_ms=26.4
{"backend_ms":57.352,"genid":"5eb4e43d9456b96a68ee44ffb7a58fe9137ed16bf40a670cf513c34564e44249","normalize_ms":0.366,"outcome":"success","request_id":"150832200c50490fad03b19b2e2c120e","responsebytes":7488,"resultcount":10}
request_id=150832200c50490fad03b19b2e2c120e route=/v1/places status=200 duration_ms=58.8
{"backend_ms":9.916,"genid":"5eb4e43d9456b96a68ee44ffb7a58fe9137ed16bf40a670cf513c34564e44249","normalize_ms":0.314,"outcome":"success","request_id":"93e3bdf9517749ff817b9dbebb8b2356","responsebytes":927,"resultcount":2}
request_id=93e3bdf9517749ff817b9dbebb8b2356 route=/v1/places status=200 duration_ms=11.1
{"backend_ms":8.511,"genid":"5eb4e43d9456b96a68ee44ffb7a58fe9137ed16bf40a670cf513c34564e44249","normalize_ms":0.257,"outcome":"success","request_id":"b6f30ef5a8d8430897e5277a0013b4a4","responsebytes":735,"resultcount":2}
request_id=b6f30ef5a8d8430897e5277a0013b4a4 route=/v1/places status=200 duration_ms=9.7
{"backend_ms":3.413,"genid":"5eb4e43d9456b96a68ee44ffb7a58fe9137ed16bf40a670cf513c34564e44249","normalize_ms":0.297,"outcome":"success","request_id":"bf52c95fd0c74d968489cec599314572","responsebytes":5668,"resultcount":10}
request_id=bf52c95fd0c74d968489cec599314572 route=/v1/places status=200 duration_ms=4.6
{"backend_ms":3.929,"genid":"5eb4e43d9456b96a68ee44ffb7a58fe9137ed16bf40a670cf513c34564e44249","normalize_ms":0.306,"outcome":"success","request_id":"392ae791a3c84e34824e117f1f8504ee","responsebytes":5485,"resultcount":10}
request_id=392ae791a3c84e34824e117f1f8504ee route=/v1/places status=200 duration_ms=5.1
{"backend_ms":4.112,"genid":"5eb4e43d9456b96a68ee44ffb7a58fe9137ed16bf40a670cf513c34564e44249","normalize_ms":0.303,"outcome":"success","request_id":"999cf0f94b40451ba454bc271d08207c","responsebytes":4996,"resultcount":10}
request_id=999cf0f94b40451ba454bc271d08207c route=/v1/places status=200 duration_ms=5.3
{"backend_ms":58.24,"genid":"5eb4e43d9456b96a68ee44ffb7a58fe9137ed16bf40a670cf513c34564e44249","normalize_ms":0.555,"outcome":"success","request_id":"468993637fe540759133e16890b41dd4","responsebytes":6413,"resultcount":10}
request_id=468993637fe540759133e16890b41dd4 route=/v1/places status=200 duration_ms=59.8
{"backend_ms":21.539,"genid":"5eb4e43d9456b96a68ee44ffb7a58fe9137ed16bf40a670cf513c34564e44249","normalize_ms":0.308,"outcome":"success","request_id":"4e8e4bdfb96649ac85c534884e4940fd","responsebytes":5940,"resultcount":10}
request_id=4e8e4bdfb96649ac85c534884e4940fd route=/v1/places status=200 duration_ms=22.9
{"backend_ms":4.215,"genid":"5eb4e43d9456b96a68ee44ffb7a58fe9137ed16bf40a670cf513c34564e44249","normalize_ms":0.31,"outcome":"success","request_id":"52f42f6e3fb24a6c89490a5e6d215b38","responsebytes":5913,"resultcount":10}
request_id=52f42f6e3fb24a6c89490a5e6d215b38 route=/v1/places status=200 duration_ms=5.4
{"backend_ms":10.336,"genid":"5eb4e43d9456b96a68ee44ffb7a58fe9137ed16bf40a670cf513c34564e44249","normalize_ms":0.343,"outcome":"success","request_id":"5dc1fea19bfb4ef1861ed68bc9be1522","responsebytes":5792,"resultcount":10}
request_id=5dc1fea19bfb4ef1861ed68bc9be1522 route=/v1/places status=200 duration_ms=11.7
{"backend_ms":3.445,"genid":"5eb4e43d9456b96a68ee44ffb7a58fe9137ed16bf40a670cf513c34564e44249","normalize_ms":0.087,"outcome":"success","request_id":"1fa9754770414957bb3d0a7a3083ed72","responsebytes":558,"resultcount":1}
request_id=1fa9754770414957bb3d0a7a3083ed72 route=/v1/places status=200 duration_ms=4.3
{"backend_ms":10.173,"genid":"5eb4e43d9456b96a68ee44ffb7a58fe9137ed16bf40a670cf513c34564e44249","normalize_ms":0.308,"outcome":"success","request_id":"e1cbaa22e2314db2826f651da53a2539","responsebytes":6080,"resultcount":10}
request_id=e1cbaa22e2314db2826f651da53a2539 route=/v1/places status=200 duration_ms=11.4
{"backend_ms":5.799,"genid":"5eb4e43d9456b96a68ee44ffb7a58fe9137ed16bf40a670cf513c34564e44249","normalize_ms":0.301,"outcome":"success","request_id":"e5c6c447de2d4c10b1b3c7b460d15148","responsebytes":5018,"resultcount":10}
request_id=e5c6c447de2d4c10b1b3c7b460d15148 route=/v1/places status=200 duration_ms=7.1
{"genid":"5eb4e43d9456b96a68ee44ffb7a58fe9137ed16bf40a670cf513c34564e44249","outcome":"success","request_id":"c517f027b82d4a0184e12ae2ea8c6f14","resultcount":5,"search_ms":4.374}
request_id=c517f027b82d4a0184e12ae2ea8c6f14 route=/v1/places status=200 duration_ms=5.3
{"backend_ms":5.936,"genid":"5eb4e43d9456b96a68ee44ffb7a58fe9137ed16bf40a670cf513c34564e44249","normalize_ms":0.398,"outcome":"success","request_id":"4da15856ed5c405995ab8704c8bcbaa5","responsebytes":7506,"resultcount":10}
request_id=4da15856ed5c405995ab8704c8bcbaa5 route=/v1/places status=200 duration_ms=7.3
{"backend_ms":4.487,"genid":"5eb4e43d9456b96a68ee44ffb7a58fe9137ed16bf40a670cf513c34564e44249","normalize_ms":0.259,"outcome":"success","request_id":"a520e2d9bf0045ddae35fc92681f8348","responsebytes":4049,"resultcount":8}
request_id=a520e2d9bf0045ddae35fc92681f8348 route=/v1/places status=200 duration_ms=5.5
{"backend_ms":8.798,"genid":"5eb4e43d9456b96a68ee44ffb7a58fe9137ed16bf40a670cf513c34564e44249","normalize_ms":0.379,"outcome":"success","request_id":"69eb2d70a0ee4e93815f9e3e4961899e","responsebytes":6197,"resultcount":10}
request_id=69eb2d70a0ee4e93815f9e3e4961899e route=/v1/places status=200 duration_ms=10.1
{"genid":"5eb4e43d9456b96a68ee44ffb7a58fe9137ed16bf40a670cf513c34564e44249","outcome":"success","request_id":"3c32040d3c1640e089a34a439ba1e356","resultcount":10,"search_ms":2.951}
{"backend_ms":5.712,"genid":"5eb4e43d9456b96a68ee44ffb7a58fe9137ed16bf40a670cf513c34564e44249","normalize_ms":0.312,"outcome":"success","request_id":"3c32040d3c1640e089a34a439ba1e356","responsebytes":5478,"resultcount":10}
{"backend_ms":14.453,"genid":"5eb4e43d9456b96a68ee44ffb7a58fe9137ed16bf40a670cf513c34564e44249","normalize_ms":0.445,"outcome":"success","request_id":"3c32040d3c1640e089a34a439ba1e356","responsebytes":2645,"resultcount":6}
request_id=3c32040d3c1640e089a34a439ba1e356 route=/v1/places status=200 duration_ms=16.3
{"backend_ms":4.652,"genid":"5eb4e43d9456b96a68ee44ffb7a58fe9137ed16bf40a670cf513c34564e44249","normalize_ms":0.367,"outcome":"success","request_id":"8e7746b178424fda97e764140d70ccab","responsebytes":6542,"resultcount":10}
request_id=8e7746b178424fda97e764140d70ccab route=/v1/places status=200 duration_ms=6.0
{"backend_ms":8.086,"genid":"5eb4e43d9456b96a68ee44ffb7a58fe9137ed16bf40a670cf513c34564e44249","normalize_ms":0.187,"outcome":"success","request_id":"cc59c90ad0ea457f9441e174b28a36f9","responsebytes":352,"resultcount":1}
request_id=cc59c90ad0ea457f9441e174b28a36f9 route=/v1/places status=200 duration_ms=9.0
{"backend_ms":3.722,"genid":"5eb4e43d9456b96a68ee44ffb7a58fe9137ed16bf40a670cf513c34564e44249","normalize_ms":0.319,"outcome":"success","request_id":"986fb06d55f84d348c73c373c65e9927","responsebytes":4764,"resultcount":10}
request_id=986fb06d55f84d348c73c373c65e9927 route=/v1/places status=200 duration_ms=5.0
{"genid":"5eb4e43d9456b96a68ee44ffb7a58fe9137ed16bf40a670cf513c34564e44249","outcome":"success","request_id":"4725cb65b77b407a889cd070b0f316ae","resultcount":10,"search_ms":0.888}
{"backend_ms":3.888,"genid":"5eb4e43d9456b96a68ee44ffb7a58fe9137ed16bf40a670cf513c34564e44249","normalize_ms":0.329,"outcome":"success","request_id":"4725cb65b77b407a889cd070b0f316ae","responsebytes":5516,"resultcount":10}
{"backend_ms":19.751,"genid":"5eb4e43d9456b96a68ee44ffb7a58fe9137ed16bf40a670cf513c34564e44249","normalize_ms":0.243,"outcome":"success","request_id":"4725cb65b77b407a889cd070b0f316ae","responsebytes":482,"resultcount":1}
request_id=4725cb65b77b407a889cd070b0f316ae route=/v1/places status=200 duration_ms=21.5
{"genid":"5eb4e43d9456b96a68ee44ffb7a58fe9137ed16bf40a670cf513c34564e44249","outcome":"success","request_id":"cb6a4bfc50c144bda5ba310be4a4da3c","resultcount":10,"search_ms":17.477}
{"backend_ms":19.054,"genid":"5eb4e43d9456b96a68ee44ffb7a58fe9137ed16bf40a670cf513c34564e44249","normalize_ms":0.188,"outcome":"success","request_id":"cb6a4bfc50c144bda5ba310be4a4da3c","responsebytes":453,"resultcount":1}
{"backend_ms":18.826,"genid":"5eb4e43d9456b96a68ee44ffb7a58fe9137ed16bf40a670cf513c34564e44249","normalize_ms":0.343,"outcome":"success","request_id":"cb6a4bfc50c144bda5ba310be4a4da3c","responsebytes":5528,"resultcount":10}
request_id=cb6a4bfc50c144bda5ba310be4a4da3c route=/v1/places status=200 duration_ms=21.9
{"backend_ms":10.558,"genid":"5eb4e43d9456b96a68ee44ffb7a58fe9137ed16bf40a670cf513c34564e44249","normalize_ms":0.395,"outcome":"success","request_id":"d4c5b369f0d041a683c7b8b5982081b8","responsebytes":5766,"resultcount":10}
request_id=d4c5b369f0d041a683c7b8b5982081b8 route=/v1/places status=200 duration_ms=12.2
{"backend_ms":12.69,"genid":"5eb4e43d9456b96a68ee44ffb7a58fe9137ed16bf40a670cf513c34564e44249","normalize_ms":0.362,"outcome":"success","request_id":"762ef935faa24f2288f82d2330a1c959","responsebytes":5544,"resultcount":10}
request_id=762ef935faa24f2288f82d2330a1c959 route=/v1/places status=200 duration_ms=14.3
{"backend_ms":4.755,"genid":"5eb4e43d9456b96a68ee44ffb7a58fe9137ed16bf40a670cf513c34564e44249","normalize_ms":0.348,"outcome":"success","request_id":"c0549e5cbe2046fe8f94f8b83316dac9","responsebytes":5597,"resultcount":10}
request_id=c0549e5cbe2046fe8f94f8b83316dac9 route=/v1/places status=200 duration_ms=6.4
{"backend_ms":11.548,"genid":"5eb4e43d9456b96a68ee44ffb7a58fe9137ed16bf40a670cf513c34564e44249","normalize_ms":0.361,"outcome":"success","request_id":"55a1d0e1a67d474288a3a28a30a052c5","responsebytes":1000,"resultcount":3}
request_id=55a1d0e1a67d474288a3a28a30a052c5 route=/v1/places status=200 duration_ms=12.9
{"genid":"5eb4e43d9456b96a68ee44ffb7a58fe9137ed16bf40a670cf513c34564e44249","outcome":"success","request_id":"eba9c4200a5943a0b3df811342174f78","resultcount":6,"search_ms":0.842}
{"backend_ms":4.667,"genid":"5eb4e43d9456b96a68ee44ffb7a58fe9137ed16bf40a670cf513c34564e44249","normalize_ms":0.376,"outcome":"success","request_id":"eba9c4200a5943a0b3df811342174f78","responsebytes":5420,"resultcount":10}
{"backend_ms":21.249,"genid":"5eb4e43d9456b96a68ee44ffb7a58fe9137ed16bf40a670cf513c34564e44249","normalize_ms":0.573,"outcome":"success","request_id":"eba9c4200a5943a0b3df811342174f78","responsebytes":2679,"resultcount":7}
request_id=eba9c4200a5943a0b3df811342174f78 route=/v1/places status=200 duration_ms=23.1
{"backend_ms":3.818,"genid":"5eb4e43d9456b96a68ee44ffb7a58fe9137ed16bf40a670cf513c34564e44249","normalize_ms":0.351,"outcome":"success","request_id":"3052ae535c834182a5e83893382c47a8","responsebytes":4450,"resultcount":8}
request_id=3052ae535c834182a5e83893382c47a8 route=/v1/places status=200 duration_ms=5.2
{"genid":"5eb4e43d9456b96a68ee44ffb7a58fe9137ed16bf40a670cf513c34564e44249","outcome":"success","request_id":"e56d6853e9ee463a98ee24fddd91f3ed","resultcount":10,"search_ms":3.726}
request_id=e56d6853e9ee463a98ee24fddd91f3ed route=/v1/places status=200 duration_ms=5.0
{"genid":"5eb4e43d9456b96a68ee44ffb7a58fe9137ed16bf40a670cf513c34564e44249","outcome":"success","request_id":"57966b1d494241ae806f1ab795276136","resultcount":3,"search_ms":6.989}
request_id=57966b1d494241ae806f1ab795276136 route=/v1/places status=200 duration_ms=8.5
{"backend_ms":5.464,"genid":"5eb4e43d9456b96a68ee44ffb7a58fe9137ed16bf40a670cf513c34564e44249","normalize_ms":0.351,"outcome":"success","request_id":"68dda964f9b34db2bb2bcaa8e6d1aa9b","responsebytes":5227,"resultcount":10}
request_id=68dda964f9b34db2bb2bcaa8e6d1aa9b route=/v1/places status=200 duration_ms=7.0
{"backend_ms":4.589,"genid":"5eb4e43d9456b96a68ee44ffb7a58fe9137ed16bf40a670cf513c34564e44249","normalize_ms":0.35,"outcome":"success","request_id":"101201b6e78648a79ad8e9745589d04b","responsebytes":5116,"resultcount":10}
request_id=101201b6e78648a79ad8e9745589d04b route=/v1/places status=200 duration_ms=6.5
{"backend_ms":4.735,"genid":"5eb4e43d9456b96a68ee44ffb7a58fe9137ed16bf40a670cf513c34564e44249","normalize_ms":0.376,"outcome":"success","request_id":"62eea222d44042929496550ad93bd081","responsebytes":5789,"resultcount":10}
request_id=62eea222d44042929496550ad93bd081 route=/v1/places status=200 duration_ms=6.2
{"backend_ms":3.728,"genid":"5eb4e43d9456b96a68ee44ffb7a58fe9137ed16bf40a670cf513c34564e44249","normalize_ms":0.111,"outcome":"success","request_id":"f35f665bfd0b48a1bd154cae5bff4304","responsebytes":722,"resultcount":1}
request_id=f35f665bfd0b48a1bd154cae5bff4304 route=/v1/places status=200 duration_ms=4.6
{"backend_ms":50.612,"genid":"5eb4e43d9456b96a68ee44ffb7a58fe9137ed16bf40a670cf513c34564e44249","normalize_ms":0.356,"outcome":"success","request_id":"5c8cfdecd090484d9d35ca93a79e80fa","responsebytes":6801,"resultcount":10}
request_id=5c8cfdecd090484d9d35ca93a79e80fa route=/v1/places status=200 duration_ms=52.1
{"backend_ms":16.456,"genid":"5eb4e43d9456b96a68ee44ffb7a58fe9137ed16bf40a670cf513c34564e44249","normalize_ms":0.348,"outcome":"success","request_id":"5afee6771ea04c528da3e66a42a4f1ad","responsebytes":5769,"resultcount":10}
request_id=5afee6771ea04c528da3e66a42a4f1ad route=/v1/places status=200 duration_ms=17.9
{"backend_ms":6.167,"genid":"5eb4e43d9456b96a68ee44ffb7a58fe9137ed16bf40a670cf513c34564e44249","normalize_ms":0.343,"outcome":"success","request_id":"6700154cfd104e9fa3159b44c0b0f427","responsebytes":4622,"resultcount":10}
request_id=6700154cfd104e9fa3159b44c0b0f427 route=/v1/places status=200 duration_ms=7.7
{"genid":"5eb4e43d9456b96a68ee44ffb7a58fe9137ed16bf40a670cf513c34564e44249","outcome":"success","request_id":"dc7448eb034040f29d6281dbcf8afd39","resultcount":10,"search_ms":8.599}
{"backend_ms":11.151,"genid":"5eb4e43d9456b96a68ee44ffb7a58fe9137ed16bf40a670cf513c34564e44249","normalize_ms":0.179,"outcome":"success","request_id":"dc7448eb034040f29d6281dbcf8afd39","responsebytes":486,"resultcount":1}
{"backend_ms":10.518,"genid":"5eb4e43d9456b96a68ee44ffb7a58fe9137ed16bf40a670cf513c34564e44249","normalize_ms":0.311,"outcome":"success","request_id":"dc7448eb034040f29d6281dbcf8afd39","responsebytes":5827,"resultcount":10}
request_id=dc7448eb034040f29d6281dbcf8afd39 route=/v1/places status=200 duration_ms=13.2
{"backend_ms":5.74,"genid":"5eb4e43d9456b96a68ee44ffb7a58fe9137ed16bf40a670cf513c34564e44249","normalize_ms":0.356,"outcome":"success","request_id":"7f313b5c20d8447b88f40ff7d786774a","responsebytes":5901,"resultcount":10}
request_id=7f313b5c20d8447b88f40ff7d786774a route=/v1/places status=200 duration_ms=7.1
{"backend_ms":7.87,"genid":"5eb4e43d9456b96a68ee44ffb7a58fe9137ed16bf40a670cf513c34564e44249","normalize_ms":0.365,"outcome":"success","request_id":"3cdb9a563f574a5498e66be5eab4bc48","responsebytes":5489,"resultcount":10}
{"genid":"5eb4e43d9456b96a68ee44ffb7a58fe9137ed16bf40a670cf513c34564e44249","outcome":"success","request_id":"3cdb9a563f574a5498e66be5eab4bc48","resultcount":3,"search_ms":11.305}
{"backend_ms":18.731,"genid":"5eb4e43d9456b96a68ee44ffb7a58fe9137ed16bf40a670cf513c34564e44249","normalize_ms":0.021,"outcome":"validempty","request_id":"3cdb9a563f574a5498e66be5eab4bc48","responsebytes":42,"resultcount":0}
request_id=3cdb9a563f574a5498e66be5eab4bc48 route=/v1/places status=200 duration_ms=19.9
{"backend_ms":4.878,"genid":"5eb4e43d9456b96a68ee44ffb7a58fe9137ed16bf40a670cf513c34564e44249","normalize_ms":0.368,"outcome":"success","request_id":"20118e06477b487f914cd2c4e9310f6c","responsebytes":5813,"resultcount":10}
request_id=20118e06477b487f914cd2c4e9310f6c route=/v1/places status=200 duration_ms=6.3
{"backend_ms":4.97,"genid":"5eb4e43d9456b96a68ee44ffb7a58fe9137ed16bf40a670cf513c34564e44249","normalize_ms":0.348,"outcome":"success","request_id":"0c6647f9732e46f3a2b8b3781790d46a","responsebytes":5915,"resultcount":10}
request_id=0c6647f9732e46f3a2b8b3781790d46a route=/v1/places status=200 duration_ms=6.3
{"genid":"5eb4e43d9456b96a68ee44ffb7a58fe9137ed16bf40a670cf513c34564e44249","outcome":"success","request_id":"6886add6726c4f7ea5a8926d701d6ad1","resultcount":10,"search_ms":9.069}
{"backend_ms":10.954,"genid":"5eb4e43d9456b96a68ee44ffb7a58fe9137ed16bf40a670cf513c34564e44249","normalize_ms":0.426,"outcome":"success","request_id":"6886add6726c4f7ea5a8926d701d6ad1","responsebytes":5689,"resultcount":10}
{"backend_ms":21.003,"genid":"5eb4e43d9456b96a68ee44ffb7a58fe9137ed16bf40a670cf513c34564e44249","normalize_ms":0.367,"outcome":"success","request_id":"6886add6726c4f7ea5a8926d701d6ad1","responsebytes":1074,"resultcount":3}
request_id=6886add6726c4f7ea5a8926d701d6ad1 route=/v1/places status=200 duration_ms=22.7
{"backend_ms":4.205,"genid":"5eb4e43d9456b96a68ee44ffb7a58fe9137ed16bf40a670cf513c34564e44249","normalize_ms":0.354,"outcome":"success","request_id":"f50bad99ad4243de85235939b516fbb0","responsebytes":5718,"resultcount":10}
request_id=f50bad99ad4243de85235939b516fbb0 route=/v1/places status=200 duration_ms=5.7
{"backend_ms":5.783,"genid":"5eb4e43d9456b96a68ee44ffb7a58fe9137ed16bf40a670cf513c34564e44249","normalize_ms":0.384,"outcome":"success","request_id":"959dbe91090f4b9da48f008306ff5a6e","responsebytes":7109,"resultcount":10}
request_id=959dbe91090f4b9da48f008306ff5a6e route=/v1/places status=200 duration_ms=7.4
{"genid":"5eb4e43d9456b96a68ee44ffb7a58fe9137ed16bf40a670cf513c34564e44249","outcome":"success","request_id":"a1db9c4d1b42464a8a15055a0cb2e1cf","resultcount":10,"search_ms":8.011}
{"backend_ms":13.044,"genid":"5eb4e43d9456b96a68ee44ffb7a58fe9137ed16bf40a670cf513c34564e44249","normalize_ms":0.392,"outcome":"success","request_id":"a1db9c4d1b42464a8a15055a0cb2e1cf","responsebytes":5859,"resultcount":10}
{"backend_ms":34.798,"genid":"5eb4e43d9456b96a68ee44ffb7a58fe9137ed16bf40a670cf513c34564e44249","normalize_ms":0.025,"outcome":"validempty","request_id":"a1db9c4d1b42464a8a15055a0cb2e1cf","responsebytes":42,"resultcount":0}
request_id=a1db9c4d1b42464a8a15055a0cb2e1cf route=/v1/places status=200 duration_ms=36.4
{"backend_ms":6.827,"genid":"5eb4e43d9456b96a68ee44ffb7a58fe9137ed16bf40a670cf513c34564e44249","normalize_ms":0.654,"outcome":"success","request_id":"b95c9db900b54dbdaf66874eaec85a07","responsebytes":5770,"resultcount":10}
request_id=b95c9db900b54dbdaf66874eaec85a07 route=/v1/places status=200 duration_ms=9.1
{"backend_ms":6.349,"genid":"5eb4e43d9456b96a68ee44ffb7a58fe9137ed16bf40a670cf513c34564e44249","normalize_ms":0.419,"outcome":"success","request_id":"47af537cf57d4fb5b46494ff9165642b","responsebytes":5984,"resultcount":10}
request_id=47af537cf57d4fb5b46494ff9165642b route=/v1/places status=200 duration_ms=8.0
{"backend_ms":29.074,"genid":"5eb4e43d9456b96a68ee44ffb7a58fe9137ed16bf40a670cf513c34564e44249","normalize_ms":0.497,"outcome":"success","request_id":"7b972f45bd44466487ac7d5bf259e76e","responsebytes":6135,"resultcount":10}
request_id=7b972f45bd44466487ac7d5bf259e76e route=/v1/places status=200 duration_ms=31.2
{"genid":"5eb4e43d9456b96a68ee44ffb7a58fe9137ed16bf40a670cf513c34564e44249","outcome":"validempty","request_id":"9f2890b50fb14486927691904877cdf7","resultcount":0,"search_ms":0.762}
{"backend_ms":5.227,"genid":"5eb4e43d9456b96a68ee44ffb7a58fe9137ed16bf40a670cf513c34564e44249","normalize_ms":0.374,"outcome":"success","request_id":"9f2890b50fb14486927691904877cdf7","responsebytes":5798,"resultcount":10}
{"backend_ms":18.403,"genid":"5eb4e43d9456b96a68ee44ffb7a58fe9137ed16bf40a670cf513c34564e44249","normalize_ms":0.685,"outcome":"success","request_id":"9f2890b50fb14486927691904877cdf7","responsebytes":1866,"resultcount":4}
request_id=9f2890b50fb14486927691904877cdf7 route=/v1/places status=200 duration_ms=20.4
{"genid":"5eb4e43d9456b96a68ee44ffb7a58fe9137ed16bf40a670cf513c34564e44249","outcome":"success","request_id":"10d477cb73d041e88b604f1dbad48ed3","resultcount":4,"search_ms":6.521}
request_id=10d477cb73d041e88b604f1dbad48ed3 route=/v1/places status=200 duration_ms=7.6
{"backend_ms":11.001,"genid":"5eb4e43d9456b96a68ee44ffb7a58fe9137ed16bf40a670cf513c34564e44249","normalize_ms":0.358,"outcome":"success","request_id":"f3dfeb80d19c49978bd26d90f2ba021c","responsebytes":5791,"resultcount":10}
request_id=f3dfeb80d19c49978bd26d90f2ba021c route=/v1/places status=200 duration_ms=12.4
{"backend_ms":10.425,"genid":"5eb4e43d9456b96a68ee44ffb7a58fe9137ed16bf40a670cf513c34564e44249","normalize_ms":0.68,"outcome":"success","request_id":"66f1033562fc4ac387ebfca93c8989bf","responsebytes":5697,"resultcount":10}
{"genid":"5eb4e43d9456b96a68ee44ffb7a58fe9137ed16bf40a670cf513c34564e44249","outcome":"success","request_id":"66f1033562fc4ac387ebfca93c8989bf","resultcount":10,"search_ms":20.48}
{"backend_ms":22.427,"genid":"5eb4e43d9456b96a68ee44ffb7a58fe9137ed16bf40a670cf513c34564e44249","normalize_ms":0.018,"outcome":"validempty","request_id":"66f1033562fc4ac387ebfca93c8989bf","responsebytes":42,"resultcount":0}
request_id=66f1033562fc4ac387ebfca93c8989bf route=/v1/places status=200 duration_ms=23.6
{"genid":"5eb4e43d9456b96a68ee44ffb7a58fe9137ed16bf40a670cf513c34564e44249","outcome":"success","request_id":"e30f8d794b65426381f6e41cf37698b3","resultcount":10,"search_ms":2.234}
request_id=e30f8d794b65426381f6e41cf37698b3 route=/v1/places status=200 duration_ms=3.3
{"backend_ms":5.857,"genid":"5eb4e43d9456b96a68ee44ffb7a58fe9137ed16bf40a670cf513c34564e44249","normalize_ms":0.323,"outcome":"success","request_id":"60edd090d1b54143997ec20ec09a7a81","responsebytes":5959,"resultcount":10}
request_id=60edd090d1b54143997ec20ec09a7a81 route=/v1/places status=200 duration_ms=7.2
{"backend_ms":29.017,"genid":"5eb4e43d9456b96a68ee44ffb7a58fe9137ed16bf40a670cf513c34564e44249","normalize_ms":0.253,"outcome":"success","request_id":"1bad0380d9464907974466dd8f9ae10f","responsebytes":783,"resultcount":2}
request_id=1bad0380d9464907974466dd8f9ae10f route=/v1/places status=200 duration_ms=30.1
{"backend_ms":8.159,"genid":"5eb4e43d9456b96a68ee44ffb7a58fe9137ed16bf40a670cf513c34564e44249","normalize_ms":0.176,"outcome":"success","request_id":"04d2fe14b5c74cb282828e3736dd90ae","responsebytes":361,"resultcount":1}
request_id=04d2fe14b5c74cb282828e3736dd90ae route=/v1/places status=200 duration_ms=9.1
{"backend_ms":4.7,"genid":"5eb4e43d9456b96a68ee44ffb7a58fe9137ed16bf40a670cf513c34564e44249","normalize_ms":0.316,"outcome":"success","request_id":"a7aad981b9464d4dbab70149528c6d0f","responsebytes":5616,"resultcount":10}
request_id=a7aad981b9464d4dbab70149528c6d0f route=/v1/places status=200 duration_ms=5.9
{"backend_ms":3.94,"genid":"5eb4e43d9456b96a68ee44ffb7a58fe9137ed16bf40a670cf513c34564e44249","normalize_ms":0.314,"outcome":"success","request_id":"24a3094e5b0b42089fc7f45c94f4c57d","responsebytes":5523,"resultcount":10}
request_id=24a3094e5b0b42089fc7f45c94f4c57d route=/v1/places status=200 duration_ms=5.2
{"backend_ms":5.947,"genid":"5eb4e43d9456b96a68ee44ffb7a58fe9137ed16bf40a670cf513c34564e44249","normalize_ms":0.324,"outcome":"success","request_id":"5179f924b5d44bae8ec9a03a67b6ee7e","responsebytes":5691,"resultcount":10}
request_id=5179f924b5d44bae8ec9a03a67b6ee7e route=/v1/places status=200 duration_ms=7.2
{"backend_ms":11.112,"genid":"5eb4e43d9456b96a68ee44ffb7a58fe9137ed16bf40a670cf513c34564e44249","normalize_ms":0.327,"outcome":"success","request_id":"693b0cd989734e0494af11a31fd72c50","responsebytes":5532,"resultcount":10}
request_id=693b0cd989734e0494af11a31fd72c50 route=/v1/places status=200 duration_ms=12.5
{"backend_ms":6.251,"genid":"5eb4e43d9456b96a68ee44ffb7a58fe9137ed16bf40a670cf513c34564e44249","normalize_ms":0.31,"outcome":"success","request_id":"4d9869148bb042d0a9ab278390ebd66a","responsebytes":6230,"resultcount":10}
request_id=4d9869148bb042d0a9ab278390ebd66a route=/v1/places status=200 duration_ms=7.5
{"backend_ms":3.132,"genid":"5eb4e43d9456b96a68ee44ffb7a58fe9137ed16bf40a670cf513c34564e44249","normalize_ms":0.294,"outcome":"success","request_id":"50b09b6b4740487b99e9b5e5ae144ef1","responsebytes":5795,"resultcount":10}
request_id=50b09b6b4740487b99e9b5e5ae144ef1 route=/v1/places status=200 duration_ms=4.4
{"genid":"5eb4e43d9456b96a68ee44ffb7a58fe9137ed16bf40a670cf513c34564e44249","outcome":"success","request_id":"fd9968711c59462c9b49f2aef040492e","resultcount":10,"search_ms":8.59}
{"backend_ms":10.871,"genid":"5eb4e43d9456b96a68ee44ffb7a58fe9137ed16bf40a670cf513c34564e44249","normalize_ms":0.257,"outcome":"success","request_id":"fd9968711c59462c9b49f2aef040492e","responsebytes":446,"resultcount":1}
{"backend_ms":11.145,"genid":"5eb4e43d9456b96a68ee44ffb7a58fe9137ed16bf40a670cf513c34564e44249","normalize_ms":0.29,"outcome":"success","request_id":"fd9968711c59462c9b49f2aef040492e","responsebytes":5806,"resultcount":10}
request_id=fd9968711c59462c9b49f2aef040492e route=/v1/places status=200 duration_ms=13.2
{"backend_ms":9.987,"genid":"5eb4e43d9456b96a68ee44ffb7a58fe9137ed16bf40a670cf513c34564e44249","normalize_ms":0.461,"outcome":"success","request_id":"575e9d15fad74e0bb38e029c7dd2a1bb","responsebytes":6241,"resultcount":10}
request_id=575e9d15fad74e0bb38e029c7dd2a1bb route=/v1/places status=200 duration_ms=11.4
{"backend_ms":5.033,"genid":"5eb4e43d9456b96a68ee44ffb7a58fe9137ed16bf40a670cf513c34564e44249","normalize_ms":0.314,"outcome":"success","request_id":"bc255bc0b0f44e9bae4c0abb9b373cc8","responsebytes":5412,"resultcount":10}
request_id=bc255bc0b0f44e9bae4c0abb9b373cc8 route=/v1/places status=200 duration_ms=6.3
{"backend_ms":4.015,"genid":"5eb4e43d9456b96a68ee44ffb7a58fe9137ed16bf40a670cf513c34564e44249","normalize_ms":0.126,"outcome":"success","request_id":"376df5bf089e46a5aba9aeee58daf9d1","responsebytes":1165,"resultcount":2}
request_id=376df5bf089e46a5aba9aeee58daf9d1 route=/v1/places status=200 duration_ms=4.9
{"backend_ms":8.256,"genid":"5eb4e43d9456b96a68ee44ffb7a58fe9137ed16bf40a670cf513c34564e44249","normalize_ms":0.52,"outcome":"success","request_id":"e0bc4533904145d388a74abd93f6af9c","responsebytes":2420,"resultcount":7}
request_id=e0bc4533904145d388a74abd93f6af9c route=/v1/places status=200 duration_ms=9.7
{"genid":"5eb4e43d9456b96a68ee44ffb7a58fe9137ed16bf40a670cf513c34564e44249","outcome":"success","request_id":"dd551f2720c74de784a366d5aa729c84","resultcount":10,"search_ms":8.671}
{"backend_ms":10.964,"genid":"5eb4e43d9456b96a68ee44ffb7a58fe9137ed16bf40a670cf513c34564e44249","normalize_ms":0.399,"outcome":"success","request_id":"dd551f2720c74de784a366d5aa729c84","responsebytes":2218,"resultcount":5}
{"backend_ms":11.197,"genid":"5eb4e43d9456b96a68ee44ffb7a58fe9137ed16bf40a670cf513c34564e44249","normalize_ms":0.306,"outcome":"success","request_id":"dd551f2720c74de784a366d5aa729c84","responsebytes":5834,"resultcount":10}
request_id=dd551f2720c74de784a366d5aa729c84 route=/v1/places status=200 duration_ms=13.6
{"backend_ms":26.494,"genid":"5eb4e43d9456b96a68ee44ffb7a58fe9137ed16bf40a670cf513c34564e44249","normalize_ms":0.615,"outcome":"success","request_id":"27323f46b17747599348960f3cbd03f4","responsebytes":2641,"resultcount":8}
request_id=27323f46b17747599348960f3cbd03f4 route=/v1/places status=200 duration_ms=28.2
{"backend_ms":31.045,"genid":"5eb4e43d9456b96a68ee44ffb7a58fe9137ed16bf40a670cf513c34564e44249","normalize_ms":0.373,"outcome":"success","request_id":"4b885fda3af346f2ae571c15cbb48aba","responsebytes":6341,"resultcount":10}
request_id=4b885fda3af346f2ae571c15cbb48aba route=/v1/places status=200 duration_ms=32.5
{"backend_ms":26.383,"genid":"5eb4e43d9456b96a68ee44ffb7a58fe9137ed16bf40a670cf513c34564e44249","normalize_ms":0.362,"outcome":"success","request_id":"02a3ba25b7cf4b728d6fcd3088663ce1","responsebytes":6032,"resultcount":10}
request_id=02a3ba25b7cf4b728d6fcd3088663ce1 route=/v1/places status=200 duration_ms=27.8
{"backend_ms":3.814,"genid":"5eb4e43d9456b96a68ee44ffb7a58fe9137ed16bf40a670cf513c34564e44249","normalize_ms":0.327,"outcome":"success","request_id":"a4bb0d5146034a3aa1debac5b3bffcf4","responsebytes":5757,"resultcount":10}
request_id=a4bb0d5146034a3aa1debac5b3bffcf4 route=/v1/places status=200 duration_ms=5.1
{"backend_ms":10.856,"genid":"5eb4e43d9456b96a68ee44ffb7a58fe9137ed16bf40a670cf513c34564e44249","normalize_ms":0.311,"outcome":"success","request_id":"194bacdd8c294ff5aa0e2c60fb2bc44f","responsebytes":1015,"resultcount":3}
request_id=194bacdd8c294ff5aa0e2c60fb2bc44f route=/v1/places status=200 duration_ms=12.0
{"backend_ms":4.202,"genid":"5eb4e43d9456b96a68ee44ffb7a58fe9137ed16bf40a670cf513c34564e44249","normalize_ms":0.472,"outcome":"success","request_id":"99de8c6cef7442b2aa4f9e3a870a36d7","responsebytes":5341,"resultcount":10}
request_id=99de8c6cef7442b2aa4f9e3a870a36d7 route=/v1/places status=200 duration_ms=5.6
{"backend_ms":22.204,"genid":"5eb4e43d9456b96a68ee44ffb7a58fe9137ed16bf40a670cf513c34564e44249","normalize_ms":0.525,"outcome":"success","request_id":"872e61a57fa04a7c99425b9d9b2e74f4","responsebytes":994,"resultcount":3}
request_id=872e61a57fa04a7c99425b9d9b2e74f4 route=/v1/places status=200 duration_ms=23.8
{"backend_ms":10.611,"genid":"5eb4e43d9456b96a68ee44ffb7a58fe9137ed16bf40a670cf513c34564e44249","normalize_ms":0.421,"outcome":"success","request_id":"834a527e94db4c468297989a91479de6","responsebytes":5932,"resultcount":10}
request_id=834a527e94db4c468297989a91479de6 route=/v1/places status=200 duration_ms=12.1
{"genid":"5eb4e43d9456b96a68ee44ffb7a58fe9137ed16bf40a670cf513c34564e44249","outcome":"success","request_id":"dbd80950bc0d4453b0e93ba040983f43","resultcount":10,"search_ms":4.208}
{"backend_ms":5.533,"genid":"5eb4e43d9456b96a68ee44ffb7a58fe9137ed16bf40a670cf513c34564e44249","normalize_ms":0.343,"outcome":"success","request_id":"dbd80950bc0d4453b0e93ba040983f43","responsebytes":5646,"resultcount":10}
{"backend_ms":17.899,"genid":"5eb4e43d9456b96a68ee44ffb7a58fe9137ed16bf40a670cf513c34564e44249","normalize_ms":0.188,"outcome":"success","request_id":"dbd80950bc0d4453b0e93ba040983f43","responsebytes":454,"resultcount":1}
request_id=dbd80950bc0d4453b0e93ba040983f43 route=/v1/places status=200 duration_ms=19.3
{"backend_ms":60.304,"genid":"5eb4e43d9456b96a68ee44ffb7a58fe9137ed16bf40a670cf513c34564e44249","normalize_ms":0.34,"outcome":"success","request_id":"f70c1a39e26546bbbfff1f10de60f442","responsebytes":5979,"resultcount":10}
request_id=f70c1a39e26546bbbfff1f10de60f442 route=/v1/places status=200 duration_ms=61.7
{"backend_ms":5.071,"genid":"5eb4e43d9456b96a68ee44ffb7a58fe9137ed16bf40a670cf513c34564e44249","normalize_ms":0.395,"outcome":"success","request_id":"400b7b5f1f20402ab97df0f6eeb45ee6","responsebytes":5959,"resultcount":10}
request_id=400b7b5f1f20402ab97df0f6eeb45ee6 route=/v1/places status=200 duration_ms=6.5
{"genid":"5eb4e43d9456b96a68ee44ffb7a58fe9137ed16bf40a670cf513c34564e44249","outcome":"success","request_id":"2cebdc107dc34c94bc620b3af69b13f2","resultcount":4,"search_ms":8.893}
request_id=2cebdc107dc34c94bc620b3af69b13f2 route=/v1/places status=200 duration_ms=10.0
{"backend_ms":12.04,"genid":"5eb4e43d9456b96a68ee44ffb7a58fe9137ed16bf40a670cf513c34564e44249","normalize_ms":0.332,"outcome":"success","request_id":"fb7938a93b294883a04398588529bea7","responsebytes":6052,"resultcount":10}
request_id=fb7938a93b294883a04398588529bea7 route=/v1/places status=200 duration_ms=13.4
{"backend_ms":52.49,"genid":"5eb4e43d9456b96a68ee44ffb7a58fe9137ed16bf40a670cf513c34564e44249","normalize_ms":0.622,"outcome":"success","request_id":"969d7785fd7f4a57ab18ec3143aa5b53","responsebytes":6234,"resultcount":10}
request_id=969d7785fd7f4a57ab18ec3143aa5b53 route=/v1/places status=200 duration_ms=54.5
{"backend_ms":12.416,"genid":"5eb4e43d9456b96a68ee44ffb7a58fe9137ed16bf40a670cf513c34564e44249","normalize_ms":0.745,"outcome":"success","request_id":"cbdc9965fd41447695f3d4f07329fc70","responsebytes":5641,"resultcount":10}
request_id=cbdc9965fd41447695f3d4f07329fc70 route=/v1/places status=200 duration_ms=15.2
{"backend_ms":5.593,"genid":"5eb4e43d9456b96a68ee44ffb7a58fe9137ed16bf40a670cf513c34564e44249","normalize_ms":0.378,"outcome":"success","request_id":"128f945319c540b3b256c3c07368042c","responsebytes":5940,"resultcount":10}
request_id=128f945319c540b3b256c3c07368042c route=/v1/places status=200 duration_ms=7.1
{"backend_ms":7.476,"genid":"5eb4e43d9456b96a68ee44ffb7a58fe9137ed16bf40a670cf513c34564e44249","normalize_ms":0.391,"outcome":"success","request_id":"3926b2ec57e147418ac411aa629dad28","responsebytes":5766,"resultcount":10}
{"genid":"5eb4e43d9456b96a68ee44ffb7a58fe9137ed16bf40a670cf513c34564e44249","outcome":"success","request_id":"3926b2ec57e147418ac411aa629dad28","resultcount":10,"search_ms":24.294}
{"backend_ms":26.726,"genid":"5eb4e43d9456b96a68ee44ffb7a58fe9137ed16bf40a670cf513c34564e44249","normalize_ms":0.553,"outcome":"success","request_id":"3926b2ec57e147418ac411aa629dad28","responsebytes":3345,"resultcount":6}
request_id=3926b2ec57e147418ac411aa629dad28 route=/v1/places status=200 duration_ms=28.6
{"backend_ms":4.675,"genid":"5eb4e43d9456b96a68ee44ffb7a58fe9137ed16bf40a670cf513c34564e44249","normalize_ms":0.375,"outcome":"success","request_id":"50a8d9a848734ab6afaa67b1a878669e","responsebytes":5272,"resultcount":10}
request_id=50a8d9a848734ab6afaa67b1a878669e route=/v1/places status=200 duration_ms=6.3
{"backend_ms":6.282,"genid":"5eb4e43d9456b96a68ee44ffb7a58fe9137ed16bf40a670cf513c34564e44249","normalize_ms":0.418,"outcome":"success","request_id":"818637f4eeac4b20824be72b3a5c2761","responsebytes":6171,"resultcount":10}
request_id=818637f4eeac4b20824be72b3a5c2761 route=/v1/places status=200 duration_ms=7.8
{"genid":"5eb4e43d9456b96a68ee44ffb7a58fe9137ed16bf40a670cf513c34564e44249","outcome":"success","request_id":"111919e715104ac2a8d5cc726b64b343","resultcount":10,"search_ms":2.617}
{"backend_ms":4.6,"genid":"5eb4e43d9456b96a68ee44ffb7a58fe9137ed16bf40a670cf513c34564e44249","normalize_ms":0.359,"outcome":"success","request_id":"111919e715104ac2a8d5cc726b64b343","responsebytes":5465,"resultcount":10}
{"backend_ms":19.495,"genid":"5eb4e43d9456b96a68ee44ffb7a58fe9137ed16bf40a670cf513c34564e44249","normalize_ms":0.409,"outcome":"success","request_id":"111919e715104ac2a8d5cc726b64b343","responsebytes":1210,"resultcount":3}
request_id=111919e715104ac2a8d5cc726b64b343 route=/v1/places status=200 duration_ms=21.2
{"backend_ms":12.49,"genid":"5eb4e43d9456b96a68ee44ffb7a58fe9137ed16bf40a670cf513c34564e44249","normalize_ms":0.388,"outcome":"success","request_id":"88d2103c12a2465483d81d51219e9fa7","responsebytes":6001,"resultcount":10}
request_id=88d2103c12a2465483d81d51219e9fa7 route=/v1/places status=200 duration_ms=14.0
{"backend_ms":5.184,"genid":"5eb4e43d9456b96a68ee44ffb7a58fe9137ed16bf40a670cf513c34564e44249","normalize_ms":0.359,"outcome":"success","request_id":"91b63e4e0f134982b5f9901954e06b95","responsebytes":5664,"resultcount":10}
request_id=91b63e4e0f134982b5f9901954e06b95 route=/v1/places status=200 duration_ms=6.6
{"genid":"5eb4e43d9456b96a68ee44ffb7a58fe9137ed16bf40a670cf513c34564e44249","outcome":"success","request_id":"ca3d4e2b7bd04843a18c690ab267f2d7","resultcount":1,"search_ms":5.994}
request_id=ca3d4e2b7bd04843a18c690ab267f2d7 route=/v1/places status=200 duration_ms=7.1
{"genid":"5eb4e43d9456b96a68ee44ffb7a58fe9137ed16bf40a670cf513c34564e44249","outcome":"success","request_id":"f71037f06a684e2d845258eb64e1ae8c","resultcount":3,"search_ms":2.914}
request_id=f71037f06a684e2d845258eb64e1ae8c route=/v1/places status=200 duration_ms=4.0
{"backend_ms":4.06,"genid":"5eb4e43d9456b96a68ee44ffb7a58fe9137ed16bf40a670cf513c34564e44249","normalize_ms":0.319,"outcome":"success","request_id":"be7d89f97b5b411ca8d0b66f2e1e6d1a","responsebytes":5555,"resultcount":10}
request_id=be7d89f97b5b411ca8d0b66f2e1e6d1a route=/v1/places status=200 duration_ms=5.3
{"backend_ms":3.962,"genid":"5eb4e43d9456b96a68ee44ffb7a58fe9137ed16bf40a670cf513c34564e44249","normalize_ms":0.363,"outcome":"success","request_id":"7f62b595918e42f8803b22ac63b64a2d","responsebytes":5800,"resultcount":10}
request_id=7f62b595918e42f8803b22ac63b64a2d route=/v1/places status=200 duration_ms=5.4
{"backend_ms":24.499,"genid":"5eb4e43d9456b96a68ee44ffb7a58fe9137ed16bf40a670cf513c34564e44249","normalize_ms":0.332,"outcome":"success","request_id":"3929d76dc17b4f1487e01df1fe3a7616","responsebytes":5955,"resultcount":10}
request_id=3929d76dc17b4f1487e01df1fe3a7616 route=/v1/places status=200 duration_ms=25.9
{"genid":"5eb4e43d9456b96a68ee44ffb7a58fe9137ed16bf40a670cf513c34564e44249","outcome":"success","request_id":"2c7122e610a040338cffdc3d577e521d","resultcount":3,"search_ms":4.621}
request_id=2c7122e610a040338cffdc3d577e521d route=/v1/places status=200 duration_ms=5.7
{"backend_ms":14.13,"genid":"5eb4e43d9456b96a68ee44ffb7a58fe9137ed16bf40a670cf513c34564e44249","normalize_ms":0.399,"outcome":"success","request_id":"f7e5d407bdb04944984d0a4ea70871a8","responsebytes":5893,"resultcount":10}
request_id=f7e5d407bdb04944984d0a4ea70871a8 route=/v1/places status=200 duration_ms=15.7
{"genid":"5eb4e43d9456b96a68ee44ffb7a58fe9137ed16bf40a670cf513c34564e44249","outcome":"success","request_id":"369a74d32bba4f3f8ac019d47c13c20a","resultcount":3,"search_ms":8.487}
request_id=369a74d32bba4f3f8ac019d47c13c20a route=/v1/places status=200 duration_ms=9.6
{"backend_ms":3.902,"genid":"5eb4e43d9456b96a68ee44ffb7a58fe9137ed16bf40a670cf513c34564e44249","normalize_ms":0.471,"outcome":"success","request_id":"a48389effc1541209525c3c27b51b380","responsebytes":6047,"resultcount":10}
request_id=a48389effc1541209525c3c27b51b380 route=/v1/places status=200 duration_ms=5.4
{"backend_ms":4.601,"genid":"5eb4e43d9456b96a68ee44ffb7a58fe9137ed16bf40a670cf513c34564e44249","normalize_ms":0.383,"outcome":"success","request_id":"fe90a52e73a24e30afa225d96aa83f74","responsebytes":5578,"resultcount":10}
request_id=fe90a52e73a24e30afa225d96aa83f74 route=/v1/places status=200 duration_ms=6.1
{"backend_ms":3.665,"genid":"5eb4e43d9456b96a68ee44ffb7a58fe9137ed16bf40a670cf513c34564e44249","normalize_ms":0.374,"outcome":"success","request_id":"7235f8c580844d2fb2a6d95d98ebe000","responsebytes":4166,"resultcount":10}
request_id=7235f8c580844d2fb2a6d95d98ebe000 route=/v1/places status=200 duration_ms=5.0
{"backend_ms":10.842,"genid":"5eb4e43d9456b96a68ee44ffb7a58fe9137ed16bf40a670cf513c34564e44249","normalize_ms":0.346,"outcome":"success","request_id":"85664d4b82f04f9488ca7cd198cd5c03","responsebytes":4949,"resultcount":10}
request_id=85664d4b82f04f9488ca7cd198cd5c03 route=/v1/places status=200 duration_ms=12.2
{"backend_ms":3.339,"genid":"5eb4e43d9456b96a68ee44ffb7a58fe9137ed16bf40a670cf513c34564e44249","normalize_ms":0.344,"outcome":"success","request_id":"166ecadedf884074870977171a8ebec4","responsebytes":6387,"resultcount":10}
request_id=166ecadedf884074870977171a8ebec4 route=/v1/places status=200 duration_ms=4.9
{"backend_ms":18.741,"genid":"5eb4e43d9456b96a68ee44ffb7a58fe9137ed16bf40a670cf513c34564e44249","normalize_ms":0.362,"outcome":"success","request_id":"5c88026e61a146d3bf6a4895b8c72be8","responsebytes":5991,"resultcount":10}
request_id=5c88026e61a146d3bf6a4895b8c72be8 route=/v1/places status=200 duration_ms=20.1
{"backend_ms":4.801,"genid":"5eb4e43d9456b96a68ee44ffb7a58fe9137ed16bf40a670cf513c34564e44249","normalize_ms":0.317,"outcome":"success","request_id":"9bdb28af81de449ca9d87785ad504fbb","responsebytes":5655,"resultcount":10}
request_id=9bdb28af81de449ca9d87785ad504fbb route=/v1/places status=200 duration_ms=6.0
{"backend_ms":58.887,"genid":"5eb4e43d9456b96a68ee44ffb7a58fe9137ed16bf40a670cf513c34564e44249","normalize_ms":0.343,"outcome":"success","request_id":"f941ef58f8e74392bde5f385530b8ac0","responsebytes":6418,"resultcount":10}
request_id=f941ef58f8e74392bde5f385530b8ac0 route=/v1/places status=200 duration_ms=60.3
{"backend_ms":25.294,"genid":"5eb4e43d9456b96a68ee44ffb7a58fe9137ed16bf40a670cf513c34564e44249","normalize_ms":0.314,"outcome":"success","request_id":"8cd5b4f62a324f85b24cf52163afa853","responsebytes":6583,"resultcount":10}
request_id=8cd5b4f62a324f85b24cf52163afa853 route=/v1/places status=200 duration_ms=26.7
{"backend_ms":8.871,"genid":"5eb4e43d9456b96a68ee44ffb7a58fe9137ed16bf40a670cf513c34564e44249","normalize_ms":0.161,"outcome":"success","request_id":"2e6dc27963194aadbb978ed54882effc","responsebytes":381,"resultcount":1}
request_id=2e6dc27963194aadbb978ed54882effc route=/v1/places status=200 duration_ms=9.8
{"backend_ms":5.426,"genid":"5eb4e43d9456b96a68ee44ffb7a58fe9137ed16bf40a670cf513c34564e44249","normalize_ms":0.329,"outcome":"success","request_id":"28369f973c414d78b90827485da50366","responsebytes":6257,"resultcount":10}
request_id=28369f973c414d78b90827485da50366 route=/v1/places status=200 duration_ms=6.7
{"backend_ms":13.421,"genid":"5eb4e43d9456b96a68ee44ffb7a58fe9137ed16bf40a670cf513c34564e44249","normalize_ms":0.395,"outcome":"success","request_id":"4f565a0da8b0469d82caba64682f0268","responsebytes":6426,"resultcount":10}
request_id=4f565a0da8b0469d82caba64682f0268 route=/v1/places status=200 duration_ms=14.8
{"backend_ms":10.736,"genid":"5eb4e43d9456b96a68ee44ffb7a58fe9137ed16bf40a670cf513c34564e44249","normalize_ms":0.332,"outcome":"success","request_id":"d245ee2e6a764291bef783b6f41d698b","responsebytes":5871,"resultcount":10}
request_id=d245ee2e6a764291bef783b6f41d698b route=/v1/places status=200 duration_ms=12.1
{"backend_ms":3.295,"genid":"5eb4e43d9456b96a68ee44ffb7a58fe9137ed16bf40a670cf513c34564e44249","normalize_ms":0.332,"outcome":"success","request_id":"2c14730c9e914ede96a32fcb7fe8f22f","responsebytes":5999,"resultcount":10}
request_id=2c14730c9e914ede96a32fcb7fe8f22f route=/v1/places status=200 duration_ms=4.5
{"backend_ms":3.472,"genid":"5eb4e43d9456b96a68ee44ffb7a58fe9137ed16bf40a670cf513c34564e44249","normalize_ms":0.315,"outcome":"success","request_id":"adbceb386ca040a1b347ed0afdb9b8ea","responsebytes":6210,"resultcount":10}
request_id=adbceb386ca040a1b347ed0afdb9b8ea route=/v1/places status=200 duration_ms=4.6
{"backend_ms":28.248,"genid":"5eb4e43d9456b96a68ee44ffb7a58fe9137ed16bf40a670cf513c34564e44249","normalize_ms":0.357,"outcome":"success","request_id":"4dd96ada194e43f0af90c69e9c774b57","responsebytes":6513,"resultcount":10}
request_id=4dd96ada194e43f0af90c69e9c774b57 route=/v1/places status=200 duration_ms=29.5
{"genid":"5eb4e43d9456b96a68ee44ffb7a58fe9137ed16bf40a670cf513c34564e44249","outcome":"success","request_id":"9e8e26ff151e4eb8afb2d538448571d5","resultcount":10,"search_ms":31.448}
request_id=9e8e26ff151e4eb8afb2d538448571d5 route=/v1/places status=200 duration_ms=32.8
{"backend_ms":9.309,"genid":"5eb4e43d9456b96a68ee44ffb7a58fe9137ed16bf40a670cf513c34564e44249","normalize_ms":0.184,"outcome":"success","request_id":"9e9c7036c52f4ce591af24dec96dd240","responsebytes":358,"resultcount":1}
request_id=9e9c7036c52f4ce591af24dec96dd240 route=/v1/places status=200 duration_ms=10.3
{"genid":"5eb4e43d9456b96a68ee44ffb7a58fe9137ed16bf40a670cf513c34564e44249","outcome":"success","request_id":"37ce8edc3c8a463b92981e4253890c07","resultcount":10,"search_ms":1.823}
request_id=37ce8edc3c8a463b92981e4253890c07 route=/v1/places status=200 duration_ms=2.9
{"backend_ms":8.042,"genid":"5eb4e43d9456b96a68ee44ffb7a58fe9137ed16bf40a670cf513c34564e44249","normalize_ms":0.17,"outcome":"success","request_id":"e7ac7cc980b6443ea7d41ace88588bc0","responsebytes":384,"resultcount":1}
request_id=e7ac7cc980b6443ea7d41ace88588bc0 route=/v1/places status=200 duration_ms=9.0
{"genid":"5eb4e43d9456b96a68ee44ffb7a58fe9137ed16bf40a670cf513c34564e44249","outcome":"success","request_id":"693bcb9d8c964f9883e526e793a4ace3","resultcount":6,"search_ms":0.996}
request_id=693bcb9d8c964f9883e526e793a4ace3 route=/v1/places status=200 duration_ms=1.9
{"genid":"5eb4e43d9456b96a68ee44ffb7a58fe9137ed16bf40a670cf513c34564e44249","outcome":"validempty","request_id":"d2f28c95f60e4990a9b3aad82e61f80f","resultcount":0,"search_ms":3.381}
{"backend_ms":3.97,"genid":"5eb4e43d9456b96a68ee44ffb7a58fe9137ed16bf40a670cf513c34564e44249","normalize_ms":0.309,"outcome":"success","request_id":"d2f28c95f60e4990a9b3aad82e61f80f","responsebytes":5869,"resultcount":10}
{"backend_ms":14.657,"genid":"5eb4e43d9456b96a68ee44ffb7a58fe9137ed16bf40a670cf513c34564e44249","normalize_ms":0.02,"outcome":"validempty","request_id":"d2f28c95f60e4990a9b3aad82e61f80f","responsebytes":42,"resultcount":0}
request_id=d2f28c95f60e4990a9b3aad82e61f80f route=/v1/places status=200 duration_ms=15.7
{"genid":"5eb4e43d9456b96a68ee44ffb7a58fe9137ed16bf40a670cf513c34564e44249","outcome":"success","request_id":"7854a2ec8d4e41a49408c858c8797d1e","resultcount":10,"search_ms":8.935}
{"backend_ms":10.068,"genid":"5eb4e43d9456b96a68ee44ffb7a58fe9137ed16bf40a670cf513c34564e44249","normalize_ms":0.353,"outcome":"success","request_id":"7854a2ec8d4e41a49408c858c8797d1e","responsebytes":5786,"resultcount":10}
{"backend_ms":12.713,"genid":"5eb4e43d9456b96a68ee44ffb7a58fe9137ed16bf40a670cf513c34564e44249","normalize_ms":0.372,"outcome":"success","request_id":"7854a2ec8d4e41a49408c858c8797d1e","responsebytes":2030,"resultcount":4}
request_id=7854a2ec8d4e41a49408c858c8797d1e route=/v1/places status=200 duration_ms=14.3
{"genid":"5eb4e43d9456b96a68ee44ffb7a58fe9137ed16bf40a670cf513c34564e44249","outcome":"success","request_id":"0646358befe246a2ab5f5b8eb38d248b","resultcount":10,"search_ms":4.987}
request_id=0646358befe246a2ab5f5b8eb38d248b route=/v1/places status=200 duration_ms=6.1
{"genid":"5eb4e43d9456b96a68ee44ffb7a58fe9137ed16bf40a670cf513c34564e44249","outcome":"success","request_id":"2cc23e6741264ea4b0f325159c742e25","resultcount":10,"search_ms":9.675}
{"backend_ms":12.61,"genid":"5eb4e43d9456b96a68ee44ffb7a58fe9137ed16bf40a670cf513c34564e44249","normalize_ms":0.446,"outcome":"success","request_id":"2cc23e6741264ea4b0f325159c742e25","responsebytes":2218,"resultcount":5}
{"backend_ms":12.364,"genid":"5eb4e43d9456b96a68ee44ffb7a58fe9137ed16bf40a670cf513c34564e44249","normalize_ms":0.319,"outcome":"success","request_id":"2cc23e6741264ea4b0f325159c742e25","responsebytes":5834,"resultcount":10}
request_id=2cc23e6741264ea4b0f325159c742e25 route=/v1/places status=200 duration_ms=15.0
{"backend_ms":70.64,"genid":"5eb4e43d9456b96a68ee44ffb7a58fe9137ed16bf40a670cf513c34564e44249","normalize_ms":0.325,"outcome":"success","request_id":"d0c893adb8af4ee49ff54385327ae06e","responsebytes":5598,"resultcount":10}
request_id=d0c893adb8af4ee49ff54385327ae06e route=/v1/places status=200 duration_ms=71.9
{"backend_ms":3.552,"genid":"5eb4e43d9456b96a68ee44ffb7a58fe9137ed16bf40a670cf513c34564e44249","normalize_ms":0.291,"outcome":"success","request_id":"d1872ede8b7c4971ade6171c2c0cb3f2","responsebytes":5590,"resultcount":10}
request_id=d1872ede8b7c4971ade6171c2c0cb3f2 route=/v1/places status=200 duration_ms=4.7
{"backend_ms":5.301,"genid":"5eb4e43d9456b96a68ee44ffb7a58fe9137ed16bf40a670cf513c34564e44249","normalize_ms":0.287,"outcome":"success","request_id":"5890c81042b349a0a0111ad0ddef9c36","responsebytes":5246,"resultcount":10}
request_id=5890c81042b349a0a0111ad0ddef9c36 route=/v1/places status=200 duration_ms=6.5
{"backend_ms":9.625,"genid":"5eb4e43d9456b96a68ee44ffb7a58fe9137ed16bf40a670cf513c34564e44249","normalize_ms":0.312,"outcome":"success","request_id":"f21c96e9235e4a31b4529ac2df8e3de3","responsebytes":6600,"resultcount":10}
request_id=f21c96e9235e4a31b4529ac2df8e3de3 route=/v1/places status=200 duration_ms=10.9
{"backend_ms":11.035,"genid":"5eb4e43d9456b96a68ee44ffb7a58fe9137ed16bf40a670cf513c34564e44249","normalize_ms":0.309,"outcome":"success","request_id":"17a4f5fb8213460881848f2901d4ad1b","responsebytes":5887,"resultcount":10}
request_id=17a4f5fb8213460881848f2901d4ad1b route=/v1/places status=200 duration_ms=12.4
{"genid":"5eb4e43d9456b96a68ee44ffb7a58fe9137ed16bf40a670cf513c34564e44249","outcome":"success","request_id":"1d1f4c759c40497e89d9bb90230a6b8e","resultcount":9,"search_ms":4.712}
request_id=1d1f4c759c40497e89d9bb90230a6b8e route=/v1/places status=200 duration_ms=5.8
{"genid":"5eb4e43d9456b96a68ee44ffb7a58fe9137ed16bf40a670cf513c34564e44249","outcome":"success","request_id":"34d20a96c8d54bd7834cbda009d2096e","resultcount":5,"search_ms":5.659}
request_id=34d20a96c8d54bd7834cbda009d2096e route=/v1/places status=200 duration_ms=6.6
{"backend_ms":3.42,"genid":"5eb4e43d9456b96a68ee44ffb7a58fe9137ed16bf40a670cf513c34564e44249","normalize_ms":0.288,"outcome":"success","request_id":"393548bb44ec4711ba0fed4900d47a86","responsebytes":5809,"resultcount":10}
request_id=393548bb44ec4711ba0fed4900d47a86 route=/v1/places status=200 duration_ms=4.6
{"backend_ms":3.66,"genid":"5eb4e43d9456b96a68ee44ffb7a58fe9137ed16bf40a670cf513c34564e44249","normalize_ms":0.285,"outcome":"success","request_id":"33d9dc4edd0746879e4e664818fae636","responsebytes":5834,"resultcount":10}
request_id=33d9dc4edd0746879e4e664818fae636 route=/v1/places status=200 duration_ms=4.8
{"backend_ms":38.718,"genid":"5eb4e43d9456b96a68ee44ffb7a58fe9137ed16bf40a670cf513c34564e44249","normalize_ms":0.346,"outcome":"success","request_id":"4816f7b6f6234b07bd681fe51bc7da06","responsebytes":6327,"resultcount":10}
request_id=4816f7b6f6234b07bd681fe51bc7da06 route=/v1/places status=200 duration_ms=39.9
{"backend_ms":3.506,"genid":"5eb4e43d9456b96a68ee44ffb7a58fe9137ed16bf40a670cf513c34564e44249","normalize_ms":0.302,"outcome":"success","request_id":"86bea77786aa4db399eb4f302d54253c","responsebytes":5528,"resultcount":10}
request_id=86bea77786aa4db399eb4f302d54253c route=/v1/places status=200 duration_ms=4.7
{"backend_ms":3.164,"genid":"5eb4e43d9456b96a68ee44ffb7a58fe9137ed16bf40a670cf513c34564e44249","normalize_ms":0.312,"outcome":"success","request_id":"12f75b8e1123443caab1422c593e209a","responsebytes":4458,"resultcount":10}
request_id=12f75b8e1123443caab1422c593e209a route=/v1/places status=200 duration_ms=4.3
{"genid":"5eb4e43d9456b96a68ee44ffb7a58fe9137ed16bf40a670cf513c34564e44249","outcome":"success","request_id":"2054658f6a874753b6fdb47cfaeaeeaf","resultcount":5,"search_ms":5.243}
request_id=2054658f6a874753b6fdb47cfaeaeeaf route=/v1/places status=200 duration_ms=6.0
{"genid":"5eb4e43d9456b96a68ee44ffb7a58fe9137ed16bf40a670cf513c34564e44249","outcome":"success","request_id":"2e9397e4c74f465fa6375371e9385819","resultcount":1,"search_ms":2.877}
request_id=2e9397e4c74f465fa6375371e9385819 route=/v1/places status=200 duration_ms=3.6
{"backend_ms":2.985,"genid":"5eb4e43d9456b96a68ee44ffb7a58fe9137ed16bf40a670cf513c34564e44249","normalize_ms":0.183,"outcome":"success","request_id":"b35a58688b8346998078f2e703398e96","responsebytes":3306,"resultcount":5}
request_id=b35a58688b8346998078f2e703398e96 route=/v1/places status=200 duration_ms=3.8
{"backend_ms":3.323,"genid":"5eb4e43d9456b96a68ee44ffb7a58fe9137ed16bf40a670cf513c34564e44249","normalize_ms":0.294,"outcome":"success","request_id":"67ec8ae5704b4ee8b3edb2d9ae7ac597","responsebytes":5517,"resultcount":10}
request_id=67ec8ae5704b4ee8b3edb2d9ae7ac597 route=/v1/places status=200 duration_ms=4.4
{"backend_ms":4.035,"genid":"5eb4e43d9456b96a68ee44ffb7a58fe9137ed16bf40a670cf513c34564e44249","normalize_ms":0.31,"outcome":"success","request_id":"6230614d965d47179e9f616191bc0323","responsebytes":5782,"resultcount":10}
request_id=6230614d965d47179e9f616191bc0323 route=/v1/places status=200 duration_ms=5.3
{"backend_ms":3.39,"genid":"5eb4e43d9456b96a68ee44ffb7a58fe9137ed16bf40a670cf513c34564e44249","normalize_ms":0.284,"outcome":"success","request_id":"dab22bf257784d78b2ce2fcb172f6f46","responsebytes":5662,"resultcount":10}
request_id=dab22bf257784d78b2ce2fcb172f6f46 route=/v1/places status=200 duration_ms=4.5
{"genid":"5eb4e43d9456b96a68ee44ffb7a58fe9137ed16bf40a670cf513c34564e44249","outcome":"success","request_id":"fcd484923e5f429792d30009f012fe76","resultcount":10,"search_ms":10.275}
{"backend_ms":12.273,"genid":"5eb4e43d9456b96a68ee44ffb7a58fe9137ed16bf40a670cf513c34564e44249","normalize_ms":0.548,"outcome":"success","request_id":"fcd484923e5f429792d30009f012fe76","responsebytes":3460,"resultcount":8}
{"backend_ms":12.732,"genid":"5eb4e43d9456b96a68ee44ffb7a58fe9137ed16bf40a670cf513c34564e44249","normalize_ms":0.339,"outcome":"success","request_id":"fcd484923e5f429792d30009f012fe76","responsebytes":6667,"resultcount":10}
request_id=fcd484923e5f429792d30009f012fe76 route=/v1/places status=200 duration_ms=14.8
{"backend_ms":10.784,"genid":"5eb4e43d9456b96a68ee44ffb7a58fe9137ed16bf40a670cf513c34564e44249","normalize_ms":0.319,"outcome":"success","request_id":"e7a5bb55ed554aceb6a04d1db9a9aac0","responsebytes":5761,"resultcount":10}
request_id=e7a5bb55ed554aceb6a04d1db9a9aac0 route=/v1/places status=200 duration_ms=12.1
{"backend_ms":8.864,"genid":"5eb4e43d9456b96a68ee44ffb7a58fe9137ed16bf40a670cf513c34564e44249","normalize_ms":0.379,"outcome":"success","request_id":"5dbef601a3574ff48b17c5c51d63a75d","responsebytes":1349,"resultcount":4}
request_id=5dbef601a3574ff48b17c5c51d63a75d route=/v1/places status=200 duration_ms=10.1
{"backend_ms":3.612,"genid":"5eb4e43d9456b96a68ee44ffb7a58fe9137ed16bf40a670cf513c34564e44249","normalize_ms":0.171,"outcome":"success","request_id":"3b6efc537d13495583a6b5e9854791f5","responsebytes":2273,"resultcount":4}
request_id=3b6efc537d13495583a6b5e9854791f5 route=/v1/places status=200 duration_ms=4.5
{"backend_ms":9.703,"genid":"5eb4e43d9456b96a68ee44ffb7a58fe9137ed16bf40a670cf513c34564e44249","normalize_ms":0.35,"outcome":"success","request_id":"d4bfac61045748bd8dd399671e51ac45","responsebytes":6508,"resultcount":10}
request_id=d4bfac61045748bd8dd399671e51ac45 route=/v1/places status=200 duration_ms=11.0
{"backend_ms":9.854,"genid":"5eb4e43d9456b96a68ee44ffb7a58fe9137ed16bf40a670cf513c34564e44249","normalize_ms":0.309,"outcome":"success","request_id":"bbbc4eec7f79430f88242b2f50d5d527","responsebytes":6062,"resultcount":10}
request_id=bbbc4eec7f79430f88242b2f50d5d527 route=/v1/places status=200 duration_ms=11.1
{"genid":"5eb4e43d9456b96a68ee44ffb7a58fe9137ed16bf40a670cf513c34564e44249","outcome":"success","request_id":"ce1d194098dc4cf8970e1eb0c2ffc70c","resultcount":10,"search_ms":7.279}
{"backend_ms":10.138,"genid":"5eb4e43d9456b96a68ee44ffb7a58fe9137ed16bf40a670cf513c34564e44249","normalize_ms":0.339,"outcome":"success","request_id":"ce1d194098dc4cf8970e1eb0c2ffc70c","responsebytes":6320,"resultcount":10}
{"backend_ms":16.173,"genid":"5eb4e43d9456b96a68ee44ffb7a58fe9137ed16bf40a670cf513c34564e44249","normalize_ms":0.414,"outcome":"success","request_id":"ce1d194098dc4cf8970e1eb0c2ffc70c","responsebytes":1826,"resultcount":5}
request_id=ce1d194098dc4cf8970e1eb0c2ffc70c route=/v1/places status=200 duration_ms=17.7
{"backend_ms":25.959,"genid":"5eb4e43d9456b96a68ee44ffb7a58fe9137ed16bf40a670cf513c34564e44249","normalize_ms":0.179,"outcome":"success","request_id":"1f77c91e4ebe46b5827c45ea75e26f17","responsebytes":501,"resultcount":1}
request_id=1f77c91e4ebe46b5827c45ea75e26f17 route=/v1/places status=200 duration_ms=27.0
{"backend_ms":4.243,"genid":"5eb4e43d9456b96a68ee44ffb7a58fe9137ed16bf40a670cf513c34564e44249","normalize_ms":0.337,"outcome":"success","request_id":"ec92a141c913478688290f1bbf856d79","responsebytes":6929,"resultcount":10}
request_id=ec92a141c913478688290f1bbf856d79 route=/v1/places status=200 duration_ms=6.1
{"backend_ms":8.943,"genid":"5eb4e43d9456b96a68ee44ffb7a58fe9137ed16bf40a670cf513c34564e44249","normalize_ms":0.424,"outcome":"success","request_id":"85ccc6bd7c89401d860848e34cfb770b","responsebytes":829,"resultcount":2}
request_id=85ccc6bd7c89401d860848e34cfb770b route=/v1/places status=200 duration_ms=10.3
{"backend_ms":4.296,"genid":"5eb4e43d9456b96a68ee44ffb7a58fe9137ed16bf40a670cf513c34564e44249","normalize_ms":0.336,"outcome":"success","request_id":"fc0fcb4edae54e4d88f36c1570c08bea","responsebytes":5285,"resultcount":10}
request_id=fc0fcb4edae54e4d88f36c1570c08bea route=/v1/places status=200 duration_ms=5.8
{"genid":"5eb4e43d9456b96a68ee44ffb7a58fe9137ed16bf40a670cf513c34564e44249","outcome":"success","request_id":"56b32f3caecc434faf2565990ac79d6f","resultcount":3,"search_ms":2.199}
request_id=56b32f3caecc434faf2565990ac79d6f route=/v1/places status=200 duration_ms=3.0
{"genid":"5eb4e43d9456b96a68ee44ffb7a58fe9137ed16bf40a670cf513c34564e44249","outcome":"success","request_id":"d999177945b54e6088bfb99cfc9765b1","resultcount":10,"search_ms":9.582}
{"backend_ms":10.29,"genid":"5eb4e43d9456b96a68ee44ffb7a58fe9137ed16bf40a670cf513c34564e44249","normalize_ms":0.314,"outcome":"success","request_id":"d999177945b54e6088bfb99cfc9765b1","responsebytes":5786,"resultcount":10}
{"backend_ms":12.821,"genid":"5eb4e43d9456b96a68ee44ffb7a58fe9137ed16bf40a670cf513c34564e44249","normalize_ms":0.224,"outcome":"success","request_id":"d999177945b54e6088bfb99cfc9765b1","responsebytes":919,"resultcount":2}
request_id=d999177945b54e6088bfb99cfc9765b1 route=/v1/places status=200 duration_ms=14.1
{"backend_ms":4.317,"genid":"5eb4e43d9456b96a68ee44ffb7a58fe9137ed16bf40a670cf513c34564e44249","normalize_ms":0.335,"outcome":"success","request_id":"b73218ab5e8949fca962663fa24016d3","responsebytes":5790,"resultcount":10}
request_id=b73218ab5e8949fca962663fa24016d3 route=/v1/places status=200 duration_ms=6.0
{"genid":"5eb4e43d9456b96a68ee44ffb7a58fe9137ed16bf40a670cf513c34564e44249","outcome":"success","request_id":"d8aa36b48fb744089c2cb614d2a0466e","resultcount":10,"search_ms":6.905}
{"backend_ms":11.341,"genid":"5eb4e43d9456b96a68ee44ffb7a58fe9137ed16bf40a670cf513c34564e44249","normalize_ms":0.411,"outcome":"success","request_id":"d8aa36b48fb744089c2cb614d2a0466e","responsebytes":6019,"resultcount":10}
{"backend_ms":27.965,"genid":"5eb4e43d9456b96a68ee44ffb7a58fe9137ed16bf40a670cf513c34564e44249","normalize_ms":0.503,"outcome":"success","request_id":"d8aa36b48fb744089c2cb614d2a0466e","responsebytes":1998,"resultcount":5}
request_id=d8aa36b48fb744089c2cb614d2a0466e route=/v1/places status=200 duration_ms=29.9
{"backend_ms":9.013,"genid":"5eb4e43d9456b96a68ee44ffb7a58fe9137ed16bf40a670cf513c34564e44249","normalize_ms":0.196,"outcome":"success","request_id":"f119b9bee7734aaf912bbf1dccb35396","responsebytes":371,"resultcount":1}
request_id=f119b9bee7734aaf912bbf1dccb35396 route=/v1/places status=200 duration_ms=10.0
{"backend_ms":4.128,"genid":"5eb4e43d9456b96a68ee44ffb7a58fe9137ed16bf40a670cf513c34564e44249","normalize_ms":0.358,"outcome":"success","request_id":"8ad90d557b994ff889f1632f97a805a4","responsebytes":5786,"resultcount":10}
request_id=8ad90d557b994ff889f1632f97a805a4 route=/v1/places status=200 duration_ms=5.4
{"genid":"5eb4e43d9456b96a68ee44ffb7a58fe9137ed16bf40a670cf513c34564e44249","outcome":"success","request_id":"0eca56dd5a964620aaa409422485ba1f","resultcount":2,"search_ms":4.876}
request_id=0eca56dd5a964620aaa409422485ba1f route=/v1/places status=200 duration_ms=5.8
{"genid":"5eb4e43d9456b96a68ee44ffb7a58fe9137ed16bf40a670cf513c34564e44249","outcome":"validempty","request_id":"fb1b87bfa9e54ddeb34ec254d9e2f611","resultcount":0,"search_ms":0.929}
{"backend_ms":4.645,"genid":"5eb4e43d9456b96a68ee44ffb7a58fe9137ed16bf40a670cf513c34564e44249","normalize_ms":0.346,"outcome":"success","request_id":"fb1b87bfa9e54ddeb34ec254d9e2f611","responsebytes":5819,"resultcount":10}
{"backend_ms":13.398,"genid":"5eb4e43d9456b96a68ee44ffb7a58fe9137ed16bf40a670cf513c34564e44249","normalize_ms":0.02,"outcome":"validempty","request_id":"fb1b87bfa9e54ddeb34ec254d9e2f611","responsebytes":42,"resultcount":0}
request_id=fb1b87bfa9e54ddeb34ec254d9e2f611 route=/v1/places status=200 duration_ms=14.5
{"backend_ms":3.939,"genid":"5eb4e43d9456b96a68ee44ffb7a58fe9137ed16bf40a670cf513c34564e44249","normalize_ms":0.331,"outcome":"success","request_id":"3ce886f3aca0458eba3b47400262e4fa","responsebytes":5734,"resultcount":10}
request_id=3ce886f3aca0458eba3b47400262e4fa route=/v1/places status=200 duration_ms=5.3
{"backend_ms":10.474,"genid":"5eb4e43d9456b96a68ee44ffb7a58fe9137ed16bf40a670cf513c34564e44249","normalize_ms":0.407,"outcome":"success","request_id":"8e074693ecb8401ebcc3fed78434e273","responsebytes":5697,"resultcount":10}
{"genid":"5eb4e43d9456b96a68ee44ffb7a58fe9137ed16bf40a670cf513c34564e44249","outcome":"success","request_id":"8e074693ecb8401ebcc3fed78434e273","resultcount":10,"search_ms":22.312}
{"backend_ms":24.16,"genid":"5eb4e43d9456b96a68ee44ffb7a58fe9137ed16bf40a670cf513c34564e44249","normalize_ms":0.017,"outcome":"validempty","request_id":"8e074693ecb8401ebcc3fed78434e273","responsebytes":42,"resultcount":0}
request_id=8e074693ecb8401ebcc3fed78434e273 route=/v1/places status=200 duration_ms=25.3
{"backend_ms":3.236,"genid":"5eb4e43d9456b96a68ee44ffb7a58fe9137ed16bf40a670cf513c34564e44249","normalize_ms":0.119,"outcome":"success","request_id":"13b8ed2b65ad4ddd90dbead70526bede","responsebytes":1128,"resultcount":2}
request_id=13b8ed2b65ad4ddd90dbead70526bede route=/v1/places status=200 duration_ms=4.1
{"backend_ms":5.85,"genid":"5eb4e43d9456b96a68ee44ffb7a58fe9137ed16bf40a670cf513c34564e44249","normalize_ms":0.326,"outcome":"success","request_id":"b9afbe51b59546e8b0fd3454cecf4fe8","responsebytes":5883,"resultcount":10}
request_id=b9afbe51b59546e8b0fd3454cecf4fe8 route=/v1/places status=200 duration_ms=7.1
{"backend_ms":3.672,"genid":"5eb4e43d9456b96a68ee44ffb7a58fe9137ed16bf40a670cf513c34564e44249","normalize_ms":0.304,"outcome":"success","request_id":"31b6a3e9885e4aabb2ae639c6e91f61c","responsebytes":5594,"resultcount":10}
request_id=31b6a3e9885e4aabb2ae639c6e91f61c route=/v1/places status=200 duration_ms=4.8
{"backend_ms":3.859,"genid":"5eb4e43d9456b96a68ee44ffb7a58fe9137ed16bf40a670cf513c34564e44249","normalize_ms":0.32,"outcome":"success","request_id":"5916e237dfbd45c7a42122d06df849cf","responsebytes":5742,"resultcount":10}
request_id=5916e237dfbd45c7a42122d06df849cf route=/v1/places status=200 duration_ms=5.2
{"backend_ms":3.758,"genid":"5eb4e43d9456b96a68ee44ffb7a58fe9137ed16bf40a670cf513c34564e44249","normalize_ms":0.34,"outcome":"success","request_id":"237de3bd8c0f40d9b8383355cd39f292","responsebytes":6771,"resultcount":10}
request_id=237de3bd8c0f40d9b8383355cd39f292 route=/v1/places status=200 duration_ms=5.1
{"genid":"5eb4e43d9456b96a68ee44ffb7a58fe9137ed16bf40a670cf513c34564e44249","outcome":"success","request_id":"a5dd89dccca2430994e478549bf40ba2","resultcount":10,"search_ms":12.706}
request_id=a5dd89dccca2430994e478549bf40ba2 route=/v1/places status=200 duration_ms=14.0
{"backend_ms":10.858,"genid":"5eb4e43d9456b96a68ee44ffb7a58fe9137ed16bf40a670cf513c34564e44249","normalize_ms":0.217,"outcome":"success","request_id":"0670db86c45947e8bc584a6db1394039","responsebytes":516,"resultcount":1}
request_id=0670db86c45947e8bc584a6db1394039 route=/v1/places status=200 duration_ms=11.9
{"backend_ms":8.608,"genid":"5eb4e43d9456b96a68ee44ffb7a58fe9137ed16bf40a670cf513c34564e44249","normalize_ms":0.278,"outcome":"success","request_id":"3227301cbefd4cf496e90149db97af6a","responsebytes":878,"resultcount":2}
request_id=3227301cbefd4cf496e90149db97af6a route=/v1/places status=200 duration_ms=9.7
{"backend_ms":4.263,"genid":"5eb4e43d9456b96a68ee44ffb7a58fe9137ed16bf40a670cf513c34564e44249","normalize_ms":0.332,"outcome":"success","request_id":"8295d2c553444f19ac2d519c17634476","responsebytes":6291,"resultcount":10}
request_id=8295d2c553444f19ac2d519c17634476 route=/v1/places status=200 duration_ms=5.6
{"genid":"5eb4e43d9456b96a68ee44ffb7a58fe9137ed16bf40a670cf513c34564e44249","outcome":"success","request_id":"f28adcab06204ba28516e91d52ce016e","resultcount":2,"search_ms":6.1}
request_id=f28adcab06204ba28516e91d52ce016e route=/v1/places status=200 duration_ms=7.4
{"backend_ms":3.809,"genid":"5eb4e43d9456b96a68ee44ffb7a58fe9137ed16bf40a670cf513c34564e44249","normalize_ms":0.394,"outcome":"success","request_id":"d2581db9304f4ddb9c28e237637e31e3","responsebytes":6246,"resultcount":10}
request_id=d2581db9304f4ddb9c28e237637e31e3 route=/v1/places status=200 duration_ms=5.1
{"backend_ms":3.184,"genid":"5eb4e43d9456b96a68ee44ffb7a58fe9137ed16bf40a670cf513c34564e44249","normalize_ms":0.324,"outcome":"success","request_id":"a3ec794cb66446b1b8257b835d077d15","responsebytes":5099,"resultcount":10}
request_id=a3ec794cb66446b1b8257b835d077d15 route=/v1/places status=200 duration_ms=4.4
{"backend_ms":11.315,"genid":"5eb4e43d9456b96a68ee44ffb7a58fe9137ed16bf40a670cf513c34564e44249","normalize_ms":0.399,"outcome":"success","request_id":"de613ad314c5463bafe4ecb55559ec69","responsebytes":6140,"resultcount":10}
request_id=de613ad314c5463bafe4ecb55559ec69 route=/v1/places status=200 duration_ms=12.7
{"backend_ms":4.101,"genid":"5eb4e43d9456b96a68ee44ffb7a58fe9137ed16bf40a670cf513c34564e44249","normalize_ms":0.321,"outcome":"success","request_id":"897407a182164268a6a9bc2cf4b6d935","responsebytes":5361,"resultcount":10}
request_id=897407a182164268a6a9bc2cf4b6d935 route=/v1/places status=200 duration_ms=5.5
{"backend_ms":3.927,"genid":"5eb4e43d9456b96a68ee44ffb7a58fe9137ed16bf40a670cf513c34564e44249","normalize_ms":0.336,"outcome":"success","request_id":"1250c4381cfd41358e1a0cf6836a3b86","responsebytes":5814,"resultcount":10}
request_id=1250c4381cfd41358e1a0cf6836a3b86 route=/v1/places status=200 duration_ms=5.2
{"backend_ms":8.291,"genid":"5eb4e43d9456b96a68ee44ffb7a58fe9137ed16bf40a670cf513c34564e44249","normalize_ms":0.173,"outcome":"success","request_id":"271855995cff47089a31196f6b5c61eb","responsebytes":462,"resultcount":1}
request_id=271855995cff47089a31196f6b5c61eb route=/v1/places status=200 duration_ms=9.2
{"backend_ms":7.605,"genid":"5eb4e43d9456b96a68ee44ffb7a58fe9137ed16bf40a670cf513c34564e44249","normalize_ms":0.193,"outcome":"success","request_id":"b421bb9bd3614ebe95b13697eb1ccfe3","responsebytes":377,"resultcount":1}
request_id=b421bb9bd3614ebe95b13697eb1ccfe3 route=/v1/places status=200 duration_ms=8.6
{"backend_ms":8.251,"genid":"5eb4e43d9456b96a68ee44ffb7a58fe9137ed16bf40a670cf513c34564e44249","normalize_ms":0.199,"outcome":"success","request_id":"961c8c92f2654ae7a58fb5d13cd83281","responsebytes":368,"resultcount":1}
request_id=961c8c92f2654ae7a58fb5d13cd83281 route=/v1/places status=200 duration_ms=9.2
{"backend_ms":5.657,"genid":"5eb4e43d9456b96a68ee44ffb7a58fe9137ed16bf40a670cf513c34564e44249","normalize_ms":0.397,"outcome":"success","request_id":"1d4901848b634abfa1d1f27f43d84695","responsebytes":5789,"resultcount":10}
{"genid":"5eb4e43d9456b96a68ee44ffb7a58fe9137ed16bf40a670cf513c34564e44249","outcome":"validempty","request_id":"1d4901848b634abfa1d1f27f43d84695","resultcount":0,"search_ms":9.185}
{"backend_ms":26.609,"genid":"5eb4e43d9456b96a68ee44ffb7a58fe9137ed16bf40a670cf513c34564e44249","normalize_ms":0.534,"outcome":"success","request_id":"1d4901848b634abfa1d1f27f43d84695","responsebytes":2708,"resultcount":6}
request_id=1d4901848b634abfa1d1f27f43d84695 route=/v1/places status=200 duration_ms=28.3
{"backend_ms":58.645,"genid":"5eb4e43d9456b96a68ee44ffb7a58fe9137ed16bf40a670cf513c34564e44249","normalize_ms":0.356,"outcome":"success","request_id":"3a71e601a5234b2a86be631e87cca877","responsebytes":7488,"resultcount":10}
request_id=3a71e601a5234b2a86be631e87cca877 route=/v1/places status=200 duration_ms=60.1
{"backend_ms":10.713,"genid":"5eb4e43d9456b96a68ee44ffb7a58fe9137ed16bf40a670cf513c34564e44249","normalize_ms":0.286,"outcome":"success","request_id":"a34878c63fa9425fa5477e4ed408fbd0","responsebytes":927,"resultcount":2}
request_id=a34878c63fa9425fa5477e4ed408fbd0 route=/v1/places status=200 duration_ms=11.9
{"backend_ms":7.809,"genid":"5eb4e43d9456b96a68ee44ffb7a58fe9137ed16bf40a670cf513c34564e44249","normalize_ms":0.238,"outcome":"success","request_id":"76c162b1b4de4ef4acd37c88b9790128","responsebytes":735,"resultcount":2}
request_id=76c162b1b4de4ef4acd37c88b9790128 route=/v1/places status=200 duration_ms=8.9
{"backend_ms":3.393,"genid":"5eb4e43d9456b96a68ee44ffb7a58fe9137ed16bf40a670cf513c34564e44249","normalize_ms":0.309,"outcome":"success","request_id":"78daae9b81924c8b9b4b05ed2608454b","responsebytes":5668,"resultcount":10}
request_id=78daae9b81924c8b9b4b05ed2608454b route=/v1/places status=200 duration_ms=4.6
{"backend_ms":4.433,"genid":"5eb4e43d9456b96a68ee44ffb7a58fe9137ed16bf40a670cf513c34564e44249","normalize_ms":0.324,"outcome":"success","request_id":"70ec8c66d5304d3189996689503ea6ab","responsebytes":5485,"resultcount":10}
request_id=70ec8c66d5304d3189996689503ea6ab route=/v1/places status=200 duration_ms=5.7
{"backend_ms":4.261,"genid":"5eb4e43d9456b96a68ee44ffb7a58fe9137ed16bf40a670cf513c34564e44249","normalize_ms":0.307,"outcome":"success","request_id":"26825c88c9fc44018af331b141f4cdc7","responsebytes":4996,"resultcount":10}
request_id=26825c88c9fc44018af331b141f4cdc7 route=/v1/places status=200 duration_ms=5.4
{"backend_ms":56.643,"genid":"5eb4e43d9456b96a68ee44ffb7a58fe9137ed16bf40a670cf513c34564e44249","normalize_ms":0.345,"outcome":"success","request_id":"74746eaa284f400792034923e34d3db0","responsebytes":6413,"resultcount":10}
request_id=74746eaa284f400792034923e34d3db0 route=/v1/places status=200 duration_ms=58.1
{"backend_ms":21.101,"genid":"5eb4e43d9456b96a68ee44ffb7a58fe9137ed16bf40a670cf513c34564e44249","normalize_ms":0.315,"outcome":"success","request_id":"71be3a7d890e43408a16cd8ac63e949d","responsebytes":5940,"resultcount":10}
request_id=71be3a7d890e43408a16cd8ac63e949d route=/v1/places status=200 duration_ms=22.4
{"backend_ms":4.263,"genid":"5eb4e43d9456b96a68ee44ffb7a58fe9137ed16bf40a670cf513c34564e44249","normalize_ms":0.385,"outcome":"success","request_id":"2fdddb0c44cb4c9788c292517830e0b1","responsebytes":5913,"resultcount":10}
request_id=2fdddb0c44cb4c9788c292517830e0b1 route=/v1/places status=200 duration_ms=5.6
{"backend_ms":10.561,"genid":"5eb4e43d9456b96a68ee44ffb7a58fe9137ed16bf40a670cf513c34564e44249","normalize_ms":0.324,"outcome":"success","request_id":"1651f3c5590a48099612b690ffbc576a","responsebytes":5792,"resultcount":10}
request_id=1651f3c5590a48099612b690ffbc576a route=/v1/places status=200 duration_ms=11.9
{"backend_ms":3.127,"genid":"5eb4e43d9456b96a68ee44ffb7a58fe9137ed16bf40a670cf513c34564e44249","normalize_ms":0.082,"outcome":"success","request_id":"40f8ab0ab0954a65b07f3ab0346aa886","responsebytes":558,"resultcount":1}
request_id=40f8ab0ab0954a65b07f3ab0346aa886 route=/v1/places status=200 duration_ms=4.2
{"backend_ms":11.133,"genid":"5eb4e43d9456b96a68ee44ffb7a58fe9137ed16bf40a670cf513c34564e44249","normalize_ms":0.314,"outcome":"success","request_id":"f1dea49c42344390bcb22261d6e00d68","responsebytes":6080,"resultcount":10}
request_id=f1dea49c42344390bcb22261d6e00d68 route=/v1/places status=200 duration_ms=12.3
{"backend_ms":5.716,"genid":"5eb4e43d9456b96a68ee44ffb7a58fe9137ed16bf40a670cf513c34564e44249","normalize_ms":0.305,"outcome":"success","request_id":"bd01032c2bb247c3be5712f7044991b7","responsebytes":5018,"resultcount":10}
request_id=bd01032c2bb247c3be5712f7044991b7 route=/v1/places status=200 duration_ms=6.9
{"genid":"5eb4e43d9456b96a68ee44ffb7a58fe9137ed16bf40a670cf513c34564e44249","outcome":"success","request_id":"2fe2118468944d7788677421afdf5eb1","resultcount":5,"search_ms":4.48}
request_id=2fe2118468944d7788677421afdf5eb1 route=/v1/places status=200 duration_ms=5.6
{"backend_ms":6.247,"genid":"5eb4e43d9456b96a68ee44ffb7a58fe9137ed16bf40a670cf513c34564e44249","normalize_ms":0.369,"outcome":"success","request_id":"0c99470a78d04854a4659550d2361751","responsebytes":7506,"resultcount":10}
request_id=0c99470a78d04854a4659550d2361751 route=/v1/places status=200 duration_ms=7.6
{"backend_ms":3.842,"genid":"5eb4e43d9456b96a68ee44ffb7a58fe9137ed16bf40a670cf513c34564e44249","normalize_ms":0.261,"outcome":"success","request_id":"131ba18796ff4c1180d20439cc72b0a1","responsebytes":4049,"resultcount":8}
request_id=131ba18796ff4c1180d20439cc72b0a1 route=/v1/places status=200 duration_ms=5.0
{"backend_ms":7.919,"genid":"5eb4e43d9456b96a68ee44ffb7a58fe9137ed16bf40a670cf513c34564e44249","normalize_ms":0.317,"outcome":"success","request_id":"457640c383cf4de0a4c8cb0d810dd725","responsebytes":6197,"resultcount":10}
request_id=457640c383cf4de0a4c8cb0d810dd725 route=/v1/places status=200 duration_ms=9.1
{"genid":"5eb4e43d9456b96a68ee44ffb7a58fe9137ed16bf40a670cf513c34564e44249","outcome":"success","request_id":"c2df0917fbe8433abea518a240f1f5a7","resultcount":10,"search_ms":2.771}
{"backend_ms":5.255,"genid":"5eb4e43d9456b96a68ee44ffb7a58fe9137ed16bf40a670cf513c34564e44249","normalize_ms":0.324,"outcome":"success","request_id":"c2df0917fbe8433abea518a240f1f5a7","responsebytes":5478,"resultcount":10}
{"backend_ms":15.48,"genid":"5eb4e43d9456b96a68ee44ffb7a58fe9137ed16bf40a670cf513c34564e44249","normalize_ms":0.455,"outcome":"success","request_id":"c2df0917fbe8433abea518a240f1f5a7","responsebytes":2645,"resultcount":6}
request_id=c2df0917fbe8433abea518a240f1f5a7 route=/v1/places status=200 duration_ms=17.1
{"backend_ms":4.291,"genid":"5eb4e43d9456b96a68ee44ffb7a58fe9137ed16bf40a670cf513c34564e44249","normalize_ms":0.334,"outcome":"success","request_id":"18b72823e651403e9ad97577e25f9f98","responsebytes":6542,"resultcount":10}
request_id=18b72823e651403e9ad97577e25f9f98 route=/v1/places status=200 duration_ms=5.6
{"backend_ms":8.929,"genid":"5eb4e43d9456b96a68ee44ffb7a58fe9137ed16bf40a670cf513c34564e44249","normalize_ms":0.199,"outcome":"success","request_id":"12dc2b0a94394154951b70a28237e620","responsebytes":352,"resultcount":1}
request_id=12dc2b0a94394154951b70a28237e620 route=/v1/places status=200 duration_ms=9.9
{"backend_ms":3.379,"genid":"5eb4e43d9456b96a68ee44ffb7a58fe9137ed16bf40a670cf513c34564e44249","normalize_ms":0.291,"outcome":"success","request_id":"e2c53357639f4ef2b96b1f359c74d5b5","responsebytes":4764,"resultcount":10}
request_id=e2c53357639f4ef2b96b1f359c74d5b5 route=/v1/places status=200 duration_ms=4.6
{"genid":"5eb4e43d9456b96a68ee44ffb7a58fe9137ed16bf40a670cf513c34564e44249","outcome":"success","request_id":"b5404ee388574d13819d7c36a28a0e5d","resultcount":10,"search_ms":0.958}
{"backend_ms":3.621,"genid":"5eb4e43d9456b96a68ee44ffb7a58fe9137ed16bf40a670cf513c34564e44249","normalize_ms":0.319,"outcome":"success","request_id":"b5404ee388574d13819d7c36a28a0e5d","responsebytes":5516,"resultcount":10}
{"backend_ms":15.584,"genid":"5eb4e43d9456b96a68ee44ffb7a58fe9137ed16bf40a670cf513c34564e44249","normalize_ms":0.173,"outcome":"success","request_id":"b5404ee388574d13819d7c36a28a0e5d","responsebytes":482,"resultcount":1}
request_id=b5404ee388574d13819d7c36a28a0e5d route=/v1/places status=200 duration_ms=16.8
{"genid":"5eb4e43d9456b96a68ee44ffb7a58fe9137ed16bf40a670cf513c34564e44249","outcome":"success","request_id":"2daa98b7e845485b95d2619f1e561682","resultcount":10,"search_ms":13.788}
{"backend_ms":15.418,"genid":"5eb4e43d9456b96a68ee44ffb7a58fe9137ed16bf40a670cf513c34564e44249","normalize_ms":0.158,"outcome":"success","request_id":"2daa98b7e845485b95d2619f1e561682","responsebytes":453,"resultcount":1}
{"backend_ms":15.067,"genid":"5eb4e43d9456b96a68ee44ffb7a58fe9137ed16bf40a670cf513c34564e44249","normalize_ms":0.281,"outcome":"success","request_id":"2daa98b7e845485b95d2619f1e561682","responsebytes":5528,"resultcount":10}
request_id=2daa98b7e845485b95d2619f1e561682 route=/v1/places status=200 duration_ms=17.5
{"backend_ms":7.303,"genid":"5eb4e43d9456b96a68ee44ffb7a58fe9137ed16bf40a670cf513c34564e44249","normalize_ms":0.306,"outcome":"success","request_id":"00d4dd9c3db342e88e91bf31bb310544","responsebytes":5766,"resultcount":10}
request_id=00d4dd9c3db342e88e91bf31bb310544 route=/v1/places status=200 duration_ms=8.5
{"backend_ms":10.857,"genid":"5eb4e43d9456b96a68ee44ffb7a58fe9137ed16bf40a670cf513c34564e44249","normalize_ms":0.323,"outcome":"success","request_id":"b74419f334954660b00a8fa70e29d9f9","responsebytes":5544,"resultcount":10}
request_id=b74419f334954660b00a8fa70e29d9f9 route=/v1/places status=200 duration_ms=12.1
{"backend_ms":3.673,"genid":"5eb4e43d9456b96a68ee44ffb7a58fe9137ed16bf40a670cf513c34564e44249","normalize_ms":0.321,"outcome":"success","request_id":"dfa8daa64f3f45afbd5c6fe018c0cc4d","responsebytes":5597,"resultcount":10}
request_id=dfa8daa64f3f45afbd5c6fe018c0cc4d route=/v1/places status=200 duration_ms=4.9
{"backend_ms":8.22,"genid":"5eb4e43d9456b96a68ee44ffb7a58fe9137ed16bf40a670cf513c34564e44249","normalize_ms":0.334,"outcome":"success","request_id":"797d989ec6584a8e89dd5122da28f76f","responsebytes":1000,"resultcount":3}
request_id=797d989ec6584a8e89dd5122da28f76f route=/v1/places status=200 duration_ms=9.4
{"genid":"5eb4e43d9456b96a68ee44ffb7a58fe9137ed16bf40a670cf513c34564e44249","outcome":"success","request_id":"62b83fec771242c1bfd58ae8a29b8cec","resultcount":6,"search_ms":0.831}
{"backend_ms":4.359,"genid":"5eb4e43d9456b96a68ee44ffb7a58fe9137ed16bf40a670cf513c34564e44249","normalize_ms":0.336,"outcome":"success","request_id":"62b83fec771242c1bfd58ae8a29b8cec","responsebytes":5420,"resultcount":10}
{"backend_ms":19.191,"genid":"5eb4e43d9456b96a68ee44ffb7a58fe9137ed16bf40a670cf513c34564e44249","normalize_ms":0.528,"outcome":"success","request_id":"62b83fec771242c1bfd58ae8a29b8cec","responsebytes":2679,"resultcount":7}
request_id=62b83fec771242c1bfd58ae8a29b8cec route=/v1/places status=200 duration_ms=21.0
{"backend_ms":4.049,"genid":"5eb4e43d9456b96a68ee44ffb7a58fe9137ed16bf40a670cf513c34564e44249","normalize_ms":0.275,"outcome":"success","request_id":"2dd12e118ffb44ab91b2294e656c250a","responsebytes":4450,"resultcount":8}
request_id=2dd12e118ffb44ab91b2294e656c250a route=/v1/places status=200 duration_ms=5.3
{"genid":"5eb4e43d9456b96a68ee44ffb7a58fe9137ed16bf40a670cf513c34564e44249","outcome":"success","request_id":"99ad5ccaa19c4ddfa30baf338b0622ea","resultcount":10,"search_ms":3.51}
request_id=99ad5ccaa19c4ddfa30baf338b0622ea route=/v1/places status=200 duration_ms=4.7
{"genid":"5eb4e43d9456b96a68ee44ffb7a58fe9137ed16bf40a670cf513c34564e44249","outcome":"success","request_id":"9804584567f8426dbdb0a25e08192f6c","resultcount":3,"search_ms":6.298}
request_id=9804584567f8426dbdb0a25e08192f6c route=/v1/places status=200 duration_ms=7.6
{"backend_ms":4.111,"genid":"5eb4e43d9456b96a68ee44ffb7a58fe9137ed16bf40a670cf513c34564e44249","normalize_ms":0.41,"outcome":"success","request_id":"5ab4f2e9f97d467092db11205aad2aa9","responsebytes":5227,"resultcount":10}
request_id=5ab4f2e9f97d467092db11205aad2aa9 route=/v1/places status=200 duration_ms=5.5
{"backend_ms":3.832,"genid":"5eb4e43d9456b96a68ee44ffb7a58fe9137ed16bf40a670cf513c34564e44249","normalize_ms":0.314,"outcome":"success","request_id":"437c0b88bcf143f5a1dcecaeca3f0dbb","responsebytes":5116,"resultcount":10}
request_id=437c0b88bcf143f5a1dcecaeca3f0dbb route=/v1/places status=200 duration_ms=5.0
{"backend_ms":4.15,"genid":"5eb4e43d9456b96a68ee44ffb7a58fe9137ed16bf40a670cf513c34564e44249","normalize_ms":0.338,"outcome":"success","request_id":"10ecbc2a1a2a4744a1dad4c8fccb3808","responsebytes":5789,"resultcount":10}
request_id=10ecbc2a1a2a4744a1dad4c8fccb3808 route=/v1/places status=200 duration_ms=5.6
{"backend_ms":3.086,"genid":"5eb4e43d9456b96a68ee44ffb7a58fe9137ed16bf40a670cf513c34564e44249","normalize_ms":0.086,"outcome":"success","request_id":"585799cd7c42464e9e1d42429ba07faf","responsebytes":722,"resultcount":1}
request_id=585799cd7c42464e9e1d42429ba07faf route=/v1/places status=200 duration_ms=3.8
{"backend_ms":47.21,"genid":"5eb4e43d9456b96a68ee44ffb7a58fe9137ed16bf40a670cf513c34564e44249","normalize_ms":0.348,"outcome":"success","request_id":"9836be53021a48b29585d4f1c463e561","responsebytes":6801,"resultcount":10}
request_id=9836be53021a48b29585d4f1c463e561 route=/v1/places status=200 duration_ms=48.7
{"backend_ms":16.443,"genid":"5eb4e43d9456b96a68ee44ffb7a58fe9137ed16bf40a670cf513c34564e44249","normalize_ms":0.331,"outcome":"success","request_id":"c5d80bc4fee341a1ae5266ccf1f7a79c","responsebytes":5769,"resultcount":10}
request_id=c5d80bc4fee341a1ae5266ccf1f7a79c route=/v1/places status=200 duration_ms=17.9
{"backend_ms":5.407,"genid":"5eb4e43d9456b96a68ee44ffb7a58fe9137ed16bf40a670cf513c34564e44249","normalize_ms":0.312,"outcome":"success","request_id":"6655215fa0154cff8fd783b45206b092","responsebytes":4622,"resultcount":10}
request_id=6655215fa0154cff8fd783b45206b092 route=/v1/places status=200 duration_ms=6.7
{"genid":"5eb4e43d9456b96a68ee44ffb7a58fe9137ed16bf40a670cf513c34564e44249","outcome":"success","request_id":"f43bd9fa6cb64174b34b7aa317cb5e12","resultcount":10,"search_ms":7.463}
{"backend_ms":10.489,"genid":"5eb4e43d9456b96a68ee44ffb7a58fe9137ed16bf40a670cf513c34564e44249","normalize_ms":0.354,"outcome":"success","request_id":"f43bd9fa6cb64174b34b7aa317cb5e12","responsebytes":5827,"resultcount":10}
{"backend_ms":13.296,"genid":"5eb4e43d9456b96a68ee44ffb7a58fe9137ed16bf40a670cf513c34564e44249","normalize_ms":0.208,"outcome":"success","request_id":"f43bd9fa6cb64174b34b7aa317cb5e12","responsebytes":486,"resultcount":1}
request_id=f43bd9fa6cb64174b34b7aa317cb5e12 route=/v1/places status=200 duration_ms=14.8
{"backend_ms":4.581,"genid":"5eb4e43d9456b96a68ee44ffb7a58fe9137ed16bf40a670cf513c34564e44249","normalize_ms":0.463,"outcome":"success","request_id":"8e01bfaa9017478bba358059b34b4ee7","responsebytes":5901,"resultcount":10}
request_id=8e01bfaa9017478bba358059b34b4ee7 route=/v1/places status=200 duration_ms=6.3
{"backend_ms":7.584,"genid":"5eb4e43d9456b96a68ee44ffb7a58fe9137ed16bf40a670cf513c34564e44249","normalize_ms":0.394,"outcome":"success","request_id":"6c7df407688848cf8410ee5dc5300e61","responsebytes":5489,"resultcount":10}
{"genid":"5eb4e43d9456b96a68ee44ffb7a58fe9137ed16bf40a670cf513c34564e44249","outcome":"success","request_id":"6c7df407688848cf8410ee5dc5300e61","resultcount":3,"search_ms":9.556}
{"backend_ms":16.991,"genid":"5eb4e43d9456b96a68ee44ffb7a58fe9137ed16bf40a670cf513c34564e44249","normalize_ms":0.019,"outcome":"validempty","request_id":"6c7df407688848cf8410ee5dc5300e61","responsebytes":42,"resultcount":0}
request_id=6c7df407688848cf8410ee5dc5300e61 route=/v1/places status=200 duration_ms=18.1
{"backend_ms":5.12,"genid":"5eb4e43d9456b96a68ee44ffb7a58fe9137ed16bf40a670cf513c34564e44249","normalize_ms":0.367,"outcome":"success","request_id":"b06f6ba82bb342a0a15c20b3b9befa03","responsebytes":5813,"resultcount":10}
request_id=b06f6ba82bb342a0a15c20b3b9befa03 route=/v1/places status=200 duration_ms=6.5
{"backend_ms":5.213,"genid":"5eb4e43d9456b96a68ee44ffb7a58fe9137ed16bf40a670cf513c34564e44249","normalize_ms":0.341,"outcome":"success","request_id":"9ce51fc07f684df69683fb2078cbbc53","responsebytes":5915,"resultcount":10}
request_id=9ce51fc07f684df69683fb2078cbbc53 route=/v1/places status=200 duration_ms=6.5
{"genid":"5eb4e43d9456b96a68ee44ffb7a58fe9137ed16bf40a670cf513c34564e44249","outcome":"success","request_id":"01f9e70b19734b628e1b6099f2d0e0da","resultcount":10,"search_ms":8.127}
{"backend_ms":5.215,"genid":"5eb4e43d9456b96a68ee44ffb7a58fe9137ed16bf40a670cf513c34564e44249","normalize_ms":0.337,"outcome":"success","request_id":"01f9e70b19734b628e1b6099f2d0e0da","responsebytes":5689,"resultcount":10}
{"backend_ms":17.107,"genid":"5eb4e43d9456b96a68ee44ffb7a58fe9137ed16bf40a670cf513c34564e44249","normalize_ms":0.307,"outcome":"success","request_id":"01f9e70b19734b628e1b6099f2d0e0da","responsebytes":1074,"resultcount":3}
request_id=01f9e70b19734b628e1b6099f2d0e0da route=/v1/places status=200 duration_ms=18.6
{"backend_ms":3.531,"genid":"5eb4e43d9456b96a68ee44ffb7a58fe9137ed16bf40a670cf513c34564e44249","normalize_ms":0.307,"outcome":"success","request_id":"5425170180344ef4a68701c74f88d544","responsebytes":5718,"resultcount":10}
request_id=5425170180344ef4a68701c74f88d544 route=/v1/places status=200 duration_ms=4.7
{"backend_ms":4.575,"genid":"5eb4e43d9456b96a68ee44ffb7a58fe9137ed16bf40a670cf513c34564e44249","normalize_ms":0.375,"outcome":"success","request_id":"36ba73e9c4494f73b9bee553ab89b3a6","responsebytes":7109,"resultcount":10}
request_id=36ba73e9c4494f73b9bee553ab89b3a6 route=/v1/places status=200 duration_ms=5.9
{"genid":"5eb4e43d9456b96a68ee44ffb7a58fe9137ed16bf40a670cf513c34564e44249","outcome":"success","request_id":"82f5b7612b6f4ad4ab41579f81b2a4e7","resultcount":10,"search_ms":6.701}
{"backend_ms":9.713,"genid":"5eb4e43d9456b96a68ee44ffb7a58fe9137ed16bf40a670cf513c34564e44249","normalize_ms":0.332,"outcome":"success","request_id":"82f5b7612b6f4ad4ab41579f81b2a4e7","responsebytes":5859,"resultcount":10}
{"backend_ms":20.241,"genid":"5eb4e43d9456b96a68ee44ffb7a58fe9137ed16bf40a670cf513c34564e44249","normalize_ms":0.02,"outcome":"validempty","request_id":"82f5b7612b6f4ad4ab41579f81b2a4e7","responsebytes":42,"resultcount":0}
request_id=82f5b7612b6f4ad4ab41579f81b2a4e7 route=/v1/places status=200 duration_ms=21.3
{"backend_ms":4.572,"genid":"5eb4e43d9456b96a68ee44ffb7a58fe9137ed16bf40a670cf513c34564e44249","normalize_ms":0.32,"outcome":"success","request_id":"8158868c349f48dfaebd9624c69d4eb1","responsebytes":5770,"resultcount":10}
request_id=8158868c349f48dfaebd9624c69d4eb1 route=/v1/places status=200 duration_ms=5.8
{"backend_ms":3.878,"genid":"5eb4e43d9456b96a68ee44ffb7a58fe9137ed16bf40a670cf513c34564e44249","normalize_ms":0.382,"outcome":"success","request_id":"676f95ea103544c19b55b96c0d91869d","responsebytes":5984,"resultcount":10}
request_id=676f95ea103544c19b55b96c0d91869d route=/v1/places status=200 duration_ms=5.2
{"backend_ms":27.276,"genid":"5eb4e43d9456b96a68ee44ffb7a58fe9137ed16bf40a670cf513c34564e44249","normalize_ms":0.34,"outcome":"success","request_id":"8debd7d06999447f89fa68b128546133","responsebytes":6135,"resultcount":10}
request_id=8debd7d06999447f89fa68b128546133 route=/v1/places status=200 duration_ms=28.6
{"genid":"5eb4e43d9456b96a68ee44ffb7a58fe9137ed16bf40a670cf513c34564e44249","outcome":"validempty","request_id":"ec9c482122c34425a75a5c342758c65a","resultcount":0,"search_ms":1.051}
{"backend_ms":4.408,"genid":"5eb4e43d9456b96a68ee44ffb7a58fe9137ed16bf40a670cf513c34564e44249","normalize_ms":0.332,"outcome":"success","request_id":"ec9c482122c34425a75a5c342758c65a","responsebytes":5798,"resultcount":10}
{"backend_ms":13.306,"genid":"5eb4e43d9456b96a68ee44ffb7a58fe9137ed16bf40a670cf513c34564e44249","normalize_ms":0.379,"outcome":"success","request_id":"ec9c482122c34425a75a5c342758c65a","responsebytes":1866,"resultcount":4}
request_id=ec9c482122c34425a75a5c342758c65a route=/v1/places status=200 duration_ms=14.8
{"genid":"5eb4e43d9456b96a68ee44ffb7a58fe9137ed16bf40a670cf513c34564e44249","outcome":"success","request_id":"79c11dbe430a49fb8e83b73203e0d0f3","resultcount":4,"search_ms":6.052}
request_id=79c11dbe430a49fb8e83b73203e0d0f3 route=/v1/places status=200 duration_ms=7.1
{"backend_ms":11.044,"genid":"5eb4e43d9456b96a68ee44ffb7a58fe9137ed16bf40a670cf513c34564e44249","normalize_ms":0.354,"outcome":"success","request_id":"87bb662b0eda417ebf57d158247f5b79","responsebytes":5791,"resultcount":10}
request_id=87bb662b0eda417ebf57d158247f5b79 route=/v1/places status=200 duration_ms=12.5
{"backend_ms":9.762,"genid":"5eb4e43d9456b96a68ee44ffb7a58fe9137ed16bf40a670cf513c34564e44249","normalize_ms":0.339,"outcome":"success","request_id":"796514c8b7114f49be7f9df51d3c0f3f","responsebytes":5697,"resultcount":10}
{"backend_ms":16.52,"genid":"5eb4e43d9456b96a68ee44ffb7a58fe9137ed16bf40a670cf513c34564e44249","normalize_ms":0.02,"outcome":"validempty","request_id":"796514c8b7114f49be7f9df51d3c0f3f","responsebytes":42,"resultcount":0}
{"genid":"5eb4e43d9456b96a68ee44ffb7a58fe9137ed16bf40a670cf513c34564e44249","outcome":"success","request_id":"796514c8b7114f49be7f9df51d3c0f3f","resultcount":10,"search_ms":21.574}
request_id=796514c8b7114f49be7f9df51d3c0f3f route=/v1/places status=200 duration_ms=23.1
{"genid":"5eb4e43d9456b96a68ee44ffb7a58fe9137ed16bf40a670cf513c34564e44249","outcome":"success","request_id":"2270b65abf61441cb73edfbcbc7fcd77","resultcount":10,"search_ms":1.778}
request_id=2270b65abf61441cb73edfbcbc7fcd77 route=/v1/places status=200 duration_ms=3.1
{"backend_ms":6.213,"genid":"5eb4e43d9456b96a68ee44ffb7a58fe9137ed16bf40a670cf513c34564e44249","normalize_ms":0.323,"outcome":"success","request_id":"dc872b4556da42cfa75fd463b13aa363","responsebytes":5959,"resultcount":10}
request_id=dc872b4556da42cfa75fd463b13aa363 route=/v1/places status=200 duration_ms=7.5
{"backend_ms":28.288,"genid":"5eb4e43d9456b96a68ee44ffb7a58fe9137ed16bf40a670cf513c34564e44249","normalize_ms":0.258,"outcome":"success","request_id":"066b5f6256674dd4937392da6ac346de","responsebytes":783,"resultcount":2}
request_id=066b5f6256674dd4937392da6ac346de route=/v1/places status=200 duration_ms=29.3
{"backend_ms":7.794,"genid":"5eb4e43d9456b96a68ee44ffb7a58fe9137ed16bf40a670cf513c34564e44249","normalize_ms":0.225,"outcome":"success","request_id":"aba9c079709a4e7fbb1f48de93cc7dd4","responsebytes":361,"resultcount":1}
request_id=aba9c079709a4e7fbb1f48de93cc7dd4 route=/v1/places status=200 duration_ms=8.8
{"backend_ms":5.265,"genid":"5eb4e43d9456b96a68ee44ffb7a58fe9137ed16bf40a670cf513c34564e44249","normalize_ms":0.348,"outcome":"success","request_id":"16ea8f72aefd46db89045f0841e639f9","responsebytes":5616,"resultcount":10}
request_id=16ea8f72aefd46db89045f0841e639f9 route=/v1/places status=200 duration_ms=6.6
{"backend_ms":5.339,"genid":"5eb4e43d9456b96a68ee44ffb7a58fe9137ed16bf40a670cf513c34564e44249","normalize_ms":0.327,"outcome":"success","request_id":"c0676366417546eea2150cdc0294dce2","responsebytes":5523,"resultcount":10}
request_id=c0676366417546eea2150cdc0294dce2 route=/v1/places status=200 duration_ms=6.6
{"backend_ms":6.387,"genid":"5eb4e43d9456b96a68ee44ffb7a58fe9137ed16bf40a670cf513c34564e44249","normalize_ms":0.345,"outcome":"success","request_id":"237f555653ff448b81f28d9b7416ac3e","responsebytes":5691,"resultcount":10}
request_id=237f555653ff448b81f28d9b7416ac3e route=/v1/places status=200 duration_ms=7.9
{"backend_ms":10.219,"genid":"5eb4e43d9456b96a68ee44ffb7a58fe9137ed16bf40a670cf513c34564e44249","normalize_ms":0.321,"outcome":"success","request_id":"57278e82cb2b49a7a6d6906f45ec970e","responsebytes":5532,"resultcount":10}
request_id=57278e82cb2b49a7a6d6906f45ec970e route=/v1/places status=200 duration_ms=11.6
{"backend_ms":6.519,"genid":"5eb4e43d9456b96a68ee44ffb7a58fe9137ed16bf40a670cf513c34564e44249","normalize_ms":0.33,"outcome":"success","request_id":"ecae6e75eb98475b88c6f9d422f2dbd3","responsebytes":6230,"resultcount":10}
request_id=ecae6e75eb98475b88c6f9d422f2dbd3 route=/v1/places status=200 duration_ms=7.8
{"backend_ms":3.964,"genid":"5eb4e43d9456b96a68ee44ffb7a58fe9137ed16bf40a670cf513c34564e44249","normalize_ms":0.37,"outcome":"success","request_id":"7054ea038b184c119db39dce7acaf834","responsebytes":5795,"resultcount":10}
request_id=7054ea038b184c119db39dce7acaf834 route=/v1/places status=200 duration_ms=5.4
{"genid":"5eb4e43d9456b96a68ee44ffb7a58fe9137ed16bf40a670cf513c34564e44249","outcome":"success","request_id":"d876df1c592843db8614ff26fd66a4fb","resultcount":10,"search_ms":9.056}
{"backend_ms":10.96,"genid":"5eb4e43d9456b96a68ee44ffb7a58fe9137ed16bf40a670cf513c34564e44249","normalize_ms":0.158,"outcome":"success","request_id":"d876df1c592843db8614ff26fd66a4fb","responsebytes":446,"resultcount":1}
{"backend_ms":10.586,"genid":"5eb4e43d9456b96a68ee44ffb7a58fe9137ed16bf40a670cf513c34564e44249","normalize_ms":0.317,"outcome":"success","request_id":"d876df1c592843db8614ff26fd66a4fb","responsebytes":5806,"resultcount":10}
request_id=d876df1c592843db8614ff26fd66a4fb route=/v1/places status=200 duration_ms=13.1
{"backend_ms":11.122,"genid":"5eb4e43d9456b96a68ee44ffb7a58fe9137ed16bf40a670cf513c34564e44249","normalize_ms":0.331,"outcome":"success","request_id":"88804050a14a4e9d95157236c0bee682","responsebytes":6241,"resultcount":10}
request_id=88804050a14a4e9d95157236c0bee682 route=/v1/places status=200 duration_ms=12.5
{"backend_ms":6.623,"genid":"5eb4e43d9456b96a68ee44ffb7a58fe9137ed16bf40a670cf513c34564e44249","normalize_ms":0.342,"outcome":"success","request_id":"b639930b7c0e4b8b93ab5fed8afbfe72","responsebytes":5412,"resultcount":10}
request_id=b639930b7c0e4b8b93ab5fed8afbfe72 route=/v1/places status=200 duration_ms=8.3
{"backend_ms":3.386,"genid":"5eb4e43d9456b96a68ee44ffb7a58fe9137ed16bf40a670cf513c34564e44249","normalize_ms":0.118,"outcome":"success","request_id":"faf0bba125ff4f6189de0ce87b9ef56f","responsebytes":1165,"resultcount":2}
request_id=faf0bba125ff4f6189de0ce87b9ef56f route=/v1/places status=200 duration_ms=4.3
{"backend_ms":9.447,"genid":"5eb4e43d9456b96a68ee44ffb7a58fe9137ed16bf40a670cf513c34564e44249","normalize_ms":0.52,"outcome":"success","request_id":"56811ead323e48ae851dfc2b4fb39c92","responsebytes":2420,"resultcount":7}
request_id=56811ead323e48ae851dfc2b4fb39c92 route=/v1/places status=200 duration_ms=10.9
{"genid":"5eb4e43d9456b96a68ee44ffb7a58fe9137ed16bf40a670cf513c34564e44249","outcome":"success","request_id":"71e8bcf367a94592a781d405d63de7e0","resultcount":10,"search_ms":9.177}
{"backend_ms":11.038,"genid":"5eb4e43d9456b96a68ee44ffb7a58fe9137ed16bf40a670cf513c34564e44249","normalize_ms":0.405,"outcome":"success","request_id":"71e8bcf367a94592a781d405d63de7e0","responsebytes":2218,"resultcount":5}
{"backend_ms":11.347,"genid":"5eb4e43d9456b96a68ee44ffb7a58fe9137ed16bf40a670cf513c34564e44249","normalize_ms":0.303,"outcome":"success","request_id":"71e8bcf367a94592a781d405d63de7e0","responsebytes":5834,"resultcount":10}
request_id=71e8bcf367a94592a781d405d63de7e0 route=/v1/places status=200 duration_ms=13.7
{"backend_ms":26.236,"genid":"5eb4e43d9456b96a68ee44ffb7a58fe9137ed16bf40a670cf513c34564e44249","normalize_ms":0.657,"outcome":"success","request_id":"25e0c3e004404ed2991f3df381a20fb9","responsebytes":2641,"resultcount":8}
request_id=25e0c3e004404ed2991f3df381a20fb9 route=/v1/places status=200 duration_ms=27.9
{"backend_ms":32.811,"genid":"5eb4e43d9456b96a68ee44ffb7a58fe9137ed16bf40a670cf513c34564e44249","normalize_ms":0.401,"outcome":"success","request_id":"f57eccd161054d0086afcc7ce2ec2eb9","responsebytes":6341,"resultcount":10}
request_id=f57eccd161054d0086afcc7ce2ec2eb9 route=/v1/places status=200 duration_ms=34.3
{"backend_ms":25.994,"genid":"5eb4e43d9456b96a68ee44ffb7a58fe9137ed16bf40a670cf513c34564e44249","normalize_ms":0.445,"outcome":"success","request_id":"eae81409135446dba07a5b02e95bd733","responsebytes":6032,"resultcount":10}
request_id=eae81409135446dba07a5b02e95bd733 route=/v1/places status=200 duration_ms=27.7
{"backend_ms":4.013,"genid":"5eb4e43d9456b96a68ee44ffb7a58fe9137ed16bf40a670cf513c34564e44249","normalize_ms":0.324,"outcome":"success","request_id":"fe3b1f35878f4988a73f352a485dcad4","responsebytes":5757,"resultcount":10}
request_id=fe3b1f35878f4988a73f352a485dcad4 route=/v1/places status=200 duration_ms=5.4
{"backend_ms":12.494,"genid":"5eb4e43d9456b96a68ee44ffb7a58fe9137ed16bf40a670cf513c34564e44249","normalize_ms":0.328,"outcome":"success","request_id":"df4b5466920348ef9232a8d9a8d3ba03","responsebytes":1015,"resultcount":3}
request_id=df4b5466920348ef9232a8d9a8d3ba03 route=/v1/places status=200 duration_ms=13.7
{"backend_ms":3.352,"genid":"5eb4e43d9456b96a68ee44ffb7a58fe9137ed16bf40a670cf513c34564e44249","normalize_ms":0.305,"outcome":"success","request_id":"c0d58a5b37d74825a2b4b63f9ff5ddb2","responsebytes":5341,"resultcount":10}
request_id=c0d58a5b37d74825a2b4b63f9ff5ddb2 route=/v1/places status=200 duration_ms=4.5
{"backend_ms":19.023,"genid":"5eb4e43d9456b96a68ee44ffb7a58fe9137ed16bf40a670cf513c34564e44249","normalize_ms":0.333,"outcome":"success","request_id":"4bcfd5246ed44e93a79e2f8e610f4631","responsebytes":994,"resultcount":3}
request_id=4bcfd5246ed44e93a79e2f8e610f4631 route=/v1/places status=200 duration_ms=20.1
{"backend_ms":10.448,"genid":"5eb4e43d9456b96a68ee44ffb7a58fe9137ed16bf40a670cf513c34564e44249","normalize_ms":0.368,"outcome":"success","request_id":"afde8bc5b2484d9bb61d6644b78c0eb6","responsebytes":5932,"resultcount":10}
request_id=afde8bc5b2484d9bb61d6644b78c0eb6 route=/v1/places status=200 duration_ms=11.9
{"genid":"5eb4e43d9456b96a68ee44ffb7a58fe9137ed16bf40a670cf513c34564e44249","outcome":"success","request_id":"b9c9c75537d447f6869e018c13e8bfc8","resultcount":10,"search_ms":4.435}
{"backend_ms":6.979,"genid":"5eb4e43d9456b96a68ee44ffb7a58fe9137ed16bf40a670cf513c34564e44249","normalize_ms":0.3,"outcome":"success","request_id":"b9c9c75537d447f6869e018c13e8bfc8","responsebytes":5646,"resultcount":10}
{"backend_ms":14.555,"genid":"5eb4e43d9456b96a68ee44ffb7a58fe9137ed16bf40a670cf513c34564e44249","normalize_ms":0.167,"outcome":"success","request_id":"b9c9c75537d447f6869e018c13e8bfc8","responsebytes":454,"resultcount":1}
request_id=b9c9c75537d447f6869e018c13e8bfc8 route=/v1/places status=200 duration_ms=15.8
{"backend_ms":55.747,"genid":"5eb4e43d9456b96a68ee44ffb7a58fe9137ed16bf40a670cf513c34564e44249","normalize_ms":0.349,"outcome":"success","request_id":"ed00ed3078a54366b6ed23efc68610e4","responsebytes":5979,"resultcount":10}
request_id=ed00ed3078a54366b6ed23efc68610e4 route=/v1/places status=200 duration_ms=57.1
{"backend_ms":3.89,"genid":"5eb4e43d9456b96a68ee44ffb7a58fe9137ed16bf40a670cf513c34564e44249","normalize_ms":0.319,"outcome":"success","request_id":"77f718b657834efa882012faba1a9a53","responsebytes":5959,"resultcount":10}
request_id=77f718b657834efa882012faba1a9a53 route=/v1/places status=200 duration_ms=5.1
{"genid":"5eb4e43d9456b96a68ee44ffb7a58fe9137ed16bf40a670cf513c34564e44249","outcome":"success","request_id":"bbdeffcddbd64c6d8f151a61ea099729","resultcount":4,"search_ms":8.684}
request_id=bbdeffcddbd64c6d8f151a61ea099729 route=/v1/places status=200 duration_ms=9.9
{"backend_ms":13.326,"genid":"5eb4e43d9456b96a68ee44ffb7a58fe9137ed16bf40a670cf513c34564e44249","normalize_ms":0.335,"outcome":"success","request_id":"11a192624727497ca6ea0e42cf1e9e8d","responsebytes":6052,"resultcount":10}
request_id=11a192624727497ca6ea0e42cf1e9e8d route=/v1/places status=200 duration_ms=14.8
{"backend_ms":50.897,"genid":"5eb4e43d9456b96a68ee44ffb7a58fe9137ed16bf40a670cf513c34564e44249","normalize_ms":0.346,"outcome":"success","request_id":"138ff1b6cbaa4a6c886c5151acbbeeb4","responsebytes":6234,"resultcount":10}
request_id=138ff1b6cbaa4a6c886c5151acbbeeb4 route=/v1/places status=200 duration_ms=52.3
{"backend_ms":4.658,"genid":"5eb4e43d9456b96a68ee44ffb7a58fe9137ed16bf40a670cf513c34564e44249","normalize_ms":0.335,"outcome":"success","request_id":"9a527e0b4bd94c2b85f193b030878111","responsebytes":5641,"resultcount":10}
request_id=9a527e0b4bd94c2b85f193b030878111 route=/v1/places status=200 duration_ms=6.1
{"backend_ms":4.714,"genid":"5eb4e43d9456b96a68ee44ffb7a58fe9137ed16bf40a670cf513c34564e44249","normalize_ms":0.432,"outcome":"success","request_id":"d15008d382364c2e9f051a0fd07590d8","responsebytes":5940,"resultcount":10}
request_id=d15008d382364c2e9f051a0fd07590d8 route=/v1/places status=200 duration_ms=6.1
{"backend_ms":6.204,"genid":"5eb4e43d9456b96a68ee44ffb7a58fe9137ed16bf40a670cf513c34564e44249","normalize_ms":0.405,"outcome":"success","request_id":"9c2ac2db658d498e8762e6ba0436b41c","responsebytes":5766,"resultcount":10}
{"genid":"5eb4e43d9456b96a68ee44ffb7a58fe9137ed16bf40a670cf513c34564e44249","outcome":"success","request_id":"9c2ac2db658d498e8762e6ba0436b41c","resultcount":10,"search_ms":21.107}
{"backend_ms":24.3,"genid":"5eb4e43d9456b96a68ee44ffb7a58fe9137ed16bf40a670cf513c34564e44249","normalize_ms":0.514,"outcome":"success","request_id":"9c2ac2db658d498e8762e6ba0436b41c","responsebytes":3345,"resultcount":6}
request_id=9c2ac2db658d498e8762e6ba0436b41c route=/v1/places status=200 duration_ms=26.0
{"backend_ms":4.961,"genid":"5eb4e43d9456b96a68ee44ffb7a58fe9137ed16bf40a670cf513c34564e44249","normalize_ms":0.35,"outcome":"success","request_id":"017ad81a4c2b414e844eb136173c90e4","responsebytes":5272,"resultcount":10}
request_id=017ad81a4c2b414e844eb136173c90e4 route=/v1/places status=200 duration_ms=6.2
{"backend_ms":6.189,"genid":"5eb4e43d9456b96a68ee44ffb7a58fe9137ed16bf40a670cf513c34564e44249","normalize_ms":0.368,"outcome":"success","request_id":"1e3dda7673c14156b6454e581af355a6","responsebytes":6171,"resultcount":10}
request_id=1e3dda7673c14156b6454e581af355a6 route=/v1/places status=200 duration_ms=7.6
{"genid":"5eb4e43d9456b96a68ee44ffb7a58fe9137ed16bf40a670cf513c34564e44249","outcome":"success","request_id":"8d59933ba85e4b51aba8bd89a7eaccad","resultcount":10,"search_ms":2.554}
{"backend_ms":5.216,"genid":"5eb4e43d9456b96a68ee44ffb7a58fe9137ed16bf40a670cf513c34564e44249","normalize_ms":0.36,"outcome":"success","request_id":"8d59933ba85e4b51aba8bd89a7eaccad","responsebytes":5465,"resultcount":10}
{"backend_ms":20.578,"genid":"5eb4e43d9456b96a68ee44ffb7a58fe9137ed16bf40a670cf513c34564e44249","normalize_ms":0.376,"outcome":"success","request_id":"8d59933ba85e4b51aba8bd89a7eaccad","responsebytes":1210,"resultcount":3}
request_id=8d59933ba85e4b51aba8bd89a7eaccad route=/v1/places status=200 duration_ms=22.6
{"backend_ms":12.624,"genid":"5eb4e43d9456b96a68ee44ffb7a58fe9137ed16bf40a670cf513c34564e44249","normalize_ms":0.361,"outcome":"success","request_id":"8fb263f5119143faa7e505dca4c0f5c3","responsebytes":6001,"resultcount":10}
request_id=8fb263f5119143faa7e505dca4c0f5c3 route=/v1/places status=200 duration_ms=14.1
{"backend_ms":4.158,"genid":"5eb4e43d9456b96a68ee44ffb7a58fe9137ed16bf40a670cf513c34564e44249","normalize_ms":0.362,"outcome":"success","request_id":"d509f2847c984c77810a1f65a6538b6b","responsebytes":5664,"resultcount":10}
request_id=d509f2847c984c77810a1f65a6538b6b route=/v1/places status=200 duration_ms=5.5
{"genid":"5eb4e43d9456b96a68ee44ffb7a58fe9137ed16bf40a670cf513c34564e44249","outcome":"success","request_id":"40461dd3d04e4699ac04daf3ff2b9eaa","resultcount":1,"search_ms":5.773}
request_id=40461dd3d04e4699ac04daf3ff2b9eaa route=/v1/places status=200 duration_ms=6.8
{"genid":"5eb4e43d9456b96a68ee44ffb7a58fe9137ed16bf40a670cf513c34564e44249","outcome":"success","request_id":"dbf036c6d36f4dd19b5598147606a499","resultcount":3,"search_ms":2.671}
request_id=dbf036c6d36f4dd19b5598147606a499 route=/v1/places status=200 duration_ms=3.7
{"backend_ms":4.679,"genid":"5eb4e43d9456b96a68ee44ffb7a58fe9137ed16bf40a670cf513c34564e44249","normalize_ms":0.317,"outcome":"success","request_id":"436aafef30d546c5b2e9909a2df8b8f0","responsebytes":5555,"resultcount":10}
request_id=436aafef30d546c5b2e9909a2df8b8f0 route=/v1/places status=200 duration_ms=6.0
{"backend_ms":3.176,"genid":"5eb4e43d9456b96a68ee44ffb7a58fe9137ed16bf40a670cf513c34564e44249","normalize_ms":0.333,"outcome":"success","request_id":"6f08fe79b8184bdcbbb243915f94a9e1","responsebytes":5800,"resultcount":10}
request_id=6f08fe79b8184bdcbbb243915f94a9e1 route=/v1/places status=200 duration_ms=5.0
{"backend_ms":24.552,"genid":"5eb4e43d9456b96a68ee44ffb7a58fe9137ed16bf40a670cf513c34564e44249","normalize_ms":0.391,"outcome":"success","request_id":"8bbce3f2071b46c2a56aca12e90a61c7","responsebytes":5955,"resultcount":10}
request_id=8bbce3f2071b46c2a56aca12e90a61c7 route=/v1/places status=200 duration_ms=26.1
{"genid":"5eb4e43d9456b96a68ee44ffb7a58fe9137ed16bf40a670cf513c34564e44249","outcome":"success","request_id":"aa55bd74695b4b48a6229c7eecdd0d7b","resultcount":3,"search_ms":4.392}
request_id=aa55bd74695b4b48a6229c7eecdd0d7b route=/v1/places status=200 duration_ms=5.4
{"backend_ms":14.145,"genid":"5eb4e43d9456b96a68ee44ffb7a58fe9137ed16bf40a670cf513c34564e44249","normalize_ms":0.318,"outcome":"success","request_id":"e5bf7c736fee45c0b411c3ab0c075aed","responsebytes":5893,"resultcount":10}
request_id=e5bf7c736fee45c0b411c3ab0c075aed route=/v1/places status=200 duration_ms=15.4
{"genid":"5eb4e43d9456b96a68ee44ffb7a58fe9137ed16bf40a670cf513c34564e44249","outcome":"success","request_id":"41ccf66bb96342178fb653629382109f","resultcount":3,"search_ms":8.048}
request_id=41ccf66bb96342178fb653629382109f route=/v1/places status=200 duration_ms=9.1
{"backend_ms":4.648,"genid":"5eb4e43d9456b96a68ee44ffb7a58fe9137ed16bf40a670cf513c34564e44249","normalize_ms":0.344,"outcome":"success","request_id":"2708d20b36d648d0bc6f2743eb489ef6","responsebytes":6047,"resultcount":10}
request_id=2708d20b36d648d0bc6f2743eb489ef6 route=/v1/places status=200 duration_ms=6.0
{"backend_ms":4.185,"genid":"5eb4e43d9456b96a68ee44ffb7a58fe9137ed16bf40a670cf513c34564e44249","normalize_ms":0.41,"outcome":"success","request_id":"1edb9ff4b5794dbd9b68c350becb0edb","responsebytes":5578,"resultcount":10}
request_id=1edb9ff4b5794dbd9b68c350becb0edb route=/v1/places status=200 duration_ms=5.7
{"backend_ms":4.186,"genid":"5eb4e43d9456b96a68ee44ffb7a58fe9137ed16bf40a670cf513c34564e44249","normalize_ms":0.315,"outcome":"success","request_id":"1a5d60691381433e9ef42c8072fe2e5b","responsebytes":4166,"resultcount":10}
request_id=1a5d60691381433e9ef42c8072fe2e5b route=/v1/places status=200 duration_ms=5.6
{"backend_ms":12.025,"genid":"5eb4e43d9456b96a68ee44ffb7a58fe9137ed16bf40a670cf513c34564e44249","normalize_ms":0.37,"outcome":"success","request_id":"28a6f4e16cff4593bcea09a646fd0d58","responsebytes":4949,"resultcount":10}
request_id=28a6f4e16cff4593bcea09a646fd0d58 route=/v1/places status=200 duration_ms=13.4
{"backend_ms":3.704,"genid":"5eb4e43d9456b96a68ee44ffb7a58fe9137ed16bf40a670cf513c34564e44249","normalize_ms":0.355,"outcome":"success","request_id":"89a2cab8321a4bcab11c50de8c450ee5","responsebytes":6387,"resultcount":10}
request_id=89a2cab8321a4bcab11c50de8c450ee5 route=/v1/places status=200 duration_ms=4.9
{"backend_ms":19.139,"genid":"5eb4e43d9456b96a68ee44ffb7a58fe9137ed16bf40a670cf513c34564e44249","normalize_ms":0.331,"outcome":"success","request_id":"17fb12da23ed42db876bd6fd0ba6d2be","responsebytes":5991,"resultcount":10}
request_id=17fb12da23ed42db876bd6fd0ba6d2be route=/v1/places status=200 duration_ms=20.5
{"backend_ms":5.507,"genid":"5eb4e43d9456b96a68ee44ffb7a58fe9137ed16bf40a670cf513c34564e44249","normalize_ms":0.597,"outcome":"success","request_id":"2865406c05bf4b9aafc9ed40de581bd4","responsebytes":5655,"resultcount":10}
request_id=2865406c05bf4b9aafc9ed40de581bd4 route=/v1/places status=200 duration_ms=7.6
{"backend_ms":61.379,"genid":"5eb4e43d9456b96a68ee44ffb7a58fe9137ed16bf40a670cf513c34564e44249","normalize_ms":0.348,"outcome":"success","request_id":"91ebd52ae17b476d9c187fd651460d87","responsebytes":6418,"resultcount":10}
request_id=91ebd52ae17b476d9c187fd651460d87 route=/v1/places status=200 duration_ms=62.9
{"backend_ms":27.162,"genid":"5eb4e43d9456b96a68ee44ffb7a58fe9137ed16bf40a670cf513c34564e44249","normalize_ms":0.393,"outcome":"success","request_id":"62e3d2c86a2547e690597127965e7683","responsebytes":6583,"resultcount":10}
request_id=62e3d2c86a2547e690597127965e7683 route=/v1/places status=200 duration_ms=28.6
{"backend_ms":8.621,"genid":"5eb4e43d9456b96a68ee44ffb7a58fe9137ed16bf40a670cf513c34564e44249","normalize_ms":0.164,"outcome":"success","request_id":"219ad8a0f16a4d04a223d1e1331d6df2","responsebytes":381,"resultcount":1}
request_id=219ad8a0f16a4d04a223d1e1331d6df2 route=/v1/places status=200 duration_ms=9.6
{"backend_ms":5.935,"genid":"5eb4e43d9456b96a68ee44ffb7a58fe9137ed16bf40a670cf513c34564e44249","normalize_ms":0.341,"outcome":"success","request_id":"3c009077d44a4ef5852a6b0d9c2a81f3","responsebytes":6257,"resultcount":10}
request_id=3c009077d44a4ef5852a6b0d9c2a81f3 route=/v1/places status=200 duration_ms=7.3
{"backend_ms":13.581,"genid":"5eb4e43d9456b96a68ee44ffb7a58fe9137ed16bf40a670cf513c34564e44249","normalize_ms":0.321,"outcome":"success","request_id":"083fe64776e14f7198d72d91d97bf5e8","responsebytes":6426,"resultcount":10}
request_id=083fe64776e14f7198d72d91d97bf5e8 route=/v1/places status=200 duration_ms=14.9
{"backend_ms":11.159,"genid":"5eb4e43d9456b96a68ee44ffb7a58fe9137ed16bf40a670cf513c34564e44249","normalize_ms":0.33,"outcome":"success","request_id":"5fee10f2a30d4fa984b4f7ecde7b4f4f","responsebytes":5871,"resultcount":10}
request_id=5fee10f2a30d4fa984b4f7ecde7b4f4f route=/v1/places status=200 duration_ms=12.5
{"backend_ms":3.6,"genid":"5eb4e43d9456b96a68ee44ffb7a58fe9137ed16bf40a670cf513c34564e44249","normalize_ms":0.312,"outcome":"success","request_id":"1e7b2e1d4794453884cd4d0cd8f30092","responsebytes":5999,"resultcount":10}
request_id=1e7b2e1d4794453884cd4d0cd8f30092 route=/v1/places status=200 duration_ms=4.8
{"backend_ms":4.47,"genid":"5eb4e43d9456b96a68ee44ffb7a58fe9137ed16bf40a670cf513c34564e44249","normalize_ms":0.34,"outcome":"success","request_id":"0da559d41b89445cb0439b53d06beba6","responsebytes":6210,"resultcount":10}
request_id=0da559d41b89445cb0439b53d06beba6 route=/v1/places status=200 duration_ms=5.8
{"backend_ms":29.119,"genid":"5eb4e43d9456b96a68ee44ffb7a58fe9137ed16bf40a670cf513c34564e44249","normalize_ms":0.33,"outcome":"success","request_id":"f2442a4deaf24657bf5ee5a615b73c8d","responsebytes":6513,"resultcount":10}
request_id=f2442a4deaf24657bf5ee5a615b73c8d route=/v1/places status=200 duration_ms=30.4
{"genid":"5eb4e43d9456b96a68ee44ffb7a58fe9137ed16bf40a670cf513c34564e44249","outcome":"success","request_id":"63945936cb284923b7683b91dcb57bd5","resultcount":10,"search_ms":31.701}
request_id=63945936cb284923b7683b91dcb57bd5 route=/v1/places status=200 duration_ms=32.9
{"backend_ms":10.385,"genid":"5eb4e43d9456b96a68ee44ffb7a58fe9137ed16bf40a670cf513c34564e44249","normalize_ms":0.17,"outcome":"success","request_id":"b7fc5169e8b143cdba8e5c1655c59fb7","responsebytes":358,"resultcount":1}
request_id=b7fc5169e8b143cdba8e5c1655c59fb7 route=/v1/places status=200 duration_ms=11.3
{"genid":"5eb4e43d9456b96a68ee44ffb7a58fe9137ed16bf40a670cf513c34564e44249","outcome":"success","request_id":"9ac72107a0fc4b19ba771a267dc11bd0","resultcount":10,"search_ms":1.586}
request_id=9ac72107a0fc4b19ba771a267dc11bd0 route=/v1/places status=200 duration_ms=2.7
{"backend_ms":7.615,"genid":"5eb4e43d9456b96a68ee44ffb7a58fe9137ed16bf40a670cf513c34564e44249","normalize_ms":0.172,"outcome":"success","request_id":"24ca15e28dda4c778c00fb781b8ae092","responsebytes":384,"resultcount":1}
request_id=24ca15e28dda4c778c00fb781b8ae092 route=/v1/places status=200 duration_ms=8.5
{"genid":"5eb4e43d9456b96a68ee44ffb7a58fe9137ed16bf40a670cf513c34564e44249","outcome":"success","request_id":"534c3109678f4c0b9b6186a2487b776e","resultcount":6,"search_ms":0.971}
request_id=534c3109678f4c0b9b6186a2487b776e route=/v1/places status=200 duration_ms=1.9
{"genid":"5eb4e43d9456b96a68ee44ffb7a58fe9137ed16bf40a670cf513c34564e44249","outcome":"validempty","request_id":"0eebc3fd39d1486bb16c6d49edb48b31","resultcount":0,"search_ms":3.821}
{"backend_ms":4.776,"genid":"5eb4e43d9456b96a68ee44ffb7a58fe9137ed16bf40a670cf513c34564e44249","normalize_ms":0.367,"outcome":"success","request_id":"0eebc3fd39d1486bb16c6d49edb48b31","responsebytes":5869,"resultcount":10}
{"backend_ms":16.756,"genid":"5eb4e43d9456b96a68ee44ffb7a58fe9137ed16bf40a670cf513c34564e44249","normalize_ms":0.02,"outcome":"validempty","request_id":"0eebc3fd39d1486bb16c6d49edb48b31","responsebytes":42,"resultcount":0}
request_id=0eebc3fd39d1486bb16c6d49edb48b31 route=/v1/places status=200 duration_ms=17.8
{"genid":"5eb4e43d9456b96a68ee44ffb7a58fe9137ed16bf40a670cf513c34564e44249","outcome":"success","request_id":"e1de934f87be4c34b67b57b3fa3ef260","resultcount":10,"search_ms":9.832}
{"backend_ms":10.99,"genid":"5eb4e43d9456b96a68ee44ffb7a58fe9137ed16bf40a670cf513c34564e44249","normalize_ms":0.334,"outcome":"success","request_id":"e1de934f87be4c34b67b57b3fa3ef260","responsebytes":5786,"resultcount":10}
{"backend_ms":13.721,"genid":"5eb4e43d9456b96a68ee44ffb7a58fe9137ed16bf40a670cf513c34564e44249","normalize_ms":0.381,"outcome":"success","request_id":"e1de934f87be4c34b67b57b3fa3ef260","responsebytes":2030,"resultcount":4}
request_id=e1de934f87be4c34b67b57b3fa3ef260 route=/v1/places status=200 duration_ms=15.3
{"genid":"5eb4e43d9456b96a68ee44ffb7a58fe9137ed16bf40a670cf513c34564e44249","outcome":"success","request_id":"9c24594fcea54eee96d60ce7f4bef35d","resultcount":10,"search_ms":4.68}
request_id=9c24594fcea54eee96d60ce7f4bef35d route=/v1/places status=200 duration_ms=5.7
{"genid":"5eb4e43d9456b96a68ee44ffb7a58fe9137ed16bf40a670cf513c34564e44249","outcome":"success","request_id":"c75a1444573a46708914674083ec57ef","resultcount":10,"search_ms":7.916}
{"backend_ms":10.657,"genid":"5eb4e43d9456b96a68ee44ffb7a58fe9137ed16bf40a670cf513c34564e44249","normalize_ms":0.407,"outcome":"success","request_id":"c75a1444573a46708914674083ec57ef","responsebytes":2218,"resultcount":5}
{"backend_ms":10.851,"genid":"5eb4e43d9456b96a68ee44ffb7a58fe9137ed16bf40a670cf513c34564e44249","normalize_ms":0.305,"outcome":"success","request_id":"c75a1444573a46708914674083ec57ef","responsebytes":5834,"resultcount":10}
request_id=c75a1444573a46708914674083ec57ef route=/v1/places status=200 duration_ms=13.4
{"backend_ms":71.452,"genid":"5eb4e43d9456b96a68ee44ffb7a58fe9137ed16bf40a670cf513c34564e44249","normalize_ms":0.355,"outcome":"success","request_id":"7dbc2488e505424daa65ee429536125c","responsebytes":5598,"resultcount":10}
request_id=7dbc2488e505424daa65ee429536125c route=/v1/places status=200 duration_ms=72.8
{"backend_ms":4.06,"genid":"5eb4e43d9456b96a68ee44ffb7a58fe9137ed16bf40a670cf513c34564e44249","normalize_ms":0.323,"outcome":"success","request_id":"6587cdd545e94c00a4b23fd1807599c3","responsebytes":5590,"resultcount":10}
request_id=6587cdd545e94c00a4b23fd1807599c3 route=/v1/places status=200 duration_ms=5.5
{"backend_ms":6.777,"genid":"5eb4e43d9456b96a68ee44ffb7a58fe9137ed16bf40a670cf513c34564e44249","normalize_ms":0.305,"outcome":"success","request_id":"5f34a7406f884ddf889a6366f6ce76d7","responsebytes":5246,"resultcount":10}
request_id=5f34a7406f884ddf889a6366f6ce76d7 route=/v1/places status=200 duration_ms=8.0
{"backend_ms":11.419,"genid":"5eb4e43d9456b96a68ee44ffb7a58fe9137ed16bf40a670cf513c34564e44249","normalize_ms":0.376,"outcome":"success","request_id":"8fea51e131d34310b243ddd4fac1cd7b","responsebytes":6600,"resultcount":10}
request_id=8fea51e131d34310b243ddd4fac1cd7b route=/v1/places status=200 duration_ms=12.8
{"backend_ms":11.655,"genid":"5eb4e43d9456b96a68ee44ffb7a58fe9137ed16bf40a670cf513c34564e44249","normalize_ms":0.336,"outcome":"success","request_id":"d851dadd6c0e46c19d262280f196c58b","responsebytes":5887,"resultcount":10}
request_id=d851dadd6c0e46c19d262280f196c58b route=/v1/places status=200 duration_ms=13.0
{"genid":"5eb4e43d9456b96a68ee44ffb7a58fe9137ed16bf40a670cf513c34564e44249","outcome":"success","request_id":"f17735e850164e16b7dd0e633c944f2f","resultcount":9,"search_ms":5.322}
request_id=f17735e850164e16b7dd0e633c944f2f route=/v1/places status=200 duration_ms=6.5
{"genid":"5eb4e43d9456b96a68ee44ffb7a58fe9137ed16bf40a670cf513c34564e44249","outcome":"success","request_id":"bcaf8d4e17884bf9af07d28b0b499525","resultcount":5,"search_ms":5.021}
request_id=bcaf8d4e17884bf9af07d28b0b499525 route=/v1/places status=200 duration_ms=6.0
{"backend_ms":4.219,"genid":"5eb4e43d9456b96a68ee44ffb7a58fe9137ed16bf40a670cf513c34564e44249","normalize_ms":0.334,"outcome":"success","request_id":"8dca3d2ca9d44eb1a7a6bc08c3a3b0fd","responsebytes":5809,"resultcount":10}
request_id=8dca3d2ca9d44eb1a7a6bc08c3a3b0fd route=/v1/places status=200 duration_ms=5.5
{"backend_ms":4.492,"genid":"5eb4e43d9456b96a68ee44ffb7a58fe9137ed16bf40a670cf513c34564e44249","normalize_ms":0.311,"outcome":"success","request_id":"7cc24901410b44649939463b7449d0b7","responsebytes":5834,"resultcount":10}
request_id=7cc24901410b44649939463b7449d0b7 route=/v1/places status=200 duration_ms=5.7
{"backend_ms":41.298,"genid":"5eb4e43d9456b96a68ee44ffb7a58fe9137ed16bf40a670cf513c34564e44249","normalize_ms":0.343,"outcome":"success","request_id":"32c3ace5f9404246a5cb93cd70a84152","responsebytes":6327,"resultcount":10}
request_id=32c3ace5f9404246a5cb93cd70a84152 route=/v1/places status=200 duration_ms=42.7
{"backend_ms":3.373,"genid":"5eb4e43d9456b96a68ee44ffb7a58fe9137ed16bf40a670cf513c34564e44249","normalize_ms":0.324,"outcome":"success","request_id":"6ba7a46f87ef4a788b4053b0b48ff7a7","responsebytes":5528,"resultcount":10}
request_id=6ba7a46f87ef4a788b4053b0b48ff7a7 route=/v1/places status=200 duration_ms=4.6
{"backend_ms":3.834,"genid":"5eb4e43d9456b96a68ee44ffb7a58fe9137ed16bf40a670cf513c34564e44249","normalize_ms":0.326,"outcome":"success","request_id":"78dbcbda99fb4fc98baf7fdfb97ebef2","responsebytes":4458,"resultcount":10}
request_id=78dbcbda99fb4fc98baf7fdfb97ebef2 route=/v1/places status=200 duration_ms=5.2
{"genid":"5eb4e43d9456b96a68ee44ffb7a58fe9137ed16bf40a670cf513c34564e44249","outcome":"success","request_id":"987e3ea978574fdfb1cc1e1842e85255","resultcount":5,"search_ms":5.512}
request_id=987e3ea978574fdfb1cc1e1842e85255 route=/v1/places status=200 duration_ms=6.6
{"genid":"5eb4e43d9456b96a68ee44ffb7a58fe9137ed16bf40a670cf513c34564e44249","outcome":"success","request_id":"cc6c62c60ddc4e939b8f04e9ea2404a5","resultcount":1,"search_ms":3.282}
request_id=cc6c62c60ddc4e939b8f04e9ea2404a5 route=/v1/places status=200 duration_ms=4.3
{"backend_ms":3.526,"genid":"5eb4e43d9456b96a68ee44ffb7a58fe9137ed16bf40a670cf513c34564e44249","normalize_ms":0.204,"outcome":"success","request_id":"88e2ccb73c27430f89fd9389c0628bad","responsebytes":3306,"resultcount":5}
request_id=88e2ccb73c27430f89fd9389c0628bad route=/v1/places status=200 duration_ms=4.5
{"backend_ms":3.566,"genid":"5eb4e43d9456b96a68ee44ffb7a58fe9137ed16bf40a670cf513c34564e44249","normalize_ms":0.293,"outcome":"success","request_id":"50a8c8e52e514e259bb9603b89122c73","responsebytes":5517,"resultcount":10}
request_id=50a8c8e52e514e259bb9603b89122c73 route=/v1/places status=200 duration_ms=4.7
{"backend_ms":3.798,"genid":"5eb4e43d9456b96a68ee44ffb7a58fe9137ed16bf40a670cf513c34564e44249","normalize_ms":0.363,"outcome":"success","request_id":"9c983ba067a845c9bc776baa4dd7fa95","responsebytes":5782,"resultcount":10}
request_id=9c983ba067a845c9bc776baa4dd7fa95 route=/v1/places status=200 duration_ms=5.3
{"backend_ms":3.03,"genid":"5eb4e43d9456b96a68ee44ffb7a58fe9137ed16bf40a670cf513c34564e44249","normalize_ms":0.329,"outcome":"success","request_id":"4ffe71a33be7405daa3d7d3f654e804b","responsebytes":5662,"resultcount":10}
request_id=4ffe71a33be7405daa3d7d3f654e804b route=/v1/places status=200 duration_ms=4.2
{"genid":"5eb4e43d9456b96a68ee44ffb7a58fe9137ed16bf40a670cf513c34564e44249","outcome":"success","request_id":"25924413543b4b7e8074cb8b5e0bab82","resultcount":10,"search_ms":9.469}
{"backend_ms":11.547,"genid":"5eb4e43d9456b96a68ee44ffb7a58fe9137ed16bf40a670cf513c34564e44249","normalize_ms":0.598,"outcome":"success","request_id":"25924413543b4b7e8074cb8b5e0bab82","responsebytes":3460,"resultcount":8}
{"backend_ms":11.962,"genid":"5eb4e43d9456b96a68ee44ffb7a58fe9137ed16bf40a670cf513c34564e44249","normalize_ms":0.317,"outcome":"success","request_id":"25924413543b4b7e8074cb8b5e0bab82","responsebytes":6667,"resultcount":10}
request_id=25924413543b4b7e8074cb8b5e0bab82 route=/v1/places status=200 duration_ms=14.3
{"backend_ms":10.319,"genid":"5eb4e43d9456b96a68ee44ffb7a58fe9137ed16bf40a670cf513c34564e44249","normalize_ms":0.315,"outcome":"success","request_id":"d2526327601a461390243de46325dfd4","responsebytes":5761,"resultcount":10}
request_id=d2526327601a461390243de46325dfd4 route=/v1/places status=200 duration_ms=11.6
{"backend_ms":8.98,"genid":"5eb4e43d9456b96a68ee44ffb7a58fe9137ed16bf40a670cf513c34564e44249","normalize_ms":0.343,"outcome":"success","request_id":"786d262488c4475cb9d18184834318bb","responsebytes":1349,"resultcount":4}
request_id=786d262488c4475cb9d18184834318bb route=/v1/places status=200 duration_ms=10.2
{"backend_ms":3.405,"genid":"5eb4e43d9456b96a68ee44ffb7a58fe9137ed16bf40a670cf513c34564e44249","normalize_ms":0.162,"outcome":"success","request_id":"2d8fff74f0334a30b4ae883975af282e","responsebytes":2273,"resultcount":4}
request_id=2d8fff74f0334a30b4ae883975af282e route=/v1/places status=200 duration_ms=4.3
{"backend_ms":11.307,"genid":"5eb4e43d9456b96a68ee44ffb7a58fe9137ed16bf40a670cf513c34564e44249","normalize_ms":0.329,"outcome":"success","request_id":"d9b6be812e4943c18b1df4d7106d9bdd","responsebytes":6508,"resultcount":10}
request_id=d9b6be812e4943c18b1df4d7106d9bdd route=/v1/places status=200 duration_ms=12.6
{"backend_ms":11.303,"genid":"5eb4e43d9456b96a68ee44ffb7a58fe9137ed16bf40a670cf513c34564e44249","normalize_ms":0.4,"outcome":"success","request_id":"fc96b96155ce41f5afd52c017f2659ef","responsebytes":6062,"resultcount":10}
request_id=fc96b96155ce41f5afd52c017f2659ef route=/v1/places status=200 duration_ms=12.7
